market_name,fixture_count,num_outcomes,num_specifiers,min_true_prob,max_true_prob,specifier_examples
1X2,4086,3,1,0.004,0.9687,
Over/Under,4003,30,15,0.0231,0.9769,"total=1,total=2,total=3,total=4,total=5,total=0.5,total=1.5,total=2.5,total=3.5,total=4.5,total=5.5,total=6,total=6.5,total=7,total=7.5"
Double Chance,3981,3,1,0.0316,0.9879,
Draw No Bet,3975,2,1,0.0067,0.9851,
Odd/Even,3927,2,1,0.452,0.548,
Handicap,3841,79,34,0.0021,0.9849,"hcp=0:1,hcp=0:2,hcp=0:3,hcp=1:0,hcp=2:0,hcp=3:0,hcp=-1.5,hcp=-0.5,hcp=-1,hcp=0,hcp=1,hcp=0.5,hcp=1.5,hcp=4:0,hcp=2,hcp=2.5,hcp=0:4,hcp=0:5,hcp=-2.5,hcp=-3,hcp=-2,hcp=-3.5,hcp=5:0,hcp=3,hcp=4,hcp=5,hcp=3.5,hcp=4.5,hcp=-4.5,hcp=0:6,hcp=-4,hcp=-5.5,hcp=5.5,hcp=-5"
Correct Score,3581,26,1,0.0,0.6209,
Excluded Goals,3581,6,1,0.3165,0.9788,
Goal Bounds,3581,20,1,0.0047,0.9788,
Away Team Clean Sheet,3467,2,1,0.0086,0.9817,
Home Team Clean Sheet,3466,2,1,0.0106,0.985,
GG/NG 2+,3465,2,1,0.0269,0.9731,
GG/NG,3445,2,1,0.1417,0.8583,
Home O/U,3407,12,6,0.0003,0.9756,"total=0.5,total=1.5,total=2.5,total=3.5,total=4.5,total=5.5"
Away O/U,3405,12,6,0.0014,0.9756,"total=0.5,total=1.5,total=2.5,total=3.5,total=4.5,total=5.5"
Which Team To Score,3211,4,1,0.0065,0.8147,
2nd Half - 1X2,3110,3,1,0.0077,0.9122,
2nd Half - Draw No Bet,3110,2,1,0.0136,0.9852,
Highest Scoring Half,3110,3,1,0.171,0.5227,
1st Half - Draw No Bet,3109,2,1,0.0148,0.9852,
1st Half - 1X2,3107,3,1,0.012,0.8717,
1st Half - Odd/Even,3107,2,1,0.3763,0.6237,
2nd Half - Odd/Even,3107,2,1,0.4263,0.5737,
Halftime/Fulltime,3107,9,1,0.0002,0.8668,
1st Half - Over/Under,3105,14,7,0.0245,0.9755,"total=1,total=2,total=0.5,total=1.5,total=2.5,total=3,total=3.5"
2nd Half - Double Chance,3105,3,1,0.0853,0.9861,
1st Half - Handicap,3101,40,17,0.0049,0.9629,"hcp=0:1,hcp=1:0,hcp=2:0,hcp=-0.5,hcp=0,hcp=1,hcp=0.5,hcp=-1,hcp=0:2,hcp=-1.5,hcp=1.5,hcp=3:0,hcp=2,hcp=2.5,hcp=-2,hcp=0:3,hcp=-2.5"
2nd Half - Total,3101,18,9,0.0351,0.9649,"total=1,total=2,total=3,total=0.5,total=1.5,total=2.5,total=3.5,total=4,total=4.5"
2nd Half - Handicap,3098,24,12,0.0185,0.9797,"hcp=-0.5,hcp=0,hcp=1,hcp=0.5,hcp=-1,hcp=-1.5,hcp=1.5,hcp=2,hcp=2.5,hcp=-2,hcp=-2.5,hcp=3.5"
1st Half - Double Chance,3086,3,1,0.1686,0.969,
1st Half - GG/NG,3086,2,1,0.084,0.916,
2nd Half - GG/NG,3086,2,1,0.1055,0.8945,
Away To Score In Both Halves,3085,2,1,0.0182,0.9818,
Home To Score In Both Halves,3084,2,1,0.0225,0.9698,
1st Half - Exact Goals,2999,5,2,0.0405,0.7408,"variant=sr:exact_goals:3+,variant=sr:exact_goals:2+"
2nd Half - Exact Goals,2999,3,1,0.0456,0.8236,variant=sr:exact_goals:2+
Both Halves Over X.5,2999,2,1,0.0422,0.9578,total=1.5
Both Halves Under X.5,2999,2,1,0.0494,0.9506,total=1.5
Away Highest Scoring Half,2975,3,1,0.1015,0.7674,
Home Highest Scoring Half,2975,3,1,0.125,0.7016,
Away Team Exact Goals,2838,4,1,0.0031,0.752,variant=sr:exact_goals:3+
Home Team Exact Goals,2837,4,1,0.0116,0.7867,variant=sr:exact_goals:3+
Excluded Goals - Away,2807,4,1,0.3014,0.9788,
Excluded Goals - Home,2807,4,1,0.2891,0.9775,
Goal Bounds - Away,2807,9,1,0.0064,0.9788,
Goal Bounds - Home,2807,9,1,0.0116,0.9775,
1st Half - Away Clean Sheet,2711,2,1,0.1302,0.8698,
1st Half - Home Clean Sheet,2711,2,1,0.1178,0.8822,
2nd Half - Away Clean Sheet,2711,2,1,0.0696,0.9304,
2nd Half - Home Clean Sheet,2711,2,1,0.0684,0.9316,
2nd Half - Correct Score,2620,10,1,0.0004,0.5345,
2nd Half - Handicap X:Y,2615,18,6,0.008,0.9369,"hcp=0:1,hcp=1:0,hcp=2:0,hcp=0:2,hcp=0:3,hcp=3:0"
1st Half - Correct Score,2578,10,1,0.0003,0.4869,
Excluded Goals - 1st Half,2578,4,1,0.5131,0.9595,
Goal Bounds - 1st Half,2578,9,1,0.0405,0.9595,
2nd Half Home Total Odd/Even,2495,2,1,0.1398,0.8602,
HT Home Total Odd/Even,2494,2,1,0.111,0.889,
2nd Half Away Total Odd/Even,2493,2,1,0.1317,0.8683,
HT Away Total Odd/Even,2493,2,1,0.0989,0.9011,
HT Home to Win to Nil Yes/No,2493,2,1,0.0129,0.9657,
HT Away to Win to Nil Yes/No,2492,2,1,0.015,0.9673,
2nd Half Home to Win to Nil Y/N,2490,2,1,0.0101,0.9678,
1st Half - Home O/U,2334,6,3,0.0022,0.9869,"total=0.5,total=1.5,total=2.5"
1st Half - Away O/U,2333,6,3,0.0068,0.9907,"total=0.5,total=1.5,total=2.5"
2nd Half - Home Team Total,2332,6,3,0.0036,0.9907,"total=0.5,total=1.5,total=2.5"
2nd Half - Away Team Total,2331,8,4,0.0093,0.9869,"total=0.5,total=1.5,total=2.5,total=3.5"
2nd Half Away to Win to Nil Y/N,2222,2,1,0.0133,0.9678,
1X2 & GG/NG,2201,6,1,0.0019,0.7326,
1X2 & Over/Under,2201,48,8,0.0001,0.9194,"total=1.5,total=2.5,total=3.5,total=4.5,total=5.5,total=6.5,total=7.5,total=8.5"
Double Chance & GG/NG,2201,6,1,0.0145,0.745,
Over/Under & GG/NG,2201,20,5,0.0026,0.7677,"total=2.5,total=3.5,total=4.5,total=5.5,total=6.5"
Away Team Win To Nil,2198,2,1,0.0105,0.9895,
Home Team Win To Nil,2196,2,1,0.0028,0.9884,
Winning Margin,2153,7,1,0.0001,0.8524,variant=sr:winning_margin:3+
Multigoals,2152,17,1,0.0019,0.9178,
Home To Win Both Halves,2138,2,1,0.0006,0.9895,
1st/2nd Half GG/NG,2108,4,1,0.0106,0.7983,
Away To Win Both Halves,2050,2,1,0.0093,0.9895,
Away No Bet,1838,2,1,0.0259,0.9741,
Home No Bet,1838,2,1,0.0293,0.939,
Double Chance & Total,1836,30,5,0.0012,0.9472,"total=1.5,total=2.5,total=3.5,total=4.5,total=5.5"
Away Team Odd/Even,1826,2,1,0.2512,0.7488,
Home Team Odd/Even,1826,2,1,0.2915,0.7085,
Away To Win Either Half,1805,2,1,0.0202,0.955,
Home To Win Either Half,1805,2,1,0.0252,0.9748,
1st Half - 1X2 & GG/NG,1797,6,1,0.0022,0.7552,
1st Half - 1X2 & Total,1795,42,7,0.0001,0.6651,"total=1.5,total=2.5,total=3.5,total=4.5,total=5.5,total=6.5,total=7.5"
1st Half - DC & GG/NG,1795,6,1,0.0277,0.8587,
2nd Half - 1X2 & GG/NG,1795,6,1,0.0054,0.6887,
2nd Half - 1X2 & Total,1795,45,8,0.0001,0.7327,"total=1.5,total=2.5,total=3.5,total=4.5,total=5.5,total=6.5,total=7.5,total=8.5"
2nd Half - DC & GG/NG,1795,6,1,0.0428,0.8207,
Away Team Or Over X.5,1774,2,1,0.055,0.945,total=2.5
Away Team Or Under X.5,1774,2,1,0.0259,0.9741,total=2.5
Draw Or Over X.5,1774,2,1,0.0787,0.9213,total=2.5
Draw Or Under X.5,1774,2,1,0.1403,0.8597,total=2.5
Home Team Or Over X.5,1774,2,1,0.0252,0.9748,total=2.5
Multiscores,1773,11,1,0.0,0.4554,
Home Team Or Under X.5,1772,2,1,0.0132,0.9868,total=2.5
Away Or Any Clean Sheet,1766,2,1,0.0611,0.9389,
Away Team Multigoals,1766,5,1,0.0005,0.7302,
Away Team Or GG/NG,1766,2,1,0.0282,0.9718,
Draw Or Any Clean Sheet,1766,2,1,0.157,0.843,
Draw Or GG/NG,1766,2,1,0.1718,0.8282,
Home Or Any Clean Sheet,1766,2,1,0.0452,0.9548,
Home Team Or GG/NG,1766,2,1,0.0237,0.9763,
Home Team Multigoals,1765,5,1,0.002,0.7295,
Over/Under - Early Goals,1764,3,3,0.1114,0.9241,"minsnr=10|total=1.5,minsnr=30|total=2.5,minsnr=50|total=3.5"
No Draw Both Teams To Score Y/N,1755,2,1,0.1699,0.8301,
HT/FT & Exact Goals,1743,34606,1,0.0,0.4999,
Halftime/fulltime correct score,1743,46,1,0.0,0.2029,
1st Half - Multigoals,1742,5,1,0.0074,0.733,
2nd Half - Multigoals,1742,5,1,0.0149,0.7298,
HT/FT & 1st Half Total,1742,48,3,0.0001,0.7981,"total=0.5,total=1.5,total=2.5"
Halftime/Fulltime & Total,1742,66,4,0.0002,0.7723,"total=1.5,total=2.5,total=3.5,total=4.5"
1st H Res Or Match Res,1735,3,1,0.0399,0.9368,
DC & 1st Half Both Teams Score,1735,6,1,0.013,0.8748,
DC & 2nd Half Both Teams Score,1735,6,1,0.0176,0.8388,
Double Chance - 1UP,1734,2,1,0.1409,0.9844,
1X2 - Never Down,1733,3,1,0.0048,0.9118,
1X2 - 1UP,1728,3,1,0.0567,0.9434,
1X2 - 2UP,1728,3,1,0.025,0.9194,
Any Team To Score 2 or More Goals in a Row,1728,2,1,0.1498,0.8502,
Any Team To Score 3 or More Goals in a Row,1728,2,1,0.0763,0.9237,
Any Team to lead by 1 Goal,1728,2,1,0.0074,0.9801,
Any Team to lead by 2 Goals,1728,2,1,0.182,0.818,
Any Team to lead by 3 Goals,1728,2,1,0.0661,0.9339,
Away Team To Score 2 or More Goals in a Row,1728,2,1,0.03,0.97,
Away Team To Score 3 or More Goals in a Row,1728,2,1,0.0022,0.9832,
Away Team to lead by 1 Goal,1728,2,1,0.0851,0.9149,
Away Team to lead by 2 Goals,1728,2,1,0.0116,0.9801,
Away Team to lead by 3 Goals,1728,2,1,0.001,0.9802,
Home Team To Score 2 or More Goals in a Row,1728,2,1,0.0358,0.9642,
Home Team To Score 3 or More Goals in a Row,1728,2,1,0.003,0.983,
Home Team to lead by 1 Goal,1728,2,1,0.0566,0.9434,
Home Team to lead by 2 Goals,1728,2,1,0.0156,0.9746,
Home Team to lead by 3 Goals,1728,2,1,0.0016,0.9803,
2nd Half DC and Over/Under,1590,18,3,0.0047,0.7657,"total=1.5,total=2.5,total=3.5"
HT DC and Over/Under,1589,12,2,0.0113,0.6867,"total=1.5,total=2.5"
GG in Both Halves Yes/No,1567,2,1,0.0124,0.9796,
Next Goal,1335,3,1,0.0083,0.9279,goalnr=1
1st Half - Next Goal,1219,3,1,0.0855,0.7556,goalnr=1
2nd Half - Xth Goal,1219,3,1,0.0673,0.784,goalnr=1
10 Minutes - 1X2,1143,3,1,0.0192,0.8779,from=1|to=10
Last Goal,1143,3,1,0.0104,0.9154,
Xth Goal Scored (10 Min),1143,10,1,0.0095,0.3327,goalnr=1
Xth Goal Scored (15 Min),1143,7,1,0.0105,0.4698,goalnr=1
Xth Goal & 1X2,1142,7,1,0.0014,0.9087,goalnr=1
Exact Goals,954,7,1,0.0081,0.3765,variant=sr:exact_goals:6+
Goal Range,949,4,1,0.0019,0.4974,variant=sr:goal_range:7+
Match Result after X Minutes,697,3,15,0.0166,0.9202,"minute=5,minute=15,minute=20,minute=25,minute=30,minute=35,minute=40,minute=50,minute=55,minute=60,minute=65,minute=70,minute=75,minute=80,minute=85"
2nd Half Away to Score Yes/No,671,2,1,0.0551,0.9449,
2nd Half Home to Score Yes/No,670,2,1,0.061,0.939,
HT Home Team To Score Yes/No,670,2,1,0.1176,0.8824,
HT Away Team to Score Yes/No,669,2,1,0.1157,0.8843,
Correct score [x:y],637,28,1,0.0,0.1722,score=0:0
Home Team Total Corners,624,22,11,0.074,0.926,"total=1.5,total=2.5,total=3.5,total=4.5,total=5.5,total=6.5,total=7.5,total=8.5,total=9.5,total=0.5,total=10.5"
1st Half - Away Total Corners,618,12,6,0.005,0.9778,"total=0.5,total=1.5,total=2.5,total=3.5,total=4.5,total=5.5"
1st Half - Home Total Corners,618,14,7,0.008,0.9698,"total=0.5,total=1.5,total=2.5,total=3.5,total=4.5,total=5.5,total=6.5"
Away Team Total Corners,618,22,11,0.0619,0.9381,"total=2.5,total=3.5,total=4.5,total=5.5,total=6.5,total=7.5,total=0.5,total=1.5,total=8.5,total=9.5,total=10.5"
Total Goals from 1 to X min,507,14,82,0.0002,0.9804,"minute=5|total=0.5,minute=5|total=1.5,minute=10|total=0.5,minute=10|total=1.5,minute=10|total=2.5,minute=15|total=0.5,minute=15|total=1.5,minute=15|total=2.5,minute=20|total=0.5,minute=20|total=1.5,minute=20|total=2.5,minute=20|total=3.5,minute=25|total=0.5,minute=25|total=1.5,minute=25|total=2.5,minute=25|total=3.5,minute=30|total=0.5,minute=30|total=1.5,minute=30|total=2.5,minute=30|total=3.5,minute=30|total=4.5,minute=35|total=0.5,minute=35|total=1.5,minute=35|total=2.5,minute=35|total=3.5,minute=35|total=4.5,minute=40|total=0.5,minute=40|total=1.5,minute=40|total=2.5,minute=40|total=3.5,minute=40|total=4.5,minute=50|total=0.5,minute=50|total=1.5,minute=50|total=2.5,minute=50|total=3.5,minute=50|total=4.5,minute=55|total=0.5,minute=55|total=1.5,minute=55|total=2.5,minute=55|total=3.5,minute=55|total=4.5,minute=60|total=0.5,minute=60|total=1.5,minute=60|total=2.5,minute=60|total=3.5,minute=60|total=4.5,minute=65|total=0.5,minute=65|total=1.5,minute=65|total=2.5,minute=65|total=3.5,minute=65|total=4.5,minute=70|total=0.5,minute=70|total=1.5,minute=70|total=2.5,minute=70|total=3.5,minute=70|total=4.5,minute=75|total=0.5,minute=75|total=1.5,minute=75|total=2.5,minute=75|total=3.5,minute=75|total=4.5,minute=80|total=0.5,minute=80|total=1.5,minute=80|total=2.5,minute=80|total=3.5,minute=80|total=4.5,minute=85|total=0.5,minute=85|total=1.5,minute=85|total=2.5,minute=85|total=3.5,minute=85|total=4.5,minute=75|total=5.5,minute=80|total=5.5,minute=85|total=5.5,minute=50|total=5.5,minute=55|total=5.5,minute=70|total=5.5,minute=60|total=5.5,minute=65|total=5.5,minute=80|total=6.5,minute=85|total=6.5,minute=40|total=5.5"
Home Team To Score Yes/No,406,2,1,0.0264,0.9681,
Away Team To Score Yes/No,405,2,1,0.0256,0.9744,
1st Half - Total Corners,353,10,5,0.2506,0.7494,"total=3.5,total=4.5,total=5.5,total=2.5,total=6.5"
Corners - Over/Under,353,16,8,0.2144,0.7856,"total=6.5,total=7.5,total=8.5,total=9.5,total=10.5,total=11.5,total=12.5,total=13.5"
Home Team To Win From Behind,333,2,1,0.0755,0.9245,
Away Team To Win From Behind,292,2,1,0.0775,0.9226,
1st Half - Corner 1X2,279,3,1,0.0859,0.8219,
1st Half - Odd/Even Corners,279,2,1,0.4961,0.5039,
Away Team Corner Range,279,4,2,0.0349,0.6195,"variant=sr:point_range:7+,"
Corners 1X2,279,3,1,0.034,0.908,
Home Team Corner Range,279,4,2,0.0235,0.6711,"variant=sr:point_range:7+,"
Odd/Even Corners,279,2,1,0.4944,0.5056,
1st Half - Away Exact Corners,278,4,1,0.0554,0.6479,
1st Half - Corner Handicap,278,14,7,0.2612,0.7388,"hcp=-0.5,hcp=0.5,hcp=1.5,hcp=-1.5,hcp=-2.5,hcp=2.5,hcp=-3.5"
1st Half - Corner Range,278,3,1,0.1286,0.6319,variant=sr:point_range:7+_2
1st Half - Home Exact Corners,278,4,1,0.0725,0.6016,
Corner Handicap,278,26,13,0.3299,0.6701,"hcp=0.5,hcp=1.5,hcp=2.5,hcp=-1.5,hcp=-0.5,hcp=-3.5,hcp=-2.5,hcp=3.5,hcp=4.5,hcp=5.5,hcp=-5.5,hcp=-4.5,hcp=-6.5"
Corner Range,278,3,1,0.1653,0.5432,variant=sr:point_range:12+
1st Half - Last Corner,273,3,1,0.0072,0.7304,
1st Half - Xth Corner,273,3,1,0.0072,0.7304,cornernr=1
Last Corner,273,3,1,0.0,0.7387,
Xth Corner,273,3,1,0.0,0.7387,cornernr=1
Correct Score BG,271,69,1,0.001,0.1822,
Team Cards,242,1602,1,0.0113,0.9007,
Match Cards,241,10,1,0.0287,0.9192,
Match Cards 1st Half,206,6,1,0.0147,0.9332,
Match Cards 2nd Half,206,8,1,0.0186,0.9346,
Team Cards 1st Half,206,1336,1,0.0062,0.7581,
Team Cards 2nd Half,206,1460,1,0.0087,0.8681,
Player To Be Booked,193,4653,6916,0.0114,0.7506,"variant=pre:playerprops:53452519:15497,variant=pre:playerprops:53452519:42694,variant=pre:playerprops:53452519:99090,variant=pre:playerprops:53452519:108579,variant=pre:playerprops:53452519:138530,variant=pre:playerprops:53452519:152077,variant=pre:playerprops:53452519:192442,variant=pre:playerprops:53452519:290927,variant=pre:playerprops:53452519:353202,variant=pre:playerprops:53452519:555386,variant=pre:playerprops:53452519:611736,variant=pre:playerprops:53452519:755136,variant=pre:playerprops:53452519:757770,variant=pre:playerprops:53452519:770253,variant=pre:playerprops:53452519:903830,variant=pre:playerprops:53452519:907908,variant=pre:playerprops:53452519:908706,variant=pre:playerprops:53452519:916194,variant=pre:playerprops:53452519:934552,variant=pre:playerprops:53452519:936112,variant=pre:playerprops:53452519:936120,variant=pre:playerprops:53452519:942488,variant=pre:playerprops:53452519:965655,variant=pre:playerprops:53452519:1006387,variant=pre:playerprops:53452519:1006663,variant=pre:playerprops:53452519:1020079,variant=pre:playerprops:53452519:1088470,variant=pre:playerprops:53452519:1090000,variant=pre:playerprops:53452519:1140070,variant=pre:playerprops:53452519:1300742,variant=pre:playerprops:53452519:1322112,variant=pre:playerprops:53452519:1373595,variant=pre:playerprops:53452519:1379523,variant=pre:playerprops:53452519:1410557,variant=pre:playerprops:53452519:1479630,variant=pre:playerprops:53452519:1496869,variant=pre:playerprops:53452519:1556313,variant=pre:playerprops:53452519:1564490,variant=pre:playerprops:53452519:1577506,variant=pre:playerprops:53452519:1635776,variant=pre:playerprops:53452519:1724642,variant=pre:playerprops:53452519:1832352,variant=pre:playerprops:53452519:1848612,variant=pre:playerprops:53452519:1939988,variant=pre:playerprops:53452519:2029737,variant=pre:playerprops:53452519:2187596,variant=pre:playerprops:53452519:2264945,variant=pre:playerprops:53452519:2265485,variant=pre:playerprops:53452519:2283851,variant=pre:playerprops:53452519:2601949,variant=pre:playerprops:53452519:2716582,variant=pre:playerprops:53452519:2843497,variant=pre:playerprops:53452513:750,variant=pre:playerprops:53452513:138892,variant=pre:playerprops:53452513:149734,variant=pre:playerprops:53452513:177177,variant=pre:playerprops:53452513:252669,variant=pre:playerprops:53452513:252821,variant=pre:playerprops:53452513:253809,variant=pre:playerprops:53452513:280955,variant=pre:playerprops:53452513:280979,variant=pre:playerprops:53452513:288205,variant=pre:playerprops:53452513:318941,variant=pre:playerprops:53452513:331209,variant=pre:playerprops:53452513:353138,variant=pre:playerprops:53452513:581310,variant=pre:playerprops:53452513:592010,variant=pre:playerprops:53452513:769505,variant=pre:playerprops:53452513:784655,variant=pre:playerprops:53452513:790605,variant=pre:playerprops:53452513:796802,variant=pre:playerprops:53452513:800314,variant=pre:playerprops:53452513:817522,variant=pre:playerprops:53452513:844073,variant=pre:playerprops:53452513:924002,variant=pre:playerprops:53452513:936026,variant=pre:playerprops:53452513:936350,variant=pre:playerprops:53452513:936382,variant=pre:playerprops:53452513:974071,variant=pre:playerprops:53452513:1050565,variant=pre:playerprops:53452513:1055229,variant=pre:playerprops:53452513:1115745,variant=pre:playerprops:53452513:1115761,variant=pre:playerprops:53452513:1340446,variant=pre:playerprops:53452513:1363568,variant=pre:playerprops:53452513:1428613,variant=pre:playerprops:53452513:1479784,variant=pre:playerprops:53452513:1560920,variant=pre:playerprops:53452513:1634220,variant=pre:playerprops:53452513:1644520,variant=pre:playerprops:53452513:1725982,variant=pre:playerprops:53452513:1834794,variant=pre:playerprops:53452513:1834966,variant=pre:playerprops:53452513:1860180,variant=pre:playerprops:53452513:1951416,variant=pre:playerprops:53452513:2050613,variant=pre:playerprops:53452513:2112956,variant=pre:playerprops:53452513:2203428,variant=pre:playerprops:53452513:2240523,variant=pre:playerprops:53452513:2265643,variant=pre:playerprops:53452513:2277697,variant=pre:playerprops:53452513:2439417,variant=pre:playerprops:53452513:2487317,variant=pre:playerprops:53452513:2913443,variant=pre:playerprops:53452515:35612,variant=pre:playerprops:53452515:70988,variant=pre:playerprops:53452515:70996,variant=pre:playerprops:53452515:78893,variant=pre:playerprops:53452515:118085,variant=pre:playerprops:53452515:118179,variant=pre:playerprops:53452515:128587,variant=pre:playerprops:53452515:135666,variant=pre:playerprops:53452515:248331,variant=pre:playerprops:53452515:329417,variant=pre:playerprops:53452515:331737,variant=pre:playerprops:53452515:369430,variant=pre:playerprops:53452515:804872,variant=pre:playerprops:53452515:805188,variant=pre:playerprops:53452515:809758,variant=pre:playerprops:53452515:809762,variant=pre:playerprops:53452515:809778,variant=pre:playerprops:53452515:867054,variant=pre:playerprops:53452515:918650,variant=pre:playerprops:53452515:967039,variant=pre:playerprops:53452515:1047121,variant=pre:playerprops:53452515:1056851,variant=pre:playerprops:53452515:1062126,variant=pre:playerprops:53452515:1094740,variant=pre:playerprops:53452515:1241930,variant=pre:playerprops:53452515:1297614,variant=pre:playerprops:53452515:1322038,variant=pre:playerprops:53452515:1398657,variant=pre:playerprops:53452515:1399755,variant=pre:playerprops:53452515:1402475,variant=pre:playerprops:53452515:1428079,variant=pre:playerprops:53452515:1479646,variant=pre:playerprops:53452515:1512315,variant=pre:playerprops:53452515:1624310,variant=pre:playerprops:53452515:1624316,variant=pre:playerprops:53452515:1624320,variant=pre:playerprops:53452515:1646402,variant=pre:playerprops:53452515:1699623,variant=pre:playerprops:53452515:1709863,variant=pre:playerprops:53452515:1770378,variant=pre:playerprops:53452515:1832348,variant=pre:playerprops:53452515:1973973,variant=pre:playerprops:53452515:1985243,variant=pre:playerprops:53452515:2000065,variant=pre:playerprops:53452515:2038487,variant=pre:playerprops:53452515:2152840,variant=pre:playerprops:53452515:2240507,variant=pre:playerprops:53452515:2244535,variant=pre:playerprops:53452515:2272129,variant=pre:playerprops:53452515:2303541,variant=pre:playerprops:53452515:2563395,variant=pre:playerprops:53452515:2565249,variant=pre:playerprops:53452521:12994,variant=pre:playerprops:53452521:74915,variant=pre:playerprops:53452521:128383,variant=pre:playerprops:53452521:158243,variant=pre:playerprops:53452521:158263,variant=pre:playerprops:53452521:159665,variant=pre:playerprops:53452521:249399,variant=pre:playerprops:53452521:255389,variant=pre:playerprops:53452521:263651,variant=pre:playerprops:53452521:295339,variant=pre:playerprops:53452521:295361,variant=pre:playerprops:53452521:333441,variant=pre:playerprops:53452521:547494,variant=pre:playerprops:53452521:577736,variant=pre:playerprops:53452521:858082,variant=pre:playerprops:53452521:918918,variant=pre:playerprops:53452521:919706,variant=pre:playerprops:53452521:925842,variant=pre:playerprops:53452521:952278,variant=pre:playerprops:53452521:954708,variant=pre:playerprops:53452521:962405,variant=pre:playerprops:53452521:1080112,variant=pre:playerprops:53452521:1107697,variant=pre:playerprops:53452521:1134755,variant=pre:playerprops:53452521:1245194,variant=pre:playerprops:53452521:1296654,variant=pre:playerprops:53452521:1404479,variant=pre:playerprops:53452521:1404521,variant=pre:playerprops:53452521:1426753,variant=pre:playerprops:53452521:1549189,variant=pre:playerprops:53452521:1555935,variant=pre:playerprops:53452521:1555943,variant=pre:playerprops:53452521:1558544,variant=pre:playerprops:53452521:1627210,variant=pre:playerprops:53452521:1630398,variant=pre:playerprops:53452521:1696477,variant=pre:playerprops:53452521:1747001,variant=pre:playerprops:53452521:1977841,variant=pre:playerprops:53452521:2005145,variant=pre:playerprops:53452521:2059179,variant=pre:playerprops:53452521:2113372,variant=pre:playerprops:53452521:2121738,variant=pre:playerprops:53452521:2184512,variant=pre:playerprops:53452521:2203382,variant=pre:playerprops:53452521:2269333,variant=pre:playerprops:53452521:2550777,variant=pre:playerprops:53452521:2631687,variant=pre:playerprops:53452521:2633891,variant=pre:playerprops:53452521:2634021,variant=pre:playerprops:53452521:2634035,variant=pre:playerprops:53452521:2925321,variant=pre:playerprops:53452521:3094906,variant=pre:playerprops:53452523:33596,variant=pre:playerprops:53452523:67769,variant=pre:playerprops:53452523:107414,variant=pre:playerprops:53452523:115516,variant=pre:playerprops:53452523:117777,variant=pre:playerprops:53452523:125787,variant=pre:playerprops:53452523:149656,variant=pre:playerprops:53452523:157377,variant=pre:playerprops:53452523:158583,variant=pre:playerprops:53452523:221162,variant=pre:playerprops:53452523:281253,variant=pre:playerprops:53452523:282229,variant=pre:playerprops:53452523:344847,variant=pre:playerprops:53452523:352290,variant=pre:playerprops:53452523:352296,variant=pre:playerprops:53452523:354376,variant=pre:playerprops:53452523:355652,variant=pre:playerprops:53452523:355796,variant=pre:playerprops:53452523:383560,variant=pre:playerprops:53452523:556866,variant=pre:playerprops:53452523:566102,variant=pre:playerprops:53452523:566110,variant=pre:playerprops:53452523:590392,variant=pre:playerprops:53452523:769267,variant=pre:playerprops:53452523:770677,variant=pre:playerprops:53452523:775475,variant=pre:playerprops:53452523:843883,variant=pre:playerprops:53452523:856956,variant=pre:playerprops:53452523:964583,variant=pre:playerprops:53452523:1046377,variant=pre:playerprops:53452523:1057309,variant=pre:playerprops:53452523:1105877,variant=pre:playerprops:53452523:1108227,variant=pre:playerprops:53452523:1115523,variant=pre:playerprops:53452523:1134901,variant=pre:playerprops:53452523:1134923,variant=pre:playerprops:53452523:1234234,variant=pre:playerprops:53452523:1408017,variant=pre:playerprops:53452523:1425267,variant=pre:playerprops:53452523:1437554,variant=pre:playerprops:53452523:1556269,variant=pre:playerprops:53452523:1722974,variant=pre:playerprops:53452523:1830492,variant=pre:playerprops:53452523:1832252,variant=pre:playerprops:53452523:1953496,variant=pre:playerprops:53452523:2014157,variant=pre:playerprops:53452523:2048839,variant=pre:playerprops:53452523:2105508,variant=pre:playerprops:53452523:2258009,variant=pre:playerprops:53452523:2276533,variant=pre:playerprops:53452523:2305933,variant=pre:playerprops:53452523:2637209,variant=pre:playerprops:72157102:41631,variant=pre:playerprops:72157102:77338,variant=pre:playerprops:72157102:110785,variant=pre:playerprops:72157102:284483,variant=pre:playerprops:72157102:353242,variant=pre:playerprops:72157102:811384,variant=pre:playerprops:72157102:813974,variant=pre:playerprops:72157102:834955,variant=pre:playerprops:72157102:1013351,variant=pre:playerprops:72157102:1060117,variant=pre:playerprops:72157102:1069168,variant=pre:playerprops:72157102:1103575,variant=pre:playerprops:72157102:1106897,variant=pre:playerprops:72157102:1298490,variant=pre:playerprops:72157102:1299302,variant=pre:playerprops:72157102:1327060,variant=pre:playerprops:72157102:1336438,variant=pre:playerprops:72157102:1391921,variant=pre:playerprops:72157102:1627588,variant=pre:playerprops:72157102:1642862,variant=pre:playerprops:72157102:1663305,variant=pre:playerprops:72157102:1725614,variant=pre:playerprops:72157102:1830258,variant=pre:playerprops:72157102:2041773,variant=pre:playerprops:72157102:2059009,variant=pre:playerprops:72157102:2061461,variant=pre:playerprops:72157102:2072735,variant=pre:playerprops:72157102:2088937,variant=pre:playerprops:72157102:2104448,variant=pre:playerprops:72157102:2130742,variant=pre:playerprops:72157102:2420505,variant=pre:playerprops:72157102:2775201,variant=pre:playerprops:72157102:2806863,variant=pre:playerprops:72157102:2825601,variant=pre:playerprops:72157102:3201540,variant=pre:playerprops:72157096:41116,variant=pre:playerprops:72157096:44435,variant=pre:playerprops:72157096:93842,variant=pre:playerprops:72157096:137677,variant=pre:playerprops:72157096:137682,variant=pre:playerprops:72157096:138595,variant=pre:playerprops:72157096:236844,variant=pre:playerprops:72157096:245249,variant=pre:playerprops:72157096:284355,variant=pre:playerprops:72157096:360088,variant=pre:playerprops:72157096:361276,variant=pre:playerprops:72157096:578526,variant=pre:playerprops:72157096:822662,variant=pre:playerprops:72157096:823310,variant=pre:playerprops:72157096:867634,variant=pre:playerprops:72157096:887864,variant=pre:playerprops:72157096:944414,variant=pre:playerprops:72157096:1022329,variant=pre:playerprops:72157096:1240964,variant=pre:playerprops:72157096:1382891,variant=pre:playerprops:72157096:1382915,variant=pre:playerprops:72157096:1560588,variant=pre:playerprops:72157096:1612050,variant=pre:playerprops:72157096:1612744,variant=pre:playerprops:72157096:1631298,variant=pre:playerprops:72157096:1631710,variant=pre:playerprops:72157096:1763213,variant=pre:playerprops:72157096:1829240,variant=pre:playerprops:72157096:1987351,variant=pre:playerprops:72157096:2120884,variant=pre:playerprops:72157096:2121882,variant=pre:playerprops:72157096:2162060,variant=pre:playerprops:72157096:2249161,variant=pre:playerprops:72157096:2264541,variant=pre:playerprops:72157096:2460935,variant=pre:playerprops:72157096:2639539,variant=pre:playerprops:72157096:2639541,variant=pre:playerprops:72157096:2639545,variant=pre:playerprops:72157096:2645359,variant=pre:playerprops:72157096:2779009,variant=pre:playerprops:72157096:2804619,variant=pre:playerprops:72157096:2843477,variant=pre:playerprops:72157104:12355,variant=pre:playerprops:72157104:41236,variant=pre:playerprops:72157104:41642,variant=pre:playerprops:72157104:97847,variant=pre:playerprops:72157104:157188,variant=pre:playerprops:72157104:181651,variant=pre:playerprops:72157104:327235,variant=pre:playerprops:72157104:348538,variant=pre:playerprops:72157104:373936,variant=pre:playerprops:72157104:755692,variant=pre:playerprops:72157104:860916,variant=pre:playerprops:72157104:1050191,variant=pre:playerprops:72157104:1389065,variant=pre:playerprops:72157104:1392937,variant=pre:playerprops:72157104:1422335,variant=pre:playerprops:72157104:1632954,variant=pre:playerprops:72157104:1951046,variant=pre:playerprops:72157104:1970231,variant=pre:playerprops:72157104:1983085,variant=pre:playerprops:72157104:2023087,variant=pre:playerprops:72157104:2136426,variant=pre:playerprops:72157104:2166714,variant=pre:playerprops:72157104:2195302,variant=pre:playerprops:72157104:2250019,variant=pre:playerprops:72157104:2260773,variant=pre:playerprops:72157104:2266435,variant=pre:playerprops:72157104:2266485,variant=pre:playerprops:72157104:2266489,variant=pre:playerprops:72157104:2309655,variant=pre:playerprops:72157104:2311569,variant=pre:playerprops:72157104:2322103,variant=pre:playerprops:72157104:2496303,variant=pre:playerprops:72157104:2644643,variant=pre:playerprops:72157104:2650433,variant=pre:playerprops:72157104:2692378,variant=pre:playerprops:72157104:2709410,variant=pre:playerprops:72157104:2776993,variant=pre:playerprops:72157104:2973861,variant=pre:playerprops:72157104:2973885,variant=pre:playerprops:72157106:50306,variant=pre:playerprops:72157106:75425,variant=pre:playerprops:72157106:111307,variant=pre:playerprops:72157106:223168,variant=pre:playerprops:72157106:257071,variant=pre:playerprops:72157106:305230,variant=pre:playerprops:72157106:365772,variant=pre:playerprops:72157106:548312,variant=pre:playerprops:72157106:553876,variant=pre:playerprops:72157106:816828,variant=pre:playerprops:72157106:843515,variant=pre:playerprops:72157106:908722,variant=pre:playerprops:72157106:934946,variant=pre:playerprops:72157106:935444,variant=pre:playerprops:72157106:986861,variant=pre:playerprops:72157106:1055637,variant=pre:playerprops:72157106:1060709,variant=pre:playerprops:72157106:1088260,variant=pre:playerprops:72157106:1143940,variant=pre:playerprops:72157106:1250170,variant=pre:playerprops:72157106:1336118,variant=pre:playerprops:72157106:1639452,variant=pre:playerprops:72157106:1701061,variant=pre:playerprops:72157106:1930340,variant=pre:playerprops:72157106:1955904,variant=pre:playerprops:72157106:1972121,variant=pre:playerprops:72157106:1987043,variant=pre:playerprops:72157106:2018247,variant=pre:playerprops:72157106:2038895,variant=pre:playerprops:72157106:2044853,variant=pre:playerprops:72157106:2046833,variant=pre:playerprops:72157106:2134242,variant=pre:playerprops:72157106:2145936,variant=pre:playerprops:72157106:2152610,variant=pre:playerprops:72157106:2347069,variant=pre:playerprops:72157106:2437777,variant=pre:playerprops:72157106:2652371,variant=pre:playerprops:72157106:2767021,variant=pre:playerprops:72157106:2941745,variant=pre:playerprops:72157100:94226,variant=pre:playerprops:72157100:134907,variant=pre:playerprops:72157100:135617,variant=pre:playerprops:72157100:151884,variant=pre:playerprops:72157100:244091,variant=pre:playerprops:72157100:257135,variant=pre:playerprops:72157100:779278,variant=pre:playerprops:72157100:796822,variant=pre:playerprops:72157100:934860,variant=pre:playerprops:72157100:1061464,variant=pre:playerprops:72157100:1132163,variant=pre:playerprops:72157100:1402503,variant=pre:playerprops:72157100:1425253,variant=pre:playerprops:72157100:1695331,variant=pre:playerprops:72157100:1731875,variant=pre:playerprops:72157100:2053827,variant=pre:playerprops:72157100:2074059,variant=pre:playerprops:72157100:2094960,variant=pre:playerprops:72157100:2107784,variant=pre:playerprops:72157100:2208672,variant=pre:playerprops:72157100:2248507,variant=pre:playerprops:72157100:2250139,variant=pre:playerprops:72157100:2292175,variant=pre:playerprops:72157100:2372171,variant=pre:playerprops:72157100:2464651,variant=pre:playerprops:72157100:2492379,variant=pre:playerprops:72157100:2563321,variant=pre:playerprops:72157100:2671357,variant=pre:playerprops:72157100:2702768,variant=pre:playerprops:72157100:2714250,variant=pre:playerprops:72157100:2735528,variant=pre:playerprops:72157100:2739129,variant=pre:playerprops:72157100:2765013,variant=pre:playerprops:72157100:2780597,variant=pre:playerprops:72157100:2992093,variant=pre:playerprops:72157100:3046849,variant=pre:playerprops:72157098:149045,variant=pre:playerprops:72157098:189009,variant=pre:playerprops:72157098:214080,variant=pre:playerprops:72157098:354520,variant=pre:playerprops:72157098:606254,variant=pre:playerprops:72157098:935150,variant=pre:playerprops:72157098:941534,variant=pre:playerprops:72157098:947248,variant=pre:playerprops:72157098:1047245,variant=pre:playerprops:72157098:1118791,variant=pre:playerprops:72157098:1372586,variant=pre:playerprops:72157098:1418565,variant=pre:playerprops:72157098:1575900,variant=pre:playerprops:72157098:1637444,variant=pre:playerprops:72157098:1649166,variant=pre:playerprops:72157098:1700301,variant=pre:playerprops:72157098:1952150,variant=pre:playerprops:72157098:2009681,variant=pre:playerprops:66886840:143593,variant=pre:playerprops:66886840:221636,variant=pre:playerprops:66886840:242213,variant=pre:playerprops:66886840:244591,variant=pre:playerprops:66886840:312110,variant=pre:playerprops:66886840:838169,variant=pre:playerprops:66886840:862590,variant=pre:playerprops:66886840:937008,variant=pre:playerprops:66886840:973619,variant=pre:playerprops:66886840:992895,variant=pre:playerprops:66886840:1005437,variant=pre:playerprops:66886840:1104129,variant=pre:playerprops:66886840:1109685,variant=pre:playerprops:66886840:1135049,variant=pre:playerprops:66886840:1248352,variant=pre:playerprops:66886840:1322996,variant=pre:playerprops:66886840:1360540,variant=pre:playerprops:66886840:1401671,variant=pre:playerprops:66886840:1401705,variant=pre:playerprops:66886840:1417699,variant=pre:playerprops:66886840:1516765,variant=pre:playerprops:66886840:1578502,variant=pre:playerprops:66886840:1582084,variant=pre:playerprops:66886840:1630422,variant=pre:playerprops:66886840:1650269,variant=pre:playerprops:66886840:1957471,variant=pre:playerprops:66886840:2056825,variant=pre:playerprops:66886840:2103204,variant=pre:playerprops:66886840:2117582,variant=pre:playerprops:66886840:2138422,variant=pre:playerprops:66886840:2148960,variant=pre:playerprops:66886840:2212066,variant=pre:playerprops:66886840:2259563,variant=pre:playerprops:66886840:2647071,variant=pre:playerprops:66886840:2703354,variant=pre:playerprops:66886840:2829341,variant=pre:playerprops:66886840:2829343,variant=pre:playerprops:66886840:2927035,variant=pre:playerprops:66886840:2935291,variant=pre:playerprops:66886840:2968934,variant=pre:playerprops:66886840:3063309,variant=pre:playerprops:66886840:3189454,variant=pre:playerprops:66886854:147467,variant=pre:playerprops:66886854:311382,variant=pre:playerprops:66886854:329303,variant=pre:playerprops:66886854:553686,variant=pre:playerprops:66886854:595598,variant=pre:playerprops:66886854:826677,variant=pre:playerprops:66886854:838337,variant=pre:playerprops:66886854:855460,variant=pre:playerprops:66886854:904462,variant=pre:playerprops:66886854:918730,variant=pre:playerprops:66886854:928310,variant=pre:playerprops:66886854:992231,variant=pre:playerprops:66886854:992475,variant=pre:playerprops:66886854:992685,variant=pre:playerprops:66886854:1017635,variant=pre:playerprops:66886854:1047647,variant=pre:playerprops:66886854:1103955,variant=pre:playerprops:66886854:1121709,variant=pre:playerprops:66886854:1143436,variant=pre:playerprops:66886854:1248320,variant=pre:playerprops:66886854:1266960,variant=pre:playerprops:66886854:1323028,variant=pre:playerprops:66886854:1403749,variant=pre:playerprops:66886854:1478974,variant=pre:playerprops:66886854:1557119,variant=pre:playerprops:66886854:1557183,variant=pre:playerprops:66886854:1578520,variant=pre:playerprops:66886854:1661857,variant=pre:playerprops:66886854:1719722,variant=pre:playerprops:66886854:1719744,variant=pre:playerprops:66886854:1947338,variant=pre:playerprops:66886854:2143112,variant=pre:playerprops:66886854:2258009,variant=pre:playerprops:66886854:2284495,variant=pre:playerprops:66886854:2292261,variant=pre:playerprops:66886854:2329297,variant=pre:playerprops:66886854:2387743,variant=pre:playerprops:66886854:2416823,variant=pre:playerprops:66886854:2456801,variant=pre:playerprops:66886854:2565573,variant=pre:playerprops:66886854:2613555,variant=pre:playerprops:66886854:2754083,variant=pre:playerprops:66886854:2762265,variant=pre:playerprops:66886854:2823837,variant=pre:playerprops:66299236:155827,variant=pre:playerprops:66299236:314128,variant=pre:playerprops:66299236:590324,variant=pre:playerprops:66299236:792535,variant=pre:playerprops:66299236:858226,variant=pre:playerprops:66299236:950636,variant=pre:playerprops:66299236:1005173,variant=pre:playerprops:66299236:1005611,variant=pre:playerprops:66299236:1006355,variant=pre:playerprops:66299236:1060885,variant=pre:playerprops:66299236:1098208,variant=pre:playerprops:66299236:1134269,variant=pre:playerprops:66299236:1407451,variant=pre:playerprops:66299236:1642334,variant=pre:playerprops:66299236:1709867,variant=pre:playerprops:66299236:1831226,variant=pre:playerprops:66299236:1957275,variant=pre:playerprops:66299236:2119022,variant=pre:playerprops:66299236:2124702,variant=pre:playerprops:66299236:2138790,variant=pre:playerprops:66299236:2138950,variant=pre:playerprops:66299236:2155058,variant=pre:playerprops:66299236:2211872,variant=pre:playerprops:66299236:2212330,variant=pre:playerprops:66299236:2242501,variant=pre:playerprops:66299236:2268603,variant=pre:playerprops:66299236:2285549,variant=pre:playerprops:66299236:2287343,variant=pre:playerprops:66299236:2318909,variant=pre:playerprops:66299236:2511691,variant=pre:playerprops:66299236:2523551,variant=pre:playerprops:66299236:2552313,variant=pre:playerprops:66299236:2583895,variant=pre:playerprops:66299236:2612305,variant=pre:playerprops:66299236:2723866,variant=pre:playerprops:66299236:2743073,variant=pre:playerprops:66299236:2754921,variant=pre:playerprops:66299236:3014023,variant=pre:playerprops:66299238:35166,variant=pre:playerprops:66299238:159593,variant=pre:playerprops:66299238:279513,variant=pre:playerprops:66299238:328247,variant=pre:playerprops:66299238:546416,variant=pre:playerprops:66299238:595576,variant=pre:playerprops:66299238:977319,variant=pre:playerprops:66299238:1061079,variant=pre:playerprops:66299238:1107259,variant=pre:playerprops:66299238:1414113,variant=pre:playerprops:66299238:1419259,variant=pre:playerprops:66299238:1557267,variant=pre:playerprops:66299238:1709505,variant=pre:playerprops:66299238:1957287,variant=pre:playerprops:66299238:1995571,variant=pre:playerprops:66299238:1997703,variant=pre:playerprops:66299238:2000063,variant=pre:playerprops:66299238:2000065,variant=pre:playerprops:66299238:2038487,variant=pre:playerprops:66299238:2064079,variant=pre:playerprops:66299238:2144396,variant=pre:playerprops:66299238:2355153,variant=pre:playerprops:66299238:2438353,variant=pre:playerprops:66299238:2714204,variant=pre:playerprops:66299238:2764935,variant=pre:playerprops:66299238:2769229,variant=pre:playerprops:66299238:2782583,variant=pre:playerprops:66299238:2917011,variant=pre:playerprops:66299238:2946749,variant=pre:playerprops:66299240:37378,variant=pre:playerprops:66299240:252461,variant=pre:playerprops:66299240:280025,variant=pre:playerprops:66299240:575498,variant=pre:playerprops:66299240:590028,variant=pre:playerprops:66299240:753026,variant=pre:playerprops:66299240:796750,variant=pre:playerprops:66299240:832179,variant=pre:playerprops:66299240:861932,variant=pre:playerprops:66299240:934952,variant=pre:playerprops:66299240:1005899,variant=pre:playerprops:66299240:1094746,variant=pre:playerprops:66299240:1319492,variant=pre:playerprops:66299240:1621244,variant=pre:playerprops:66299240:1697229,variant=pre:playerprops:66299240:1722806,variant=pre:playerprops:66299240:1951040,variant=pre:playerprops:66299240:1951058,variant=pre:playerprops:66299240:1957205,variant=pre:playerprops:66299240:2109396,variant=pre:playerprops:66299240:2119492,variant=pre:playerprops:66299240:2119514,variant=pre:playerprops:66299240:2181102,variant=pre:playerprops:66299240:2254209,variant=pre:playerprops:66299240:2278885,variant=pre:playerprops:66299240:2284473,variant=pre:playerprops:66299240:2301703,variant=pre:playerprops:66299240:2434773,variant=pre:playerprops:66299240:2560111,variant=pre:playerprops:66299240:2739671,variant=pre:playerprops:66299240:2748493,variant=pre:playerprops:66299240:2778097,variant=pre:playerprops:66299240:2907567,variant=pre:playerprops:66299240:2917013,variant=pre:playerprops:66299240:2928363,variant=pre:playerprops:72055030:250009,variant=pre:playerprops:72055030:344981,variant=pre:playerprops:72055030:1073494,variant=pre:playerprops:72055030:1372424,variant=pre:playerprops:72055030:1413857,variant=pre:playerprops:72055030:1430081,variant=pre:playerprops:72055030:1496867,variant=pre:playerprops:72055030:1687637,variant=pre:playerprops:72055030:1735145,variant=pre:playerprops:72055030:1957497,variant=pre:playerprops:72055030:1957551,variant=pre:playerprops:72055030:2053715,variant=pre:playerprops:72055030:2284363,variant=pre:playerprops:72055030:2313845,variant=pre:playerprops:72055030:2412115,variant=pre:playerprops:72055030:2601947,variant=pre:playerprops:72055030:2720076,variant=pre:playerprops:72055030:2752587,variant=pre:playerprops:72055030:2764107,variant=pre:playerprops:72055030:2932431,variant=pre:playerprops:72055030:2941373,variant=pre:playerprops:72055030:3135184,variant=pre:playerprops:72339638:46620,variant=pre:playerprops:72339638:82680,variant=pre:playerprops:72339638:123223,variant=pre:playerprops:72339638:145063,variant=pre:playerprops:72339638:248977,variant=pre:playerprops:72339638:386212,variant=pre:playerprops:72339638:888224,variant=pre:playerprops:72339638:1079678,variant=pre:playerprops:72339638:1085626,variant=pre:playerprops:72339638:1133115,variant=pre:playerprops:72339638:1133679,variant=pre:playerprops:72339638:1135237,variant=pre:playerprops:72339638:1141466,variant=pre:playerprops:72339638:1323032,variant=pre:playerprops:72339638:1417687,variant=pre:playerprops:72339638:1433767,variant=pre:playerprops:72339638:1527979,variant=pre:playerprops:72339638:1617216,variant=pre:playerprops:72339638:1621238,variant=pre:playerprops:72339638:1713133,variant=pre:playerprops:72339638:1769424,variant=pre:playerprops:72339638:1834792,variant=pre:playerprops:72339638:1979555,variant=pre:playerprops:72339638:1997965,variant=pre:playerprops:72339638:2078515,variant=pre:playerprops:72339638:2150446,variant=pre:playerprops:72339638:2154730,variant=pre:playerprops:72339638:2160500,variant=pre:playerprops:72339638:2196544,variant=pre:playerprops:72339638:2300187,variant=pre:playerprops:72339638:2375177,variant=pre:playerprops:72339638:2387827,variant=pre:playerprops:72339638:2780495,variant=pre:playerprops:72339638:2842957,variant=pre:playerprops:72339638:3153230,variant=pre:playerprops:66886838:17785,variant=pre:playerprops:66886838:33238,variant=pre:playerprops:66886838:34705,variant=pre:playerprops:66886838:143846,variant=pre:playerprops:66886838:243113,variant=pre:playerprops:66886838:243509,variant=pre:playerprops:66886838:291723,variant=pre:playerprops:66886838:548030,variant=pre:playerprops:66886838:551774,variant=pre:playerprops:66886838:586662,variant=pre:playerprops:66886838:599684,variant=pre:playerprops:66886838:803660,variant=pre:playerprops:66886838:992859,variant=pre:playerprops:66886838:1009157,variant=pre:playerprops:66886838:1016793,variant=pre:playerprops:66886838:1099078,variant=pre:playerprops:66886838:1104729,variant=pre:playerprops:66886838:1138454,variant=pre:playerprops:66886838:1354408,variant=pre:playerprops:66886838:1557149,variant=pre:playerprops:66886838:1586514,variant=pre:playerprops:66886838:1615018,variant=pre:playerprops:66886838:1631054,variant=pre:playerprops:66886838:1695003,variant=pre:playerprops:66886838:1700231,variant=pre:playerprops:66886838:1730959,variant=pre:playerprops:66886838:1748291,variant=pre:playerprops:66886838:1750471,variant=pre:playerprops:66886838:2071101,variant=pre:playerprops:66886838:2117760,variant=pre:playerprops:66886838:2143086,variant=pre:playerprops:66886838:2151204,variant=pre:playerprops:66886838:2154714,variant=pre:playerprops:66886838:2157430,variant=pre:playerprops:66886838:2285207,variant=pre:playerprops:66886838:2286873,variant=pre:playerprops:66886838:2288683,variant=pre:playerprops:66886838:2342557,variant=pre:playerprops:66886838:2549321,variant=pre:playerprops:66886838:2550889,variant=pre:playerprops:66886846:66471,variant=pre:playerprops:66886846:76507,variant=pre:playerprops:66886846:82576,variant=pre:playerprops:66886846:243109,variant=pre:playerprops:66886846:243529,variant=pre:playerprops:66886846:249881,variant=pre:playerprops:66886846:329055,variant=pre:playerprops:66886846:336841,variant=pre:playerprops:66886846:339447,variant=pre:playerprops:66886846:358956,variant=pre:playerprops:66886846:559034,variant=pre:playerprops:66886846:836443,variant=pre:playerprops:66886846:838387,variant=pre:playerprops:66886846:919932,variant=pre:playerprops:66886846:945016,variant=pre:playerprops:66886846:1013609,variant=pre:playerprops:66886846:1085604,variant=pre:playerprops:66886846:1115445,variant=pre:playerprops:66886846:1233356,variant=pre:playerprops:66886846:1401747,variant=pre:playerprops:66886846:1402615,variant=pre:playerprops:66886846:1610136,variant=pre:playerprops:66886846:1672627,variant=pre:playerprops:66886846:1711225,variant=pre:playerprops:66886846:1730929,variant=pre:playerprops:66886846:1829832,variant=pre:playerprops:66886846:1875686,variant=pre:playerprops:66886846:2018013,variant=pre:playerprops:66886846:2052951,variant=pre:playerprops:66886846:2298903,variant=pre:playerprops:66886846:2332875,variant=pre:playerprops:66886846:2387805,variant=pre:playerprops:66886846:2387813,variant=pre:playerprops:66886846:2423931,variant=pre:playerprops:66886846:2649191,variant=pre:playerprops:66886846:2946757,variant=pre:playerprops:66886846:2946971,variant=pre:playerprops:66886846:2948109,variant=pre:playerprops:66299242:47278,variant=pre:playerprops:66299242:48774,variant=pre:playerprops:66299242:134903,variant=pre:playerprops:66299242:588630,variant=pre:playerprops:66299242:772421,variant=pre:playerprops:66299242:1097926,variant=pre:playerprops:66299242:1107253,variant=pre:playerprops:66299242:1129431,variant=pre:playerprops:66299242:1129443,variant=pre:playerprops:66299242:1412559,variant=pre:playerprops:66299242:1412683,variant=pre:playerprops:66299242:1414099,variant=pre:playerprops:66299242:1561376,variant=pre:playerprops:66299242:1672165,variant=pre:playerprops:66299242:1709723,variant=pre:playerprops:66299242:1829858,variant=pre:playerprops:66299242:1957509,variant=pre:playerprops:66299242:2000513,variant=pre:playerprops:66299242:2090289,variant=pre:playerprops:66299242:2150920,variant=pre:playerprops:66299242:2155520,variant=pre:playerprops:66299242:2187594,variant=pre:playerprops:66299242:2197348,variant=pre:playerprops:66299242:2271921,variant=pre:playerprops:66299242:2346843,variant=pre:playerprops:66299242:2752581,variant=pre:playerprops:66299242:2774593,variant=pre:playerprops:66299242:2938741,variant=pre:playerprops:66299242:3032630,variant=pre:playerprops:66299244:106111,variant=pre:playerprops:66299244:118178,variant=pre:playerprops:66299244:150047,variant=pre:playerprops:66299244:221350,variant=pre:playerprops:66299244:324353,variant=pre:playerprops:66299244:333275,variant=pre:playerprops:66299244:333373,variant=pre:playerprops:66299244:335747,variant=pre:playerprops:66299244:545976,variant=pre:playerprops:66299244:558698,variant=pre:playerprops:66299244:590832,variant=pre:playerprops:66299244:803026,variant=pre:playerprops:66299244:803812,variant=pre:playerprops:66299244:940680,variant=pre:playerprops:66299244:951366,variant=pre:playerprops:66299244:1026223,variant=pre:playerprops:66299244:1045869,variant=pre:playerprops:66299244:1056987,variant=pre:playerprops:66299244:1103809,variant=pre:playerprops:66299244:1114897,variant=pre:playerprops:66299244:1129495,variant=pre:playerprops:66299244:1132195,variant=pre:playerprops:66299244:1413223,variant=pre:playerprops:66299244:1796354,variant=pre:playerprops:66299244:1829264,variant=pre:playerprops:66299244:2054309,variant=pre:playerprops:66299244:2122164,variant=pre:playerprops:66299244:2134036,variant=pre:playerprops:66299244:2157878,variant=pre:playerprops:66299244:2244207,variant=pre:playerprops:66299244:2583827,variant=pre:playerprops:66299244:2625891,variant=pre:playerprops:66299244:2645737,variant=pre:playerprops:66299244:2717258,variant=pre:playerprops:66299244:2780417,variant=pre:playerprops:66299244:2960275,variant=pre:playerprops:72055032:16424,variant=pre:playerprops:72055032:106382,variant=pre:playerprops:72055032:155974,variant=pre:playerprops:72055032:159865,variant=pre:playerprops:72055032:285915,variant=pre:playerprops:72055032:316152,variant=pre:playerprops:72055032:339141,variant=pre:playerprops:72055032:802138,variant=pre:playerprops:72055032:809982,variant=pre:playerprops:72055032:1047709,variant=pre:playerprops:72055032:1109995,variant=pre:playerprops:72055032:1112477,variant=pre:playerprops:72055032:1265020,variant=pre:playerprops:72055032:1354760,variant=pre:playerprops:72055032:1403739,variant=pre:playerprops:72055032:1543847,variant=pre:playerprops:72055032:1630486,variant=pre:playerprops:72055032:1661881,variant=pre:playerprops:72055032:1693219,variant=pre:playerprops:72055032:1710069,variant=pre:playerprops:72055032:1720818,variant=pre:playerprops:72055032:1832914,variant=pre:playerprops:72055032:1836088,variant=pre:playerprops:72055032:1837890,variant=pre:playerprops:72055032:1856050,variant=pre:playerprops:72055032:1983807,variant=pre:playerprops:72055032:2091451,variant=pre:playerprops:72055032:2120036,variant=pre:playerprops:72055032:2218564,variant=pre:playerprops:72055032:2305747,variant=pre:playerprops:72055032:2583405,variant=pre:playerprops:72055032:2638247,variant=pre:playerprops:72055032:2709296,variant=pre:playerprops:72055032:2769133,variant=pre:playerprops:72055032:2843497,variant=pre:playerprops:53452539:42694,variant=pre:playerprops:53452539:96538,variant=pre:playerprops:53452539:99090,variant=pre:playerprops:53452539:108579,variant=pre:playerprops:53452539:138530,variant=pre:playerprops:53452539:152077,variant=pre:playerprops:53452539:164055,variant=pre:playerprops:53452539:191210,variant=pre:playerprops:53452539:234148,variant=pre:playerprops:53452539:250737,variant=pre:playerprops:53452539:290927,variant=pre:playerprops:53452539:352370,variant=pre:playerprops:53452539:353202,variant=pre:playerprops:53452539:361350,variant=pre:playerprops:53452539:545970,variant=pre:playerprops:53452539:555386,variant=pre:playerprops:53452539:769139,variant=pre:playerprops:53452539:772113,variant=pre:playerprops:53452539:796046,variant=pre:playerprops:53452539:903830,variant=pre:playerprops:53452539:934552,variant=pre:playerprops:53452539:936112,variant=pre:playerprops:53452539:936120,variant=pre:playerprops:53452539:936572,variant=pre:playerprops:53452539:940560,variant=pre:playerprops:53452539:942488,variant=pre:playerprops:53452539:1027583,variant=pre:playerprops:53452539:1070898,variant=pre:playerprops:53452539:1088470,variant=pre:playerprops:53452539:1132173,variant=pre:playerprops:53452539:1140070,variant=pre:playerprops:53452539:1300742,variant=pre:playerprops:53452539:1373595,variant=pre:playerprops:53452539:1479630,variant=pre:playerprops:53452539:1513599,variant=pre:playerprops:53452539:1564490,variant=pre:playerprops:53452539:1577506,variant=pre:playerprops:53452539:1601352,variant=pre:playerprops:53452539:1635776,variant=pre:playerprops:53452539:1693879,variant=pre:playerprops:53452539:1717779,variant=pre:playerprops:53452539:1724642,variant=pre:playerprops:53452539:1848612,variant=pre:playerprops:53452539:1939988,variant=pre:playerprops:53452539:1948356,variant=pre:playerprops:53452539:1948364,variant=pre:playerprops:53452539:2238030,variant=pre:playerprops:53452539:2256607,variant=pre:playerprops:53452539:2264945,variant=pre:playerprops:53452539:2265485,variant=pre:playerprops:53452539:2304851,variant=pre:playerprops:53452539:2411237,variant=pre:playerprops:66299246:9048,variant=pre:playerprops:66299246:24248,variant=pre:playerprops:66299246:37092,variant=pre:playerprops:66299246:111505,variant=pre:playerprops:66299246:150582,variant=pre:playerprops:66299246:234890,variant=pre:playerprops:66299246:254159,variant=pre:playerprops:66299246:277437,variant=pre:playerprops:66299246:290943,variant=pre:playerprops:66299246:539390,variant=pre:playerprops:66299246:539882,variant=pre:playerprops:66299246:755474,variant=pre:playerprops:66299246:760618,variant=pre:playerprops:66299246:809752,variant=pre:playerprops:66299246:962781,variant=pre:playerprops:66299246:1054339,variant=pre:playerprops:66299246:1134261,variant=pre:playerprops:66299246:1296602,variant=pre:playerprops:66299246:1396719,variant=pre:playerprops:66299246:1496965,variant=pre:playerprops:66299246:1694887,variant=pre:playerprops:66299246:1706345,variant=pre:playerprops:66299246:1717295,variant=pre:playerprops:66299246:1831976,variant=pre:playerprops:66299246:1995643,variant=pre:playerprops:66299246:1995657,variant=pre:playerprops:66299246:2013257,variant=pre:playerprops:66299246:2209126,variant=pre:playerprops:66299246:2341023,variant=pre:playerprops:66299246:2602005,variant=pre:playerprops:66299246:2761591,variant=pre:playerprops:66299246:2936723,variant=pre:playerprops:72055034:340537,variant=pre:playerprops:72055034:589306,variant=pre:playerprops:72055034:918668,variant=pre:playerprops:72055034:948680,variant=pre:playerprops:72055034:1030235,variant=pre:playerprops:72055034:1056655,variant=pre:playerprops:72055034:1115485,variant=pre:playerprops:72055034:1134901,variant=pre:playerprops:72055034:1142642,variant=pre:playerprops:72055034:1338144,variant=pre:playerprops:72055034:1359946,variant=pre:playerprops:72055034:1399973,variant=pre:playerprops:72055034:1417739,variant=pre:playerprops:72055034:1496869,variant=pre:playerprops:72055034:1544141,variant=pre:playerprops:72055034:1649242,variant=pre:playerprops:72055034:1710109,variant=pre:playerprops:72055034:1837402,variant=pre:playerprops:72055034:1859800,variant=pre:playerprops:72055034:1957507,variant=pre:playerprops:72055034:1996411,variant=pre:playerprops:72055034:2053715,variant=pre:playerprops:72055034:2116454,variant=pre:playerprops:72055034:2144622,variant=pre:playerprops:72055034:2149214,variant=pre:playerprops:72055034:2192000,variant=pre:playerprops:72055034:2305749,variant=pre:playerprops:72055034:2337587,variant=pre:playerprops:72055034:2389273,variant=pre:playerprops:72055034:2548685,variant=pre:playerprops:72055034:2876507,variant=pre:playerprops:72055036:125787,variant=pre:playerprops:72055036:155633,variant=pre:playerprops:72055036:270311,variant=pre:playerprops:72055036:305732,variant=pre:playerprops:72055036:339265,variant=pre:playerprops:72055036:363748,variant=pre:playerprops:72055036:780262,variant=pre:playerprops:72055036:810168,variant=pre:playerprops:72055036:858760,variant=pre:playerprops:72055036:918164,variant=pre:playerprops:72055036:931878,variant=pre:playerprops:72055036:951910,variant=pre:playerprops:72055036:956074,variant=pre:playerprops:72055036:965655,variant=pre:playerprops:72055036:1018121,variant=pre:playerprops:72055036:1089988,variant=pre:playerprops:72055036:1100017,variant=pre:playerprops:72055036:1108309,variant=pre:playerprops:72055036:1240512,variant=pre:playerprops:72055036:1241236,variant=pre:playerprops:72055036:1297706,variant=pre:playerprops:72055036:1411159,variant=pre:playerprops:72055036:1514111,variant=pre:playerprops:72055036:1571292,variant=pre:playerprops:72055036:1600932,variant=pre:playerprops:72055036:1706803,variant=pre:playerprops:72055036:1707667,variant=pre:playerprops:72055036:1830696,variant=pre:playerprops:72055036:1836044,variant=pre:playerprops:72055036:1979861,variant=pre:playerprops:72055036:2090305,variant=pre:playerprops:72055036:2094536,variant=pre:playerprops:72055036:2116398,variant=pre:playerprops:72055036:2149072,variant=pre:playerprops:72055036:2300655,variant=pre:playerprops:72055036:2310103,variant=pre:playerprops:72055036:2351627,variant=pre:playerprops:72055036:2388533,variant=pre:playerprops:72055036:2534491,variant=pre:playerprops:72055036:2535411,variant=pre:playerprops:72055036:2545605,variant=pre:playerprops:72055036:2636931,variant=pre:playerprops:72055036:2653129,variant=pre:playerprops:72055036:2831315,variant=pre:playerprops:72055036:2902343,variant=pre:playerprops:72055038:122092,variant=pre:playerprops:72055038:355872,variant=pre:playerprops:72055038:380802,variant=pre:playerprops:72055038:810198,variant=pre:playerprops:72055038:1016817,variant=pre:playerprops:72055038:1023777,variant=pre:playerprops:72055038:1057655,variant=pre:playerprops:72055038:1073496,variant=pre:playerprops:72055038:1090078,variant=pre:playerprops:72055038:1105481,variant=pre:playerprops:72055038:1134891,variant=pre:playerprops:72055038:1272696,variant=pre:playerprops:72055038:1322098,variant=pre:playerprops:72055038:1407171,variant=pre:playerprops:72055038:1514093,variant=pre:playerprops:72055038:1543901,variant=pre:playerprops:72055038:1604148,variant=pre:playerprops:72055038:1637260,variant=pre:playerprops:72055038:1649484,variant=pre:playerprops:72055038:1708931,variant=pre:playerprops:72055038:1720200,variant=pre:playerprops:72055038:1979865,variant=pre:playerprops:72055038:2031445,variant=pre:playerprops:72055038:2091653,variant=pre:playerprops:72055038:2218560,variant=pre:playerprops:72055038:2232766,variant=pre:playerprops:72055038:2311279,variant=pre:playerprops:72055038:2318455,variant=pre:playerprops:72055038:2327495,variant=pre:playerprops:72055038:2537841,variant=pre:playerprops:72055038:2637475,variant=pre:playerprops:72055038:2762933,variant=pre:playerprops:72055038:2764109,variant=pre:playerprops:72055038:2817031,variant=pre:playerprops:72055038:2822785,variant=pre:playerprops:72055040:35532,variant=pre:playerprops:72055040:56113,variant=pre:playerprops:72055040:253415,variant=pre:playerprops:72055040:285847,variant=pre:playerprops:72055040:286015,variant=pre:playerprops:72055040:338849,variant=pre:playerprops:72055040:358530,variant=pre:playerprops:72055040:380802,variant=pre:playerprops:72055040:810218,variant=pre:playerprops:72055040:964557,variant=pre:playerprops:72055040:966393,variant=pre:playerprops:72055040:996543,variant=pre:playerprops:72055040:1006665,variant=pre:playerprops:72055040:1100015,variant=pre:playerprops:72055040:1108221,variant=pre:playerprops:72055040:1374085,variant=pre:playerprops:72055040:1396837,variant=pre:playerprops:72055040:1512407,variant=pre:playerprops:72055040:1647864,variant=pre:playerprops:72055040:1693415,variant=pre:playerprops:72055040:1719092,variant=pre:playerprops:72055040:1957453,variant=pre:playerprops:72055040:2137290,variant=pre:playerprops:72055040:2211442,variant=pre:playerprops:72055040:2286725,variant=pre:playerprops:72055040:2389021,variant=pre:playerprops:72055040:2400849,variant=pre:playerprops:72055040:2570519,variant=pre:playerprops:72055040:2636933,variant=pre:playerprops:72055040:2636939,variant=pre:playerprops:72055040:2642299,variant=pre:playerprops:72055040:2757461,variant=pre:playerprops:72055040:2762975,variant=pre:playerprops:71935962:176225,variant=pre:playerprops:71935962:250017,variant=pre:playerprops:71935962:333585,variant=pre:playerprops:71935962:339855,variant=pre:playerprops:71935962:340553,variant=pre:playerprops:71935962:365990,variant=pre:playerprops:71935962:588144,variant=pre:playerprops:71935962:795802,variant=pre:playerprops:71935962:871802,variant=pre:playerprops:71935962:919178,variant=pre:playerprops:71935962:954748,variant=pre:playerprops:71935962:954788,variant=pre:playerprops:71935962:1101963,variant=pre:playerprops:71935962:1128661,variant=pre:playerprops:71935962:1323128,variant=pre:playerprops:71935962:1399941,variant=pre:playerprops:71935962:1401433,variant=pre:playerprops:71935962:1404785,variant=pre:playerprops:71935962:1406075,variant=pre:playerprops:71935962:1406599,variant=pre:playerprops:71935962:1416555,variant=pre:playerprops:71935962:1473314,variant=pre:playerprops:71935962:1627214,variant=pre:playerprops:71935962:1705229,variant=pre:playerprops:71935962:1712339,variant=pre:playerprops:71935962:1981351,variant=pre:playerprops:71935962:2004641,variant=pre:playerprops:71935962:2007423,variant=pre:playerprops:71935962:2009465,variant=pre:playerprops:71935962:2053713,variant=pre:playerprops:71935962:2064725,variant=pre:playerprops:71935962:2073521,variant=pre:playerprops:71935962:2086441,variant=pre:playerprops:71935962:2093204,variant=pre:playerprops:71935962:2135940,variant=pre:playerprops:71935962:2244817,variant=pre:playerprops:71935962:2276701,variant=pre:playerprops:71935962:2462725,variant=pre:playerprops:71935962:2484451,variant=pre:playerprops:71935962:2762261,variant=pre:playerprops:71935962:2931225,variant=pre:playerprops:71935962:2965837,variant=pre:playerprops:71935962:3126236,variant=pre:playerprops:53452537:12994,variant=pre:playerprops:53452537:74915,variant=pre:playerprops:53452537:128383,variant=pre:playerprops:53452537:149734,variant=pre:playerprops:53452537:158243,variant=pre:playerprops:53452537:158263,variant=pre:playerprops:53452537:177177,variant=pre:playerprops:53452537:249399,variant=pre:playerprops:53452537:255389,variant=pre:playerprops:53452537:263651,variant=pre:playerprops:53452537:353138,variant=pre:playerprops:53452537:581310,variant=pre:playerprops:53452537:592010,variant=pre:playerprops:53452537:769505,variant=pre:playerprops:53452537:784655,variant=pre:playerprops:53452537:790605,variant=pre:playerprops:53452537:796802,variant=pre:playerprops:53452537:800314,variant=pre:playerprops:53452537:844073,variant=pre:playerprops:53452537:858082,variant=pre:playerprops:53452537:918918,variant=pre:playerprops:53452537:919706,variant=pre:playerprops:53452537:924002,variant=pre:playerprops:53452537:925842,variant=pre:playerprops:53452537:936026,variant=pre:playerprops:53452537:952278,variant=pre:playerprops:53452537:954708,variant=pre:playerprops:53452537:962405,variant=pre:playerprops:53452537:1080112,variant=pre:playerprops:53452537:1115745,variant=pre:playerprops:53452537:1134755,variant=pre:playerprops:53452537:1245194,variant=pre:playerprops:53452537:1296654,variant=pre:playerprops:53452537:1340446,variant=pre:playerprops:53452537:1363568,variant=pre:playerprops:53452537:1428613,variant=pre:playerprops:53452537:1558544,variant=pre:playerprops:53452537:1630398,variant=pre:playerprops:53452537:1634220,variant=pre:playerprops:53452537:1696477,variant=pre:playerprops:53452537:1725982,variant=pre:playerprops:53452537:1860180,variant=pre:playerprops:53452537:2112956,variant=pre:playerprops:53452537:2113372,variant=pre:playerprops:53452537:2184512,variant=pre:playerprops:53452537:2203382,variant=pre:playerprops:53452537:2203428,variant=pre:playerprops:53452537:2269333,variant=pre:playerprops:53452537:2277697,variant=pre:playerprops:53452537:2439417,variant=pre:playerprops:53452537:2487317,variant=pre:playerprops:53452537:2913443,variant=pre:playerprops:72055044:41560,variant=pre:playerprops:72055044:79822,variant=pre:playerprops:72055044:123906,variant=pre:playerprops:72055044:155702,variant=pre:playerprops:72055044:156580,variant=pre:playerprops:72055044:221148,variant=pre:playerprops:72055044:231776,variant=pre:playerprops:72055044:255167,variant=pre:playerprops:72055044:322691,variant=pre:playerprops:72055044:341939,variant=pre:playerprops:72055044:359070,variant=pre:playerprops:72055044:583332,variant=pre:playerprops:72055044:769515,variant=pre:playerprops:72055044:810168,variant=pre:playerprops:72055044:962435,variant=pre:playerprops:72055044:964571,variant=pre:playerprops:72055044:982607,variant=pre:playerprops:72055044:1006663,variant=pre:playerprops:72055044:1010229,variant=pre:playerprops:72055044:1016761,variant=pre:playerprops:72055044:1060001,variant=pre:playerprops:72055044:1101119,variant=pre:playerprops:72055044:1133285,variant=pre:playerprops:72055044:1250090,variant=pre:playerprops:72055044:1322098,variant=pre:playerprops:72055044:1322114,variant=pre:playerprops:72055044:1627560,variant=pre:playerprops:72055044:1646640,variant=pre:playerprops:72055044:1734833,variant=pre:playerprops:72055044:1833140,variant=pre:playerprops:72055044:1852534,variant=pre:playerprops:72055044:1957405,variant=pre:playerprops:72055044:1972113,variant=pre:playerprops:72055044:2002941,variant=pre:playerprops:72055044:2028767,variant=pre:playerprops:72055044:2138766,variant=pre:playerprops:72055044:2149072,variant=pre:playerprops:72055044:2423167,variant=pre:playerprops:72055044:2546639,variant=pre:playerprops:72055044:2645057,variant=pre:playerprops:72055044:2709794,variant=pre:playerprops:72055044:2929589,variant=pre:playerprops:72055042:127485,variant=pre:playerprops:72055042:134449,variant=pre:playerprops:72055042:155629,variant=pre:playerprops:72055042:205790,variant=pre:playerprops:72055042:313184,variant=pre:playerprops:72055042:350562,variant=pre:playerprops:72055042:359080,variant=pre:playerprops:72055042:590700,variant=pre:playerprops:72055042:770253,variant=pre:playerprops:72055042:792077,variant=pre:playerprops:72055042:792123,variant=pre:playerprops:72055042:908706,variant=pre:playerprops:72055042:919600,variant=pre:playerprops:72055042:972955,variant=pre:playerprops:72055042:1090000,variant=pre:playerprops:72055042:1098188,variant=pre:playerprops:72055042:1253552,variant=pre:playerprops:72055042:1329084,variant=pre:playerprops:72055042:1368726,variant=pre:playerprops:72055042:1389661,variant=pre:playerprops:72055042:1396837,variant=pre:playerprops:72055042:1399351,variant=pre:playerprops:72055042:1400225,variant=pre:playerprops:72055042:1410557,variant=pre:playerprops:72055042:1512407,variant=pre:playerprops:72055042:1543883,variant=pre:playerprops:72055042:1544565,variant=pre:playerprops:72055042:1737769,variant=pre:playerprops:72055042:1743381,variant=pre:playerprops:72055042:1944314,variant=pre:playerprops:72055042:1957475,variant=pre:playerprops:72055042:1957525,variant=pre:playerprops:72055042:2002945,variant=pre:playerprops:72055042:2004855,variant=pre:playerprops:72055042:2021473,variant=pre:playerprops:72055042:2065521,variant=pre:playerprops:72055042:2089541,variant=pre:playerprops:72055042:2116006,variant=pre:playerprops:72055042:2181540,variant=pre:playerprops:72055042:2200174,variant=pre:playerprops:72055042:2283851,variant=pre:playerprops:72055042:2309099,variant=pre:playerprops:72055042:2327809,variant=pre:playerprops:72055042:2601951,variant=pre:playerprops:72055042:2716582,variant=pre:playerprops:72055042:2716942,variant=pre:playerprops:72055042:2817137,variant=pre:playerprops:72055042:3025000,variant=pre:playerprops:72055046:47017,variant=pre:playerprops:72055046:139421,variant=pre:playerprops:72055046:220705,variant=pre:playerprops:72055046:269089,variant=pre:playerprops:72055046:755408,variant=pre:playerprops:72055046:795364,variant=pre:playerprops:72055046:804872,variant=pre:playerprops:72055046:810234,variant=pre:playerprops:72055046:931334,variant=pre:playerprops:72055046:948610,variant=pre:playerprops:72055046:957322,variant=pre:playerprops:72055046:991451,variant=pre:playerprops:72055046:1012001,variant=pre:playerprops:72055046:1013183,variant=pre:playerprops:72055046:1051547,variant=pre:playerprops:72055046:1077672,variant=pre:playerprops:72055046:1109667,variant=pre:playerprops:72055046:1406565,variant=pre:playerprops:72055046:1426421,variant=pre:playerprops:72055046:1832352,variant=pre:playerprops:72055046:1865592,variant=pre:playerprops:72055046:1957557,variant=pre:playerprops:72055046:1999395,variant=pre:playerprops:72055046:2055701,variant=pre:playerprops:72055046:2078325,variant=pre:playerprops:72055046:2084411,variant=pre:playerprops:72055046:2087125,variant=pre:playerprops:72055046:2161270,variant=pre:playerprops:72055046:2471071,variant=pre:playerprops:72055046:2534221,variant=pre:playerprops:72055046:2563617,variant=pre:playerprops:72055046:2645427,variant=pre:playerprops:72055046:2689111,variant=pre:playerprops:72055046:2717220,variant=pre:playerprops:72055046:2823195,variant=pre:playerprops:72055046:2945647,variant=pre:playerprops:72176800:15898,variant=pre:playerprops:72176800:114062,variant=pre:playerprops:72176800:335887,variant=pre:playerprops:72176800:820376,variant=pre:playerprops:72176800:857224,variant=pre:playerprops:72176800:886290,variant=pre:playerprops:72176800:944502,variant=pre:playerprops:72176800:977409,variant=pre:playerprops:72176800:1091648,variant=pre:playerprops:72176800:1125951,variant=pre:playerprops:72176800:1302202,variant=pre:playerprops:72176800:1322860,variant=pre:playerprops:72176800:1322924,variant=pre:playerprops:72176800:1425259,variant=pre:playerprops:72176800:1510895,variant=pre:playerprops:72176800:1573492,variant=pre:playerprops:72176800:1573980,variant=pre:playerprops:72176800:1643770,variant=pre:playerprops:72176800:1644704,variant=pre:playerprops:72176800:1722924,variant=pre:playerprops:72176800:1723776,variant=pre:playerprops:72176800:1741721,variant=pre:playerprops:72176800:1750015,variant=pre:playerprops:72176800:1930126,variant=pre:playerprops:72176800:2074847,variant=pre:playerprops:72176800:2121342,variant=pre:playerprops:72176800:2370973,variant=pre:playerprops:72176800:2575587,variant=pre:playerprops:72176800:2794931,variant=pre:playerprops:72176800:2802817,variant=pre:playerprops:72176832:88645,variant=pre:playerprops:72176832:139256,variant=pre:playerprops:72176832:173761,variant=pre:playerprops:72176832:234956,variant=pre:playerprops:72176832:354052,variant=pre:playerprops:72176832:358108,variant=pre:playerprops:72176832:580368,variant=pre:playerprops:72176832:605554,variant=pre:playerprops:72176832:769265,variant=pre:playerprops:72176832:801122,variant=pre:playerprops:72176832:941308,variant=pre:playerprops:72176832:1057047,variant=pre:playerprops:72176832:1146130,variant=pre:playerprops:72176832:1297360,variant=pre:playerprops:72176832:1416729,variant=pre:playerprops:72176832:1571258,variant=pre:playerprops:72176832:1643410,variant=pre:playerprops:72176832:1724660,variant=pre:playerprops:72176832:1860486,variant=pre:playerprops:72176832:1979509,variant=pre:playerprops:72176832:2050127,variant=pre:playerprops:72176832:2088745,variant=pre:playerprops:72176832:2110152,variant=pre:playerprops:72176832:2125874,variant=pre:playerprops:72176832:2160926,variant=pre:playerprops:72176832:2186750,variant=pre:playerprops:72176832:2195074,variant=pre:playerprops:72176832:2208710,variant=pre:playerprops:72176832:2297973,variant=pre:playerprops:72176832:2305393,variant=pre:playerprops:72176832:2355055,variant=pre:playerprops:72176832:2466173,variant=pre:playerprops:72176832:2477283,variant=pre:playerprops:72176832:2487333,variant=pre:playerprops:72176832:2611261,variant=pre:playerprops:72176832:2668315,variant=pre:playerprops:72177118:39573,variant=pre:playerprops:72177118:124590,variant=pre:playerprops:72177118:133544,variant=pre:playerprops:72177118:149663,variant=pre:playerprops:72177118:187205,variant=pre:playerprops:72177118:226986,variant=pre:playerprops:72177118:234148,variant=pre:playerprops:72177118:243623,variant=pre:playerprops:72177118:252821,variant=pre:playerprops:72177118:254491,variant=pre:playerprops:72177118:280637,variant=pre:playerprops:72177118:286145,variant=pre:playerprops:72177118:329245,variant=pre:playerprops:72177118:361004,variant=pre:playerprops:72177118:364490,variant=pre:playerprops:72177118:537360,variant=pre:playerprops:72177118:559968,variant=pre:playerprops:72177118:758608,variant=pre:playerprops:72177118:758876,variant=pre:playerprops:72177118:999517,variant=pre:playerprops:72177118:1045121,variant=pre:playerprops:72177118:1047847,variant=pre:playerprops:72177118:1054707,variant=pre:playerprops:72177118:1136325,variant=pre:playerprops:72177118:1276254,variant=pre:playerprops:72177118:1295932,variant=pre:playerprops:72177118:1429911,variant=pre:playerprops:72177118:1546543,variant=pre:playerprops:72177118:1597578,variant=pre:playerprops:72177118:1720442,variant=pre:playerprops:72177118:1858676,variant=pre:playerprops:72177118:1886208,variant=pre:playerprops:72177118:1951326,variant=pre:playerprops:72177118:1986077,variant=pre:playerprops:72177118:2053067,variant=pre:playerprops:72177118:2114826,variant=pre:playerprops:72177118:2470047,variant=pre:playerprops:72177118:2640713,variant=pre:playerprops:72177118:2653811,variant=pre:playerprops:72177118:2700354,variant=pre:playerprops:72177118:3109312,variant=pre:playerprops:72177122:134778,variant=pre:playerprops:72177122:151118,variant=pre:playerprops:72177122:190261,variant=pre:playerprops:72177122:275867,variant=pre:playerprops:72177122:280565,variant=pre:playerprops:72177122:355460,variant=pre:playerprops:72177122:557878,variant=pre:playerprops:72177122:565546,variant=pre:playerprops:72177122:771341,variant=pre:playerprops:72177122:794150,variant=pre:playerprops:72177122:859462,variant=pre:playerprops:72177122:949680,variant=pre:playerprops:72177122:1117873,variant=pre:playerprops:72177122:1238860,variant=pre:playerprops:72177122:1336424,variant=pre:playerprops:72177122:1421203,variant=pre:playerprops:72177122:1631746,variant=pre:playerprops:72177122:1869036,variant=pre:playerprops:72177122:1956492,variant=pre:playerprops:72177122:1987323,variant=pre:playerprops:72177122:2145698,variant=pre:playerprops:72177122:2194598,variant=pre:playerprops:72177122:2264967,variant=pre:playerprops:72177122:2354439,variant=pre:playerprops:72177122:2358923,variant=pre:playerprops:72177122:2394641,variant=pre:playerprops:72177122:2439643,variant=pre:playerprops:72177122:2661171,variant=pre:playerprops:72177122:2702218,variant=pre:playerprops:72177122:2707216,variant=pre:playerprops:72177122:2737203,variant=pre:playerprops:72176724:110701,variant=pre:playerprops:72176724:155449,variant=pre:playerprops:72176724:227224,variant=pre:playerprops:72176724:242593,variant=pre:playerprops:72176724:278763,variant=pre:playerprops:72176724:571244,variant=pre:playerprops:72176724:603946,variant=pre:playerprops:72176724:605908,variant=pre:playerprops:72176724:606148,variant=pre:playerprops:72176724:770915,variant=pre:playerprops:72176724:781382,variant=pre:playerprops:72176724:815372,variant=pre:playerprops:72176724:936618,variant=pre:playerprops:72176724:955954,variant=pre:playerprops:72176724:978403,variant=pre:playerprops:72176724:982357,variant=pre:playerprops:72176724:1058721,variant=pre:playerprops:72176724:1094226,variant=pre:playerprops:72176724:1128757,variant=pre:playerprops:72176724:1360254,variant=pre:playerprops:72176724:1380837,variant=pre:playerprops:72176724:1429937,variant=pre:playerprops:72176724:1648232,variant=pre:playerprops:72176724:1650249,variant=pre:playerprops:72176724:1996601,variant=pre:playerprops:72176724:2014515,variant=pre:playerprops:72176724:2072785,variant=pre:playerprops:72176724:2190162,variant=pre:playerprops:72176724:2243143,variant=pre:playerprops:72176724:2607815,variant=pre:playerprops:72176724:2611309,variant=pre:playerprops:72176724:2804591,variant=pre:playerprops:72176724:2950611,variant=pre:playerprops:72176724:3044423,variant=pre:playerprops:72176724:3092878,variant=pre:playerprops:66886848:123223,variant=pre:playerprops:66886848:145063,variant=pre:playerprops:66886848:241488,variant=pre:playerprops:66886848:248977,variant=pre:playerprops:66886848:386212,variant=pre:playerprops:66886848:835753,variant=pre:playerprops:66886848:854446,variant=pre:playerprops:66886848:888224,variant=pre:playerprops:66886848:919202,variant=pre:playerprops:66886848:962297,variant=pre:playerprops:66886848:964589,variant=pre:playerprops:66886848:1048645,variant=pre:playerprops:66886848:1079678,variant=pre:playerprops:66886848:1099401,variant=pre:playerprops:66886848:1133115,variant=pre:playerprops:66886848:1323032,variant=pre:playerprops:66886848:1360492,variant=pre:playerprops:66886848:1372556,variant=pre:playerprops:66886848:1406455,variant=pre:playerprops:66886848:1417687,variant=pre:playerprops:66886848:1433767,variant=pre:playerprops:66886848:1557129,variant=pre:playerprops:66886848:1621238,variant=pre:playerprops:66886848:1713133,variant=pre:playerprops:66886848:1834792,variant=pre:playerprops:66886848:1969071,variant=pre:playerprops:66886848:1979555,variant=pre:playerprops:66886848:2051035,variant=pre:playerprops:66886848:2150446,variant=pre:playerprops:66886848:2154730,variant=pre:playerprops:66886848:2161184,variant=pre:playerprops:66886848:2300187,variant=pre:playerprops:66886848:2305659,variant=pre:playerprops:66886848:2307531,variant=pre:playerprops:66886848:2332461,variant=pre:playerprops:66886848:2375177,variant=pre:playerprops:66886848:2639881,variant=pre:playerprops:66886848:2773251,variant=pre:playerprops:66886848:2780495,variant=pre:playerprops:66886848:2814073,variant=pre:playerprops:66886848:3007419,variant=pre:playerprops:66886848:3150044,variant=pre:playerprops:72055048:340537,variant=pre:playerprops:72055048:914452,variant=pre:playerprops:72055048:918668,variant=pre:playerprops:72055048:1030235,variant=pre:playerprops:72055048:1090078,variant=pre:playerprops:72055048:1115485,variant=pre:playerprops:72055048:1134901,variant=pre:playerprops:72055048:1142642,variant=pre:playerprops:72055048:1399973,variant=pre:playerprops:72055048:1407171,variant=pre:playerprops:72055048:1496869,variant=pre:playerprops:72055048:1514093,variant=pre:playerprops:72055048:1543901,variant=pre:playerprops:72055048:1649242,variant=pre:playerprops:72055048:1649484,variant=pre:playerprops:72055048:1708931,variant=pre:playerprops:72055048:1710109,variant=pre:playerprops:72055048:1837402,variant=pre:playerprops:72055048:1881996,variant=pre:playerprops:72055048:1996411,variant=pre:playerprops:72055048:2031445,variant=pre:playerprops:72055048:2053715,variant=pre:playerprops:72055048:2115362,variant=pre:playerprops:72055048:2116454,variant=pre:playerprops:72055048:2218560,variant=pre:playerprops:72055048:2311279,variant=pre:playerprops:72055048:2537841,variant=pre:playerprops:72055048:2637475,variant=pre:playerprops:72055048:2788079,variant=pre:playerprops:72055048:2817031,variant=pre:playerprops:72055048:2822785,variant=pre:playerprops:72176814:56544,variant=pre:playerprops:72176814:151131,variant=pre:playerprops:72176814:153300,variant=pre:playerprops:72176814:171625,variant=pre:playerprops:72176814:188335,variant=pre:playerprops:72176814:318947,variant=pre:playerprops:72176814:359670,variant=pre:playerprops:72176814:369940,variant=pre:playerprops:72176814:551468,variant=pre:playerprops:72176814:758590,variant=pre:playerprops:72176814:956574,variant=pre:playerprops:72176814:1024895,variant=pre:playerprops:72176814:1026613,variant=pre:playerprops:72176814:1061776,variant=pre:playerprops:72176814:1078328,variant=pre:playerprops:72176814:1146208,variant=pre:playerprops:72176814:1281194,variant=pre:playerprops:72176814:1359646,variant=pre:playerprops:72176814:1428599,variant=pre:playerprops:72176814:1499299,variant=pre:playerprops:72176814:1514065,variant=pre:playerprops:72176814:1634248,variant=pre:playerprops:72176814:1644258,variant=pre:playerprops:72176814:1644484,variant=pre:playerprops:72176814:1987441,variant=pre:playerprops:72176814:1987661,variant=pre:playerprops:72176814:1987753,variant=pre:playerprops:72176814:2060093,variant=pre:playerprops:72176814:2196284,variant=pre:playerprops:72176814:2196286,variant=pre:playerprops:72176814:2443533,variant=pre:playerprops:72176814:2454527,variant=pre:playerprops:72176814:2454529,variant=pre:playerprops:72176814:2883781,variant=pre:playerprops:72176810:94941,variant=pre:playerprops:72176810:199092,variant=pre:playerprops:72176810:229678,variant=pre:playerprops:72176810:361160,variant=pre:playerprops:72176810:857148,variant=pre:playerprops:72176810:898478,variant=pre:playerprops:72176810:939240,variant=pre:playerprops:72176810:969477,variant=pre:playerprops:72176810:993051,variant=pre:playerprops:72176810:997191,variant=pre:playerprops:72176810:1013433,variant=pre:playerprops:72176810:1016365,variant=pre:playerprops:72176810:1061005,variant=pre:playerprops:72176810:1080430,variant=pre:playerprops:72176810:1129723,variant=pre:playerprops:72176810:1251350,variant=pre:playerprops:72176810:1304216,variant=pre:playerprops:72176810:1383747,variant=pre:playerprops:72176810:1412423,variant=pre:playerprops:72176810:1490728,variant=pre:playerprops:72176810:1496333,variant=pre:playerprops:72176810:1641916,variant=pre:playerprops:72176810:1705369,variant=pre:playerprops:72176810:1707881,variant=pre:playerprops:72176810:1721980,variant=pre:playerprops:72176810:1726838,variant=pre:playerprops:72176810:1746937,variant=pre:playerprops:72176810:1989227,variant=pre:playerprops:72176810:1991529,variant=pre:playerprops:72176810:2032275,variant=pre:playerprops:72176810:2060137,variant=pre:playerprops:72176810:2279521,variant=pre:playerprops:72176810:2292547,variant=pre:playerprops:72176810:2324373,variant=pre:playerprops:72176810:2403049,variant=pre:playerprops:72176810:2411159,variant=pre:playerprops:72176810:2523057,variant=pre:playerprops:72176810:2528429,variant=pre:playerprops:72176810:2566817,variant=pre:playerprops:72176810:2675255,variant=pre:playerprops:72176810:2781169,variant=pre:playerprops:72176810:2830833,variant=pre:playerprops:72176810:2837347,variant=pre:playerprops:66886852:34141,variant=pre:playerprops:66886852:77726,variant=pre:playerprops:66886852:152276,variant=pre:playerprops:66886852:220833,variant=pre:playerprops:66886852:285949,variant=pre:playerprops:66886852:295167,variant=pre:playerprops:66886852:330057,variant=pre:playerprops:66886852:331397,variant=pre:playerprops:66886852:378590,variant=pre:playerprops:66886852:822758,variant=pre:playerprops:66886852:862590,variant=pre:playerprops:66886852:1108379,variant=pre:playerprops:66886852:1110033,variant=pre:playerprops:66886852:1147012,variant=pre:playerprops:66886852:1273834,variant=pre:playerprops:66886852:1407441,variant=pre:playerprops:66886852:1408017,variant=pre:playerprops:66886852:1429353,variant=pre:playerprops:66886852:1557139,variant=pre:playerprops:66886852:1692807,variant=pre:playerprops:66886852:1728161,variant=pre:playerprops:66886852:1766257,variant=pre:playerprops:66886852:1990003,variant=pre:playerprops:66886852:2000059,variant=pre:playerprops:66886852:2105128,variant=pre:playerprops:66886852:2161538,variant=pre:playerprops:66886852:2161650,variant=pre:playerprops:66886852:2163552,variant=pre:playerprops:66886852:2188632,variant=pre:playerprops:66886852:2266581,variant=pre:playerprops:66886852:2285513,variant=pre:playerprops:66886852:2285519,variant=pre:playerprops:66886852:2538421,variant=pre:playerprops:66886852:2703356,variant=pre:playerprops:66886852:2714242,variant=pre:playerprops:66886852:2714246,variant=pre:playerprops:66886852:2766599,variant=pre:playerprops:66886852:2814081,variant=pre:playerprops:66886852:2814093,variant=pre:playerprops:66886852:2822191,variant=pre:playerprops:66886852:2998059,variant=pre:playerprops:72055050:56113,variant=pre:playerprops:72055050:127485,variant=pre:playerprops:72055050:155629,variant=pre:playerprops:72055050:205790,variant=pre:playerprops:72055050:253415,variant=pre:playerprops:72055050:313184,variant=pre:playerprops:72055050:590700,variant=pre:playerprops:72055050:755136,variant=pre:playerprops:72055050:770253,variant=pre:playerprops:72055050:792077,variant=pre:playerprops:72055050:792123,variant=pre:playerprops:72055050:810218,variant=pre:playerprops:72055050:908706,variant=pre:playerprops:72055050:966393,variant=pre:playerprops:72055050:972955,variant=pre:playerprops:72055050:996543,variant=pre:playerprops:72055050:1006665,variant=pre:playerprops:72055050:1098188,variant=pre:playerprops:72055050:1100015,variant=pre:playerprops:72055050:1108221,variant=pre:playerprops:72055050:1240880,variant=pre:playerprops:72055050:1253552,variant=pre:playerprops:72055050:1329084,variant=pre:playerprops:72055050:1389661,variant=pre:playerprops:72055050:1396837,variant=pre:playerprops:72055050:1400225,variant=pre:playerprops:72055050:1512407,variant=pre:playerprops:72055050:1693415,variant=pre:playerprops:72055050:1719092,variant=pre:playerprops:72055050:1737769,variant=pre:playerprops:72055050:1944314,variant=pre:playerprops:72055050:1957453,variant=pre:playerprops:72055050:1957475,variant=pre:playerprops:72055050:2089541,variant=pre:playerprops:72055050:2200174,variant=pre:playerprops:72055050:2286725,variant=pre:playerprops:72055050:2327809,variant=pre:playerprops:72055050:2389021,variant=pre:playerprops:72055050:2570519,variant=pre:playerprops:72055050:2817137,variant=pre:playerprops:72055050:3057053,variant=pre:playerprops:66886856:46620,variant=pre:playerprops:66886856:82680,variant=pre:playerprops:66886856:84854,variant=pre:playerprops:66886856:132874,variant=pre:playerprops:66886856:311456,variant=pre:playerprops:66886856:354894,variant=pre:playerprops:66886856:358548,variant=pre:playerprops:66886856:590262,variant=pre:playerprops:66886856:803498,variant=pre:playerprops:66886856:838379,variant=pre:playerprops:66886856:916392,variant=pre:playerprops:66886856:992067,variant=pre:playerprops:66886856:1059985,variant=pre:playerprops:66886856:1085626,variant=pre:playerprops:66886856:1111675,variant=pre:playerprops:66886856:1133679,variant=pre:playerprops:66886856:1135237,variant=pre:playerprops:66886856:1141466,variant=pre:playerprops:66886856:1414147,variant=pre:playerprops:66886856:1604136,variant=pre:playerprops:66886856:1617216,variant=pre:playerprops:66886856:1769424,variant=pre:playerprops:66886856:1859510,variant=pre:playerprops:66886856:1997965,variant=pre:playerprops:66886856:2032269,variant=pre:playerprops:66886856:2078515,variant=pre:playerprops:66886856:2083421,variant=pre:playerprops:66886856:2120088,variant=pre:playerprops:66886856:2140330,variant=pre:playerprops:66886856:2160500,variant=pre:playerprops:66886856:2196544,variant=pre:playerprops:66886856:2335187,variant=pre:playerprops:66886856:2387827,variant=pre:playerprops:66886856:2714230,variant=pre:playerprops:66886856:2842957,variant=pre:playerprops:66886856:3153230,variant=pre:playerprops:66886842:29735,variant=pre:playerprops:66886842:33132,variant=pre:playerprops:66886842:44760,variant=pre:playerprops:66886842:166491,variant=pre:playerprops:66886842:243651,variant=pre:playerprops:66886842:255873,variant=pre:playerprops:66886842:261687,variant=pre:playerprops:66886842:282557,variant=pre:playerprops:66886842:335033,variant=pre:playerprops:66886842:340519,variant=pre:playerprops:66886842:354510,variant=pre:playerprops:66886842:356514,variant=pre:playerprops:66886842:849856,variant=pre:playerprops:66886842:996541,variant=pre:playerprops:66886842:1071390,variant=pre:playerprops:66886842:1323014,variant=pre:playerprops:66886842:1357724,variant=pre:playerprops:66886842:1407335,variant=pre:playerprops:66886842:1407427,variant=pre:playerprops:66886842:1407483,variant=pre:playerprops:66886842:1696453,variant=pre:playerprops:66886842:1696483,variant=pre:playerprops:66886842:1722974,variant=pre:playerprops:66886842:1743915,variant=pre:playerprops:66886842:1744171,variant=pre:playerprops:66886842:1939184,variant=pre:playerprops:66886842:1997511,variant=pre:playerprops:66886842:2090565,variant=pre:playerprops:66886842:2160454,variant=pre:playerprops:66886842:2162710,variant=pre:playerprops:66886842:2170306,variant=pre:playerprops:66886842:2212066,variant=pre:playerprops:66886842:2285183,variant=pre:playerprops:66886842:2329087,variant=pre:playerprops:66886842:2335541,variant=pre:playerprops:66886842:2625477,variant=pre:playerprops:66886842:2627563,variant=pre:playerprops:66886842:2714238,variant=pre:playerprops:66886842:2739595,variant=pre:playerprops:66886842:2766121,variant=pre:playerprops:66886842:2824153,variant=pre:playerprops:66886842:2864695,variant=pre:playerprops:66886842:2974191,variant=pre:playerprops:66886842:3135440,variant=pre:playerprops:66886842:3149172,variant=pre:playerprops:66886842:3178876,variant=pre:playerprops:66886850:25554,variant=pre:playerprops:66886850:124997,variant=pre:playerprops:66886850:128376,variant=pre:playerprops:66886850:245159,variant=pre:playerprops:66886850:260077,variant=pre:playerprops:66886850:345113,variant=pre:playerprops:66886850:377238,variant=pre:playerprops:66886850:581060,variant=pre:playerprops:66886850:604274,variant=pre:playerprops:66886850:611876,variant=pre:playerprops:66886850:860104,variant=pre:playerprops:66886850:954706,variant=pre:playerprops:66886850:992077,variant=pre:playerprops:66886850:1124571,variant=pre:playerprops:66886850:1133061,variant=pre:playerprops:66886850:1134383,variant=pre:playerprops:66886850:1357814,variant=pre:playerprops:66886850:1388007,variant=pre:playerprops:66886850:1407479,variant=pre:playerprops:66886850:1430357,variant=pre:playerprops:66886850:1603612,variant=pre:playerprops:66886850:1713493,variant=pre:playerprops:66886850:1728191,variant=pre:playerprops:66886850:1831976,variant=pre:playerprops:66886850:1832684,variant=pre:playerprops:66886850:1835610,variant=pre:playerprops:66886850:1953362,variant=pre:playerprops:66886850:2057347,variant=pre:playerprops:66886850:2090299,variant=pre:playerprops:66886850:2090607,variant=pre:playerprops:66886850:2134446,variant=pre:playerprops:66886850:2159502,variant=pre:playerprops:66886850:2284771,variant=pre:playerprops:66886850:2423923,variant=pre:playerprops:66886850:2606477,variant=pre:playerprops:66886850:2681047,variant=pre:playerprops:66886850:2713952,variant=pre:playerprops:66886850:2781377,variant=pre:playerprops:66886850:2891803,variant=pre:playerprops:66886850:2920901,variant=pre:playerprops:66886850:2991065,variant=pre:playerprops:66299250:48472,variant=pre:playerprops:66299250:135777,variant=pre:playerprops:66299250:235460,variant=pre:playerprops:66299250:284605,variant=pre:playerprops:66299250:287833,variant=pre:playerprops:66299250:551568,variant=pre:playerprops:66299250:861432,variant=pre:playerprops:66299250:945180,variant=pre:playerprops:66299250:981117,variant=pre:playerprops:66299250:990245,variant=pre:playerprops:66299250:1013301,variant=pre:playerprops:66299250:1025747,variant=pre:playerprops:66299250:1115503,variant=pre:playerprops:66299250:1244748,variant=pre:playerprops:66299250:1602926,variant=pre:playerprops:66299250:1671917,variant=pre:playerprops:66299250:1705495,variant=pre:playerprops:66299250:1709863,variant=pre:playerprops:66299250:1957831,variant=pre:playerprops:66299250:2051453,variant=pre:playerprops:66299250:2139054,variant=pre:playerprops:66299250:2286205,variant=pre:playerprops:66299250:2286841,variant=pre:playerprops:66299250:2302873,variant=pre:playerprops:66299250:2318031,variant=pre:playerprops:66299250:2332023,variant=pre:playerprops:66299250:2463263,variant=pre:playerprops:66299250:2563395,variant=pre:playerprops:66299250:2566255,variant=pre:playerprops:66299250:2717274,variant=pre:playerprops:66299250:2748483,variant=pre:playerprops:66299250:2947777,variant=pre:playerprops:66299248:35166,variant=pre:playerprops:66299248:330485,variant=pre:playerprops:66299248:387776,variant=pre:playerprops:66299248:540004,variant=pre:playerprops:66299248:546416,variant=pre:playerprops:66299248:901380,variant=pre:playerprops:66299248:918706,variant=pre:playerprops:66299248:1082692,variant=pre:playerprops:66299248:1094740,variant=pre:playerprops:66299248:1125583,variant=pre:playerprops:66299248:1126343,variant=pre:playerprops:66299248:1236980,variant=pre:playerprops:66299248:1414113,variant=pre:playerprops:66299248:1419259,variant=pre:playerprops:66299248:1557267,variant=pre:playerprops:66299248:1739999,variant=pre:playerprops:66299248:2064079,variant=pre:playerprops:66299248:2091687,variant=pre:playerprops:66299248:2287331,variant=pre:playerprops:66299248:2389965,variant=pre:playerprops:66299248:2438353,variant=pre:playerprops:66299248:2533083,variant=pre:playerprops:66299248:2615215,variant=pre:playerprops:66299248:2714204,variant=pre:playerprops:66299248:2782583,variant=pre:playerprops:66299248:2792227,variant=pre:playerprops:66299248:2917011,variant=pre:playerprops:66299248:2945541,variant=pre:playerprops:66299252:12994,variant=pre:playerprops:66299252:16943,variant=pre:playerprops:66299252:159593,variant=pre:playerprops:66299252:249399,variant=pre:playerprops:66299252:279513,variant=pre:playerprops:66299252:328247,variant=pre:playerprops:66299252:595576,variant=pre:playerprops:66299252:777892,variant=pre:playerprops:66299252:871084,variant=pre:playerprops:66299252:918930,variant=pre:playerprops:66299252:977319,variant=pre:playerprops:66299252:1061079,variant=pre:playerprops:66299252:1107259,variant=pre:playerprops:66299252:1707813,variant=pre:playerprops:66299252:1709505,variant=pre:playerprops:66299252:1709729,variant=pre:playerprops:66299252:1709887,variant=pre:playerprops:66299252:1957423,variant=pre:playerprops:66299252:1995571,variant=pre:playerprops:66299252:1997703,variant=pre:playerprops:66299252:2000063,variant=pre:playerprops:66299252:2038487,variant=pre:playerprops:66299252:2122580,variant=pre:playerprops:66299252:2133062,variant=pre:playerprops:66299252:2148928,variant=pre:playerprops:66299252:2160190,variant=pre:playerprops:66299252:2309095,variant=pre:playerprops:66299252:2355153,variant=pre:playerprops:66299252:2748499,variant=pre:playerprops:66299252:2764935,variant=pre:playerprops:66299252:2769229,variant=pre:playerprops:66299252:2828675,variant=pre:playerprops:66299252:2946749,variant=pre:playerprops:66299254:149277,variant=pre:playerprops:66299254:254895,variant=pre:playerprops:66299254:273031,variant=pre:playerprops:66299254:314128,variant=pre:playerprops:66299254:590324,variant=pre:playerprops:66299254:792535,variant=pre:playerprops:66299254:811862,variant=pre:playerprops:66299254:858226,variant=pre:playerprops:66299254:919074,variant=pre:playerprops:66299254:950636,variant=pre:playerprops:66299254:967039,variant=pre:playerprops:66299254:1005611,variant=pre:playerprops:66299254:1098208,variant=pre:playerprops:66299254:1134269,variant=pre:playerprops:66299254:1561106,variant=pre:playerprops:66299254:1642334,variant=pre:playerprops:66299254:1722760,variant=pre:playerprops:66299254:1957275,variant=pre:playerprops:66299254:1986143,variant=pre:playerprops:66299254:2125648,variant=pre:playerprops:66299254:2140710,variant=pre:playerprops:66299254:2275021,variant=pre:playerprops:66299254:2287343,variant=pre:playerprops:66299254:2289623,variant=pre:playerprops:66299254:2296259,variant=pre:playerprops:66299254:2329251,variant=pre:playerprops:66299254:2583895,variant=pre:playerprops:66299254:2604179,variant=pre:playerprops:66299254:2628467,variant=pre:playerprops:66299254:2723866,variant=pre:playerprops:66299254:2754921,variant=pre:playerprops:66299254:2847277,variant=pre:playerprops:66299254:3014023,variant=pre:playerprops:66299254:3159078,variant=pre:playerprops:66299256:21626,variant=pre:playerprops:66299256:49855,variant=pre:playerprops:66299256:51785,variant=pre:playerprops:66299256:331411,variant=pre:playerprops:66299256:343013,variant=pre:playerprops:66299256:545988,variant=pre:playerprops:66299256:803608,variant=pre:playerprops:66299256:805020,variant=pre:playerprops:66299256:1322050,variant=pre:playerprops:66299256:1344214,variant=pre:playerprops:66299256:1379289,variant=pre:playerprops:66299256:1546081,variant=pre:playerprops:66299256:1694889,variant=pre:playerprops:66299256:1766637,variant=pre:playerprops:66299256:1848588,variant=pre:playerprops:66299256:1995563,variant=pre:playerprops:66299256:1998587,variant=pre:playerprops:66299256:2003149,variant=pre:playerprops:66299256:2043833,variant=pre:playerprops:66299256:2144710,variant=pre:playerprops:66299256:2184806,variant=pre:playerprops:66299256:2240831,variant=pre:playerprops:66299256:2302797,variant=pre:playerprops:66299256:2419259,variant=pre:playerprops:66299256:2463273,variant=pre:playerprops:66299256:2584539,variant=pre:playerprops:66299256:2588955,variant=pre:playerprops:66299256:2601927,variant=pre:playerprops:66299256:2631099,variant=pre:playerprops:66299256:2679629,variant=pre:playerprops:66299256:2757457,variant=pre:playerprops:66299256:2800655,variant=pre:playerprops:66299256:2828919,variant=pre:playerprops:66299256:2912923,variant=pre:playerprops:66299256:2929017,variant=pre:playerprops:66299256:2931603,variant=pre:playerprops:66299256:3158996,variant=pre:playerprops:66299258:49647,variant=pre:playerprops:66299258:106111,variant=pre:playerprops:66299258:118179,variant=pre:playerprops:66299258:147887,variant=pre:playerprops:66299258:151256,variant=pre:playerprops:66299258:324353,variant=pre:playerprops:66299258:333275,variant=pre:playerprops:66299258:333373,variant=pre:playerprops:66299258:335747,variant=pre:playerprops:66299258:358218,variant=pre:playerprops:66299258:545976,variant=pre:playerprops:66299258:803812,variant=pre:playerprops:66299258:809766,variant=pre:playerprops:66299258:872176,variant=pre:playerprops:66299258:1026223,variant=pre:playerprops:66299258:1045869,variant=pre:playerprops:66299258:1056987,variant=pre:playerprops:66299258:1103809,variant=pre:playerprops:66299258:1108159,variant=pre:playerprops:66299258:1369420,variant=pre:playerprops:66299258:1413223,variant=pre:playerprops:66299258:1634026,variant=pre:playerprops:66299258:1995601,variant=pre:playerprops:66299258:2122164,variant=pre:playerprops:66299258:2199874,variant=pre:playerprops:66299258:2244207,variant=pre:playerprops:66299258:2377065,variant=pre:playerprops:66299258:2566165,variant=pre:playerprops:66299258:2583827,variant=pre:playerprops:66299258:2645737,variant=pre:playerprops:66299258:2776289,variant=pre:playerprops:66299258:2780417,variant=pre:playerprops:66299258:2916997,variant=pre:playerprops:66299258:2960275,variant=pre:playerprops:66299262:48050,variant=pre:playerprops:66299262:94743,variant=pre:playerprops:66299262:111108,variant=pre:playerprops:66299262:204790,variant=pre:playerprops:66299262:309290,variant=pre:playerprops:66299262:356444,variant=pre:playerprops:66299262:756252,variant=pre:playerprops:66299262:772907,variant=pre:playerprops:66299262:843497,variant=pre:playerprops:66299262:902096,variant=pre:playerprops:66299262:992875,variant=pre:playerprops:66299262:992939,variant=pre:playerprops:66299262:1010313,variant=pre:playerprops:66299262:1030831,variant=pre:playerprops:66299262:1323000,variant=pre:playerprops:66299262:1383035,variant=pre:playerprops:66299262:1383983,variant=pre:playerprops:66299262:1388005,variant=pre:playerprops:66299262:1416399,variant=pre:playerprops:66299262:1557205,variant=pre:playerprops:66299262:1707265,variant=pre:playerprops:66299262:1736977,variant=pre:playerprops:66299262:1882892,variant=pre:playerprops:66299262:1957251,variant=pre:playerprops:66299262:2140600,variant=pre:playerprops:66299262:2186632,variant=pre:playerprops:66299262:2200522,variant=pre:playerprops:66299262:2302429,variant=pre:playerprops:66299262:2334049,variant=pre:playerprops:66299262:2341023,variant=pre:playerprops:66299262:2520777,variant=pre:playerprops:66299262:2768193,variant=pre:playerprops:66299262:3124456,variant=pre:playerprops:66299262:3159004,variant=pre:playerprops:66299262:3159006,variant=pre:playerprops:66299266:118178,variant=pre:playerprops:66299266:150047,variant=pre:playerprops:66299266:155827,variant=pre:playerprops:66299266:169375,variant=pre:playerprops:66299266:221350,variant=pre:playerprops:66299266:558698,variant=pre:playerprops:66299266:575178,variant=pre:playerprops:66299266:590832,variant=pre:playerprops:66299266:803026,variant=pre:playerprops:66299266:940680,variant=pre:playerprops:66299266:951366,variant=pre:playerprops:66299266:1005173,variant=pre:playerprops:66299266:1006355,variant=pre:playerprops:66299266:1114897,variant=pre:playerprops:66299266:1129495,variant=pre:playerprops:66299266:1132195,variant=pre:playerprops:66299266:1407451,variant=pre:playerprops:66299266:1709867,variant=pre:playerprops:66299266:1796354,variant=pre:playerprops:66299266:1829264,variant=pre:playerprops:66299266:1831226,variant=pre:playerprops:66299266:2054309,variant=pre:playerprops:66299266:2119022,variant=pre:playerprops:66299266:2124702,variant=pre:playerprops:66299266:2127564,variant=pre:playerprops:66299266:2138790,variant=pre:playerprops:66299266:2138950,variant=pre:playerprops:66299266:2155058,variant=pre:playerprops:66299266:2157878,variant=pre:playerprops:66299266:2212330,variant=pre:playerprops:66299266:2242501,variant=pre:playerprops:66299266:2268603,variant=pre:playerprops:66299266:2285549,variant=pre:playerprops:66299266:2511691,variant=pre:playerprops:66299266:2552221,variant=pre:playerprops:66299266:2612305,variant=pre:playerprops:66299266:2625891,variant=pre:playerprops:66299266:2717258,variant=pre:playerprops:66299266:2743073,variant=pre:playerprops:66299264:38624,variant=pre:playerprops:66299264:314104,variant=pre:playerprops:66299264:796750,variant=pre:playerprops:66299264:840911,variant=pre:playerprops:66299264:861932,variant=pre:playerprops:66299264:922740,variant=pre:playerprops:66299264:934952,variant=pre:playerprops:66299264:1091602,variant=pre:playerprops:66299264:1094746,variant=pre:playerprops:66299264:1271314,variant=pre:playerprops:66299264:1497913,variant=pre:playerprops:66299264:1562438,variant=pre:playerprops:66299264:1697229,variant=pre:playerprops:66299264:1722806,variant=pre:playerprops:66299264:1733329,variant=pre:playerprops:66299264:1951040,variant=pre:playerprops:66299264:1951058,variant=pre:playerprops:66299264:1957205,variant=pre:playerprops:66299264:1987407,variant=pre:playerprops:66299264:2079403,variant=pre:playerprops:66299264:2119492,variant=pre:playerprops:66299264:2119514,variant=pre:playerprops:66299264:2125946,variant=pre:playerprops:66299264:2181076,variant=pre:playerprops:66299264:2181102,variant=pre:playerprops:66299264:2238268,variant=pre:playerprops:66299264:2271903,variant=pre:playerprops:66299264:2272719,variant=pre:playerprops:66299264:2303625,variant=pre:playerprops:66299264:2318341,variant=pre:playerprops:66299264:2748493,variant=pre:playerprops:66299264:2907567,variant=pre:playerprops:66299264:2917013,variant=pre:playerprops:66299264:2928363,variant=pre:playerprops:66299264:3047427,variant=pre:playerprops:66299260:48774,variant=pre:playerprops:66299260:128613,variant=pre:playerprops:66299260:134903,variant=pre:playerprops:66299260:155953,variant=pre:playerprops:66299260:226958,variant=pre:playerprops:66299260:314190,variant=pre:playerprops:66299260:329165,variant=pre:playerprops:66299260:360998,variant=pre:playerprops:66299260:772421,variant=pre:playerprops:66299260:809780,variant=pre:playerprops:66299260:822932,variant=pre:playerprops:66299260:939770,variant=pre:playerprops:66299260:1097926,variant=pre:playerprops:66299260:1107253,variant=pre:playerprops:66299260:1109669,variant=pre:playerprops:66299260:1129431,variant=pre:playerprops:66299260:1129443,variant=pre:playerprops:66299260:1412183,variant=pre:playerprops:66299260:1414099,variant=pre:playerprops:66299260:1708349,variant=pre:playerprops:66299260:1709723,variant=pre:playerprops:66299260:1952750,variant=pre:playerprops:66299260:1957293,variant=pre:playerprops:66299260:1995669,variant=pre:playerprops:66299260:2000513,variant=pre:playerprops:66299260:2057211,variant=pre:playerprops:66299260:2187594,variant=pre:playerprops:66299260:2218634,variant=pre:playerprops:66299260:2734152,variant=pre:playerprops:66299260:2752581,variant=pre:playerprops:66299260:2774593,variant=pre:playerprops:66299260:3032630,variant=pre:playerprops:66299268:156102,variant=pre:playerprops:66299268:228336,variant=pre:playerprops:66299268:280721,variant=pre:playerprops:66299268:303602,variant=pre:playerprops:66299268:332995,variant=pre:playerprops:66299268:756440,variant=pre:playerprops:66299268:821198,variant=pre:playerprops:66299268:914072,variant=pre:playerprops:66299268:951330,variant=pre:playerprops:66299268:1070072,variant=pre:playerprops:66299268:1087492,variant=pre:playerprops:66299268:1297634,variant=pre:playerprops:66299268:1711223,variant=pre:playerprops:66299268:1724650,variant=pre:playerprops:66299268:1957599,variant=pre:playerprops:66299268:1981083,variant=pre:playerprops:66299268:2010757,variant=pre:playerprops:66299268:2051329,variant=pre:playerprops:66299268:2077049,variant=pre:playerprops:66299268:2114250,variant=pre:playerprops:66299268:2133480,variant=pre:playerprops:66299268:2243365,variant=pre:playerprops:66299268:2272757,variant=pre:playerprops:66299268:2308775,variant=pre:playerprops:66299268:2610149,variant=pre:playerprops:66299268:2680225,variant=pre:playerprops:66299268:2717254,variant=pre:playerprops:66299268:2717266,variant=pre:playerprops:66299268:2717272,variant=pre:playerprops:66299268:2767385,variant=pre:playerprops:66299268:2799039,variant=pre:playerprops:66299268:2857937,variant=pre:playerprops:66299268:2917007,variant=pre:playerprops:66299268:2940645,variant=pre:playerprops:72179162:94686,variant=pre:playerprops:72179162:149045,variant=pre:playerprops:72179162:189009,variant=pre:playerprops:72179162:214080,variant=pre:playerprops:72179162:294313,variant=pre:playerprops:72179162:326343,variant=pre:playerprops:72179162:354520,variant=pre:playerprops:72179162:834955,variant=pre:playerprops:72179162:935150,variant=pre:playerprops:72179162:941534,variant=pre:playerprops:72179162:947248,variant=pre:playerprops:72179162:1013351,variant=pre:playerprops:72179162:1047245,variant=pre:playerprops:72179162:1060117,variant=pre:playerprops:72179162:1103575,variant=pre:playerprops:72179162:1118791,variant=pre:playerprops:72179162:1298490,variant=pre:playerprops:72179162:1372586,variant=pre:playerprops:72179162:1627588,variant=pre:playerprops:72179162:1637444,variant=pre:playerprops:72179162:1649166,variant=pre:playerprops:72179162:1658717,variant=pre:playerprops:72179162:1663305,variant=pre:playerprops:72179162:1700301,variant=pre:playerprops:72179162:1725614,variant=pre:playerprops:72179162:1770238,variant=pre:playerprops:72179162:1952150,variant=pre:playerprops:72179162:2009681,variant=pre:playerprops:72179162:2041773,variant=pre:playerprops:72179162:2059009,variant=pre:playerprops:72179162:2072735,variant=pre:playerprops:72179162:2088937,variant=pre:playerprops:72179162:2104448,variant=pre:playerprops:72179162:2130742,variant=pre:playerprops:72179162:2388461,variant=pre:playerprops:72179162:2409745,variant=pre:playerprops:72179162:2420505,variant=pre:playerprops:72179162:2749517,variant=pre:playerprops:72179162:2774875,variant=pre:playerprops:72179162:2806863,variant=pre:playerprops:72179718:39661,variant=pre:playerprops:72179718:41116,variant=pre:playerprops:72179718:137677,variant=pre:playerprops:72179718:137682,variant=pre:playerprops:72179718:138595,variant=pre:playerprops:72179718:139229,variant=pre:playerprops:72179718:154040,variant=pre:playerprops:72179718:188133,variant=pre:playerprops:72179718:239632,variant=pre:playerprops:72179718:309892,variant=pre:playerprops:72179718:361276,variant=pre:playerprops:72179718:361310,variant=pre:playerprops:72179718:547796,variant=pre:playerprops:72179718:822662,variant=pre:playerprops:72179718:823310,variant=pre:playerprops:72179718:934772,variant=pre:playerprops:72179718:937138,variant=pre:playerprops:72179718:986269,variant=pre:playerprops:72179718:1045873,variant=pre:playerprops:72179718:1045887,variant=pre:playerprops:72179718:1060687,variant=pre:playerprops:72179718:1094130,variant=pre:playerprops:72179718:1382891,variant=pre:playerprops:72179718:1382915,variant=pre:playerprops:72179718:1612744,variant=pre:playerprops:72179718:1631298,variant=pre:playerprops:72179718:1631710,variant=pre:playerprops:72179718:1652563,variant=pre:playerprops:72179718:1956484,variant=pre:playerprops:72179718:1975725,variant=pre:playerprops:72179718:1987351,variant=pre:playerprops:72179718:2134862,variant=pre:playerprops:72179718:2236934,variant=pre:playerprops:72179718:2256245,variant=pre:playerprops:72179718:2264541,variant=pre:playerprops:72179718:2460935,variant=pre:playerprops:72179718:2521609,variant=pre:playerprops:72179718:2639545,variant=pre:playerprops:72179718:2804619,variant=pre:playerprops:72179718:2843477,variant=pre:playerprops:72179158:36077,variant=pre:playerprops:72179158:122399,variant=pre:playerprops:72179158:138546,variant=pre:playerprops:72179158:152688,variant=pre:playerprops:72179158:328151,variant=pre:playerprops:72179158:817078,variant=pre:playerprops:72179158:1091112,variant=pre:playerprops:72179158:1295764,variant=pre:playerprops:72179158:1297570,variant=pre:playerprops:72179158:1299884,variant=pre:playerprops:72179158:1322112,variant=pre:playerprops:72179158:1344800,variant=pre:playerprops:72179158:1382089,variant=pre:playerprops:72179158:1382937,variant=pre:playerprops:72179158:1474360,variant=pre:playerprops:72179158:1498577,variant=pre:playerprops:72179158:1644568,variant=pre:playerprops:72179158:1718652,variant=pre:playerprops:72179158:1728609,variant=pre:playerprops:72179158:2091815,variant=pre:playerprops:72179158:2106852,variant=pre:playerprops:72179158:2114174,variant=pre:playerprops:72179158:2153274,variant=pre:playerprops:72179158:2161486,variant=pre:playerprops:72179158:2230194,variant=pre:playerprops:72179158:2423143,variant=pre:playerprops:72179158:2586449,variant=pre:playerprops:72179158:2652385,variant=pre:playerprops:72179158:2688811,variant=pre:playerprops:72179158:2757189,variant=pre:playerprops:72179158:2781405,variant=pre:playerprops:72179686:135666,variant=pre:playerprops:72179686:280631,variant=pre:playerprops:72179686:548660,variant=pre:playerprops:72179686:584722,variant=pre:playerprops:72179686:752922,variant=pre:playerprops:72179686:792373,variant=pre:playerprops:72179686:795266,variant=pre:playerprops:72179686:801810,variant=pre:playerprops:72179686:929730,variant=pre:playerprops:72179686:1047625,variant=pre:playerprops:72179686:1060457,variant=pre:playerprops:72179686:1134659,variant=pre:playerprops:72179686:1264306,variant=pre:playerprops:72179686:1298462,variant=pre:playerprops:72179686:1300748,variant=pre:playerprops:72179686:1382281,variant=pre:playerprops:72179686:1591258,variant=pre:playerprops:72179686:1957911,variant=pre:playerprops:72179686:1971609,variant=pre:playerprops:72179686:1971975,variant=pre:playerprops:72179686:1996453,variant=pre:playerprops:72179686:2062765,variant=pre:playerprops:72179686:2125362,variant=pre:playerprops:72179686:2152886,variant=pre:playerprops:72179686:2220904,variant=pre:playerprops:72179686:2298659,variant=pre:playerprops:72179686:2305431,variant=pre:playerprops:72179686:2350317,variant=pre:playerprops:72179686:2401679,variant=pre:playerprops:72179686:2413339,variant=pre:playerprops:72179686:2610753,variant=pre:playerprops:72179714:174243,variant=pre:playerprops:72179714:191986,variant=pre:playerprops:72179714:228364,variant=pre:playerprops:72179714:252577,variant=pre:playerprops:72179714:575236,variant=pre:playerprops:72179714:755704,variant=pre:playerprops:72179714:809702,variant=pre:playerprops:72179714:878728,variant=pre:playerprops:72179714:1021245,variant=pre:playerprops:72179714:1021421,variant=pre:playerprops:72179714:1046581,variant=pre:playerprops:72179714:1089296,variant=pre:playerprops:72179714:1299468,variant=pre:playerprops:72179714:1425273,variant=pre:playerprops:72179714:1572688,variant=pre:playerprops:72179714:1581054,variant=pre:playerprops:72179714:1604836,variant=pre:playerprops:72179714:1611700,variant=pre:playerprops:72179714:1640692,variant=pre:playerprops:72179714:1644514,variant=pre:playerprops:72179714:1644520,variant=pre:playerprops:72179714:1724658,variant=pre:playerprops:72179714:1834286,variant=pre:playerprops:72179714:1864906,variant=pre:playerprops:72179714:1948520,variant=pre:playerprops:72179714:1957933,variant=pre:playerprops:72179714:1987393,variant=pre:playerprops:72179714:1987943,variant=pre:playerprops:72179714:2014157,variant=pre:playerprops:72179714:2044393,variant=pre:playerprops:72179714:2065877,variant=pre:playerprops:72179714:2110788,variant=pre:playerprops:72179714:2329171,variant=pre:playerprops:72179714:2611477,variant=pre:playerprops:72179714:3081802,variant=pre:playerprops:72179714:3081804,variant=pre:playerprops:72179714:3094102,variant=pre:playerprops:72179680:2622,variant=pre:playerprops:72179680:75425,variant=pre:playerprops:72179680:94835,variant=pre:playerprops:72179680:196082,variant=pre:playerprops:72179680:223168,variant=pre:playerprops:72179680:227198,variant=pre:playerprops:72179680:252215,variant=pre:playerprops:72179680:305230,variant=pre:playerprops:72179680:365772,variant=pre:playerprops:72179680:548312,variant=pre:playerprops:72179680:870302,variant=pre:playerprops:72179680:935444,variant=pre:playerprops:72179680:1336118,variant=pre:playerprops:72179680:1561152,variant=pre:playerprops:72179680:1566906,variant=pre:playerprops:72179680:1643532,variant=pre:playerprops:72179680:1836034,variant=pre:playerprops:72179680:1930340,variant=pre:playerprops:72179680:1938994,variant=pre:playerprops:72179680:1955904,variant=pre:playerprops:72179680:2018247,variant=pre:playerprops:72179680:2044853,variant=pre:playerprops:72179680:2046909,variant=pre:playerprops:72179680:2089821,variant=pre:playerprops:72179680:2102606,variant=pre:playerprops:72179680:2134242,variant=pre:playerprops:72179680:2152610,variant=pre:playerprops:72179680:2231850,variant=pre:playerprops:72179680:2323733,variant=pre:playerprops:72179680:2347069,variant=pre:playerprops:72179680:2411933,variant=pre:playerprops:72179680:2935335,variant=pre:playerprops:72339642:221636,variant=pre:playerprops:72339642:312110,variant=pre:playerprops:72339642:553686,variant=pre:playerprops:72339642:826677,variant=pre:playerprops:72339642:838337,variant=pre:playerprops:72339642:904462,variant=pre:playerprops:72339642:918730,variant=pre:playerprops:72339642:918766,variant=pre:playerprops:72339642:928310,variant=pre:playerprops:72339642:1079412,variant=pre:playerprops:72339642:1109685,variant=pre:playerprops:72339642:1248320,variant=pre:playerprops:72339642:1248352,variant=pre:playerprops:72339642:1248386,variant=pre:playerprops:72339642:1266960,variant=pre:playerprops:72339642:1323028,variant=pre:playerprops:72339642:1360540,variant=pre:playerprops:72339642:1401671,variant=pre:playerprops:72339642:1478974,variant=pre:playerprops:72339642:1557183,variant=pre:playerprops:72339642:1578520,variant=pre:playerprops:72339642:1661857,variant=pre:playerprops:72339642:1852246,variant=pre:playerprops:72339642:1957471,variant=pre:playerprops:72339642:2029707,variant=pre:playerprops:72339642:2057073,variant=pre:playerprops:72339642:2101798,variant=pre:playerprops:72339642:2117582,variant=pre:playerprops:72339642:2138422,variant=pre:playerprops:72339642:2148960,variant=pre:playerprops:72339642:2456801,variant=pre:playerprops:72339642:2613555,variant=pre:playerprops:72339642:2703354,variant=pre:playerprops:72339642:2754083,variant=pre:playerprops:72339642:2762249,variant=pre:playerprops:72339642:2762265,variant=pre:playerprops:72339642:2829341,variant=pre:playerprops:72339642:2829343,variant=pre:playerprops:72339642:2935291,variant=pre:playerprops:72339642:3063309,variant=pre:playerprops:72339642:3223636,variant=pre:playerprops:66886844:115182,variant=pre:playerprops:66886844:124737,variant=pre:playerprops:66886844:148155,variant=pre:playerprops:66886844:205508,variant=pre:playerprops:66886844:221206,variant=pre:playerprops:66886844:243181,variant=pre:playerprops:66886844:363688,variant=pre:playerprops:66886844:551422,variant=pre:playerprops:66886844:594428,variant=pre:playerprops:66886844:836627,variant=pre:playerprops:66886844:884178,variant=pre:playerprops:66886844:898436,variant=pre:playerprops:66886844:1010311,variant=pre:playerprops:66886844:1040347,variant=pre:playerprops:66886844:1245264,variant=pre:playerprops:66886844:1323036,variant=pre:playerprops:66886844:1401617,variant=pre:playerprops:66886844:1547099,variant=pre:playerprops:66886844:1557261,variant=pre:playerprops:66886844:1585474,variant=pre:playerprops:66886844:1602962,variant=pre:playerprops:66886844:1604156,variant=pre:playerprops:66886844:1703581,variant=pre:playerprops:66886844:1746591,variant=pre:playerprops:66886844:1835232,variant=pre:playerprops:66886844:2201842,variant=pre:playerprops:66886844:2285505,variant=pre:playerprops:66886844:2292549,variant=pre:playerprops:66886844:2322633,variant=pre:playerprops:66886844:2384475,variant=pre:playerprops:66886844:3048135,variant=pre:playerprops:66299272:9048,variant=pre:playerprops:66299272:111505,variant=pre:playerprops:66299272:124980,variant=pre:playerprops:66299272:234890,variant=pre:playerprops:66299272:277437,variant=pre:playerprops:66299272:286001,variant=pre:playerprops:66299272:286923,variant=pre:playerprops:66299272:314040,variant=pre:playerprops:66299272:539390,variant=pre:playerprops:66299272:539882,variant=pre:playerprops:66299272:583670,variant=pre:playerprops:66299272:755474,variant=pre:playerprops:66299272:755716,variant=pre:playerprops:66299272:760618,variant=pre:playerprops:66299272:1054339,variant=pre:playerprops:66299272:1109671,variant=pre:playerprops:66299272:1244580,variant=pre:playerprops:66299272:1295912,variant=pre:playerprops:66299272:1396719,variant=pre:playerprops:66299272:1496965,variant=pre:playerprops:66299272:1708369,variant=pre:playerprops:66299272:1708595,variant=pre:playerprops:66299272:1717295,variant=pre:playerprops:66299272:1744851,variant=pre:playerprops:66299272:1995643,variant=pre:playerprops:66299272:1995657,variant=pre:playerprops:66299272:2302859,variant=pre:playerprops:66299272:2309651,variant=pre:playerprops:66299272:2367105,variant=pre:playerprops:66299272:2602005,variant=pre:playerprops:66299272:2676593,variant=pre:playerprops:66299272:2704398,variant=pre:playerprops:66299272:2934453,variant=pre:playerprops:66299272:3149256,variant=pre:playerprops:66299272:3196684,variant=pre:playerprops:66299270:24248,variant=pre:playerprops:66299270:37092,variant=pre:playerprops:66299270:37378,variant=pre:playerprops:66299270:150582,variant=pre:playerprops:66299270:252461,variant=pre:playerprops:66299270:254159,variant=pre:playerprops:66299270:280025,variant=pre:playerprops:66299270:290943,variant=pre:playerprops:66299270:575498,variant=pre:playerprops:66299270:753026,variant=pre:playerprops:66299270:809752,variant=pre:playerprops:66299270:832179,variant=pre:playerprops:66299270:934764,variant=pre:playerprops:66299270:962781,variant=pre:playerprops:66299270:1005899,variant=pre:playerprops:66299270:1134261,variant=pre:playerprops:66299270:1296602,variant=pre:playerprops:66299270:1319492,variant=pre:playerprops:66299270:1621244,variant=pre:playerprops:66299270:1632040,variant=pre:playerprops:66299270:1694887,variant=pre:playerprops:66299270:1706345,variant=pre:playerprops:66299270:1831976,variant=pre:playerprops:66299270:2013257,variant=pre:playerprops:66299270:2209126,variant=pre:playerprops:66299270:2254209,variant=pre:playerprops:66299270:2278885,variant=pre:playerprops:66299270:2284473,variant=pre:playerprops:66299270:2301703,variant=pre:playerprops:66299270:2308635,variant=pre:playerprops:66299270:2434773,variant=pre:playerprops:66299270:2564625,variant=pre:playerprops:66299270:2761591,variant=pre:playerprops:66299270:2936723,variant=pre:playerprops:66299274:47278,variant=pre:playerprops:66299274:330693,variant=pre:playerprops:66299274:577012,variant=pre:playerprops:66299274:583526,variant=pre:playerprops:66299274:588630,variant=pre:playerprops:66299274:791969,variant=pre:playerprops:66299274:942402,variant=pre:playerprops:66299274:1122737,variant=pre:playerprops:66299274:1133349,variant=pre:playerprops:66299274:1402603,variant=pre:playerprops:66299274:1412559,variant=pre:playerprops:66299274:1412683,variant=pre:playerprops:66299274:1561376,variant=pre:playerprops:66299274:1651327,variant=pre:playerprops:66299274:1672165,variant=pre:playerprops:66299274:1723248,variant=pre:playerprops:66299274:1829858,variant=pre:playerprops:66299274:1957439,variant=pre:playerprops:66299274:1957509,variant=pre:playerprops:66299274:1990741,variant=pre:playerprops:66299274:2028381,variant=pre:playerprops:66299274:2059683,variant=pre:playerprops:66299274:2090289,variant=pre:playerprops:66299274:2150920,variant=pre:playerprops:66299274:2155520,variant=pre:playerprops:66299274:2197348,variant=pre:playerprops:66299274:2229438,variant=pre:playerprops:66299274:2271921,variant=pre:playerprops:66299274:2346843,variant=pre:playerprops:66299274:2375195,variant=pre:playerprops:66299274:2551435,variant=pre:playerprops:66299274:2748575,variant=pre:playerprops:66299274:2928359,variant=pre:playerprops:66299274:2938741,variant=pre:playerprops:66299274:2946527,variant=pre:playerprops:66299276:85859,variant=pre:playerprops:66299276:116130,variant=pre:playerprops:66299276:155736,variant=pre:playerprops:66299276:232306,variant=pre:playerprops:66299276:378808,variant=pre:playerprops:66299276:547242,variant=pre:playerprops:66299276:860958,variant=pre:playerprops:66299276:990859,variant=pre:playerprops:66299276:1017853,variant=pre:playerprops:66299276:1064128,variant=pre:playerprops:66299276:1096270,variant=pre:playerprops:66299276:1115577,variant=pre:playerprops:66299276:1238264,variant=pre:playerprops:66299276:1276114,variant=pre:playerprops:66299276:1414095,variant=pre:playerprops:66299276:1438138,variant=pre:playerprops:66299276:1708311,variant=pre:playerprops:66299276:1836828,variant=pre:playerprops:66299276:1995663,variant=pre:playerprops:66299276:2127566,variant=pre:playerprops:66299276:2287349,variant=pre:playerprops:66299276:2304157,variant=pre:playerprops:66299276:2328741,variant=pre:playerprops:66299276:2344095,variant=pre:playerprops:66299276:2531197,variant=pre:playerprops:66299276:2748487,variant=pre:playerprops:66299276:2748537,variant=pre:playerprops:66299276:2778159,variant=pre:playerprops:66299276:2781357,variant=pre:playerprops:66299276:2831295,variant=pre:playerprops:66299276:2931475,variant=pre:playerprops:66299276:2943269,variant=pre:playerprops:66299276:2947387,variant=pre:playerprops:66299276:3154946,variant=pre:playerprops:72529072:30027,variant=pre:playerprops:72529072:174377,variant=pre:playerprops:72529072:215246,variant=pre:playerprops:72529072:249061,variant=pre:playerprops:72529072:250231,variant=pre:playerprops:72529072:257587,variant=pre:playerprops:72529072:341097,variant=pre:playerprops:72529072:358618,variant=pre:playerprops:72529072:579316,variant=pre:playerprops:72529072:581804,variant=pre:playerprops:72529072:590036,variant=pre:playerprops:72529072:802472,variant=pre:playerprops:72529072:927892,variant=pre:playerprops:72529072:984351,variant=pre:playerprops:72529072:1103569,variant=pre:playerprops:72529072:1115523,variant=pre:playerprops:72529072:1120951,variant=pre:playerprops:72529072:1240030,variant=pre:playerprops:72529072:1270480,variant=pre:playerprops:72529072:1401231,variant=pre:playerprops:72529072:1694093,variant=pre:playerprops:72529072:1712569,variant=pre:playerprops:72529072:1712575,variant=pre:playerprops:72529072:1835308,variant=pre:playerprops:72529072:1957495,variant=pre:playerprops:72529072:2069987,variant=pre:playerprops:72529072:2184874,variant=pre:playerprops:72529072:2222310,variant=pre:playerprops:72529072:2299767,variant=pre:playerprops:72529072:2462447,variant=pre:playerprops:72529072:2801593,variant=pre:playerprops:72529072:2944263,variant=pre:playerprops:72529072:2957455,variant=pre:playerprops:72529072:2970390,variant=pre:playerprops:72529070:38266,variant=pre:playerprops:72529070:93196,variant=pre:playerprops:72529070:239252,variant=pre:playerprops:72529070:247959,variant=pre:playerprops:72529070:249137,variant=pre:playerprops:72529070:249347,variant=pre:playerprops:72529070:249427,variant=pre:playerprops:72529070:295161,variant=pre:playerprops:72529070:558790,variant=pre:playerprops:72529070:579312,variant=pre:playerprops:72529070:802502,variant=pre:playerprops:72529070:841053,variant=pre:playerprops:72529070:956070,variant=pre:playerprops:72529070:966335,variant=pre:playerprops:72529070:1056651,variant=pre:playerprops:72529070:1108191,variant=pre:playerprops:72529070:1145540,variant=pre:playerprops:72529070:1419179,variant=pre:playerprops:72529070:1727874,variant=pre:playerprops:72529070:1835458,variant=pre:playerprops:72529070:2001185,variant=pre:playerprops:72529070:2070033,variant=pre:playerprops:72529070:2132342,variant=pre:playerprops:72529070:2148404,variant=pre:playerprops:72529070:2149894,variant=pre:playerprops:72529070:2217062,variant=pre:playerprops:72529070:2288133,variant=pre:playerprops:72529070:2312449,variant=pre:playerprops:72529070:2342541,variant=pre:playerprops:72529070:2558465,variant=pre:playerprops:72529070:2588897,variant=pre:playerprops:72529070:2704786,variant=pre:playerprops:72529070:2714324,variant=pre:playerprops:72529070:2800809,variant=pre:playerprops:72529070:2807643,variant=pre:playerprops:72529070:3088172,variant=pre:playerprops:72176812:54308,variant=pre:playerprops:72176812:56544,variant=pre:playerprops:72176812:151131,variant=pre:playerprops:72176812:153300,variant=pre:playerprops:72176812:171625,variant=pre:playerprops:72176812:188335,variant=pre:playerprops:72176812:318947,variant=pre:playerprops:72176812:359670,variant=pre:playerprops:72176812:369708,variant=pre:playerprops:72176812:551468,variant=pre:playerprops:72176812:758590,variant=pre:playerprops:72176812:952042,variant=pre:playerprops:72176812:1026613,variant=pre:playerprops:72176812:1061776,variant=pre:playerprops:72176812:1078328,variant=pre:playerprops:72176812:1281194,variant=pre:playerprops:72176812:1359646,variant=pre:playerprops:72176812:1427135,variant=pre:playerprops:72176812:1499299,variant=pre:playerprops:72176812:1514065,variant=pre:playerprops:72176812:1644258,variant=pre:playerprops:72176812:1644476,variant=pre:playerprops:72176812:1644484,variant=pre:playerprops:72176812:1987661,variant=pre:playerprops:72176812:2060093,variant=pre:playerprops:72176812:2196284,variant=pre:playerprops:72176812:2196286,variant=pre:playerprops:72176812:2267201,variant=pre:playerprops:72176812:2443533,variant=pre:playerprops:72176812:2454527,variant=pre:playerprops:72176812:2454529,variant=pre:playerprops:72176812:2883781,variant=pre:playerprops:72176794:57963,variant=pre:playerprops:72176794:65218,variant=pre:playerprops:72176794:68059,variant=pre:playerprops:72176794:81485,variant=pre:playerprops:72176794:114664,variant=pre:playerprops:72176794:188071,variant=pre:playerprops:72176794:216300,variant=pre:playerprops:72176794:283855,variant=pre:playerprops:72176794:289127,variant=pre:playerprops:72176794:545522,variant=pre:playerprops:72176794:769413,variant=pre:playerprops:72176794:962955,variant=pre:playerprops:72176794:979091,variant=pre:playerprops:72176794:1008713,variant=pre:playerprops:72176794:1009159,variant=pre:playerprops:72176794:1061904,variant=pre:playerprops:72176794:1239250,variant=pre:playerprops:72176794:1240048,variant=pre:playerprops:72176794:1430211,variant=pre:playerprops:72176794:1740877,variant=pre:playerprops:72176794:1973653,variant=pre:playerprops:72176794:2042237,variant=pre:playerprops:72176794:2109228,variant=pre:playerprops:72176794:2161502,variant=pre:playerprops:72176798:15898,variant=pre:playerprops:72176798:114062,variant=pre:playerprops:72176798:227440,variant=pre:playerprops:72176798:335887,variant=pre:playerprops:72176798:820376,variant=pre:playerprops:72176798:857224,variant=pre:playerprops:72176798:886290,variant=pre:playerprops:72176798:940052,variant=pre:playerprops:72176798:944502,variant=pre:playerprops:72176798:977409,variant=pre:playerprops:72176798:1091648,variant=pre:playerprops:72176798:1117685,variant=pre:playerprops:72176798:1125951,variant=pre:playerprops:72176798:1302202,variant=pre:playerprops:72176798:1322860,variant=pre:playerprops:72176798:1425259,variant=pre:playerprops:72176798:1510895,variant=pre:playerprops:72176798:1573980,variant=pre:playerprops:72176798:1643770,variant=pre:playerprops:72176798:1644704,variant=pre:playerprops:72176798:1722924,variant=pre:playerprops:72176798:1723776,variant=pre:playerprops:72176798:1741721,variant=pre:playerprops:72176798:1750015,variant=pre:playerprops:72176798:1930126,variant=pre:playerprops:72176798:2074847,variant=pre:playerprops:72176798:2121342,variant=pre:playerprops:72176798:2142668,variant=pre:playerprops:72176798:2242369,variant=pre:playerprops:72176798:2370973,variant=pre:playerprops:72176798:2575587,variant=pre:playerprops:72176798:2794931,variant=pre:playerprops:72176798:2802817,variant=pre:playerprops:72176798:3091714,variant=pre:playerprops:72176808:199092,variant=pre:playerprops:72176808:229678,variant=pre:playerprops:72176808:361160,variant=pre:playerprops:72176808:857148,variant=pre:playerprops:72176808:898478,variant=pre:playerprops:72176808:939240,variant=pre:playerprops:72176808:969477,variant=pre:playerprops:72176808:993051,variant=pre:playerprops:72176808:997191,variant=pre:playerprops:72176808:1013433,variant=pre:playerprops:72176808:1016365,variant=pre:playerprops:72176808:1061005,variant=pre:playerprops:72176808:1080430,variant=pre:playerprops:72176808:1129723,variant=pre:playerprops:72176808:1251350,variant=pre:playerprops:72176808:1304216,variant=pre:playerprops:72176808:1383747,variant=pre:playerprops:72176808:1412423,variant=pre:playerprops:72176808:1490728,variant=pre:playerprops:72176808:1496333,variant=pre:playerprops:72176808:1641916,variant=pre:playerprops:72176808:1705369,variant=pre:playerprops:72176808:1707881,variant=pre:playerprops:72176808:1721980,variant=pre:playerprops:72176808:1746937,variant=pre:playerprops:72176808:1991529,variant=pre:playerprops:72176808:2032275,variant=pre:playerprops:72176808:2060137,variant=pre:playerprops:72176808:2279521,variant=pre:playerprops:72176808:2324373,variant=pre:playerprops:72176808:2403049,variant=pre:playerprops:72176808:2411159,variant=pre:playerprops:72176808:2523057,variant=pre:playerprops:72176808:2528429,variant=pre:playerprops:72176808:2675255,variant=pre:playerprops:72176808:2781169,variant=pre:playerprops:72176808:2837347,variant=pre:playerprops:72176838:43192,variant=pre:playerprops:72176838:61562,variant=pre:playerprops:72176838:64537,variant=pre:playerprops:72176838:103960,variant=pre:playerprops:72176838:135629,variant=pre:playerprops:72176838:193640,variant=pre:playerprops:72176838:238848,variant=pre:playerprops:72176838:360880,variant=pre:playerprops:72176838:571722,variant=pre:playerprops:72176838:935438,variant=pre:playerprops:72176838:979943,variant=pre:playerprops:72176838:1005279,variant=pre:playerprops:72176838:1060529,variant=pre:playerprops:72176838:1129657,variant=pre:playerprops:72176838:1133135,variant=pre:playerprops:72176838:1763537,variant=pre:playerprops:72176838:1829246,variant=pre:playerprops:72176838:1983091,variant=pre:playerprops:72176838:1993713,variant=pre:playerprops:72176838:2018325,variant=pre:playerprops:72176838:2376099,variant=pre:playerprops:72176838:2461479,variant=pre:playerprops:72176838:2594819,variant=pre:playerprops:72176838:2758545,variant=pre:playerprops:72176722:110701,variant=pre:playerprops:72176722:155449,variant=pre:playerprops:72176722:227224,variant=pre:playerprops:72176722:242593,variant=pre:playerprops:72176722:278763,variant=pre:playerprops:72176722:603946,variant=pre:playerprops:72176722:605908,variant=pre:playerprops:72176722:770915,variant=pre:playerprops:72176722:781382,variant=pre:playerprops:72176722:815372,variant=pre:playerprops:72176722:936618,variant=pre:playerprops:72176722:955954,variant=pre:playerprops:72176722:978403,variant=pre:playerprops:72176722:982357,variant=pre:playerprops:72176722:1058721,variant=pre:playerprops:72176722:1094226,variant=pre:playerprops:72176722:1128757,variant=pre:playerprops:72176722:1360254,variant=pre:playerprops:72176722:1380837,variant=pre:playerprops:72176722:1429937,variant=pre:playerprops:72176722:1648232,variant=pre:playerprops:72176722:1650249,variant=pre:playerprops:72176722:1955650,variant=pre:playerprops:72176722:1996601,variant=pre:playerprops:72176722:2014515,variant=pre:playerprops:72176722:2072785,variant=pre:playerprops:72176722:2190162,variant=pre:playerprops:72176722:2243143,variant=pre:playerprops:72176722:2266073,variant=pre:playerprops:72176722:2268257,variant=pre:playerprops:72176722:2607815,variant=pre:playerprops:72176722:2611309,variant=pre:playerprops:72176722:2804591,variant=pre:playerprops:72176722:2923861,variant=pre:playerprops:72176722:2950611,variant=pre:playerprops:72176722:3044423,variant=pre:playerprops:72177116:39573,variant=pre:playerprops:72177116:124590,variant=pre:playerprops:72177116:133544,variant=pre:playerprops:72177116:149663,variant=pre:playerprops:72177116:187205,variant=pre:playerprops:72177116:226986,variant=pre:playerprops:72177116:234148,variant=pre:playerprops:72177116:243623,variant=pre:playerprops:72177116:252821,variant=pre:playerprops:72177116:254491,variant=pre:playerprops:72177116:280637,variant=pre:playerprops:72177116:286145,variant=pre:playerprops:72177116:329245,variant=pre:playerprops:72177116:361004,variant=pre:playerprops:72177116:537360,variant=pre:playerprops:72177116:604232,variant=pre:playerprops:72177116:758608,variant=pre:playerprops:72177116:999517,variant=pre:playerprops:72177116:1006719,variant=pre:playerprops:72177116:1045121,variant=pre:playerprops:72177116:1047847,variant=pre:playerprops:72177116:1054707,variant=pre:playerprops:72177116:1276254,variant=pre:playerprops:72177116:1373861,variant=pre:playerprops:72177116:1429911,variant=pre:playerprops:72177116:1546543,variant=pre:playerprops:72177116:1597578,variant=pre:playerprops:72177116:1652029,variant=pre:playerprops:72177116:1720442,variant=pre:playerprops:72177116:1858676,variant=pre:playerprops:72177116:1886208,variant=pre:playerprops:72177116:1951326,variant=pre:playerprops:72177116:1986077,variant=pre:playerprops:72177116:2053067,variant=pre:playerprops:72177116:2640713,variant=pre:playerprops:72177116:2700354,variant=pre:playerprops:72176844:43136,variant=pre:playerprops:72176844:87087,variant=pre:playerprops:72176844:95494,variant=pre:playerprops:72176844:141203,variant=pre:playerprops:72176844:166987,variant=pre:playerprops:72176844:230932,variant=pre:playerprops:72176844:300364,variant=pre:playerprops:72176844:352696,variant=pre:playerprops:72176844:361744,variant=pre:playerprops:72176844:810192,variant=pre:playerprops:72176844:824444,variant=pre:playerprops:72176844:934790,variant=pre:playerprops:72176844:934924,variant=pre:playerprops:72176844:978181,variant=pre:playerprops:72176844:981811,variant=pre:playerprops:72176844:1015451,variant=pre:playerprops:72176844:1089560,variant=pre:playerprops:72176844:1094168,variant=pre:playerprops:72176844:1393259,variant=pre:playerprops:72176844:1402589,variant=pre:playerprops:72176844:1425229,variant=pre:playerprops:72176844:1501483,variant=pre:playerprops:72176844:1647148,variant=pre:playerprops:72176844:1730067,variant=pre:playerprops:72176844:2078833,variant=pre:playerprops:72176844:2091225,variant=pre:playerprops:72176844:2176092,variant=pre:playerprops:72176844:2278029,variant=pre:playerprops:72176844:2424509,variant=pre:playerprops:72176844:2629351,variant=pre:playerprops:72176844:2652071,variant=pre:playerprops:72176844:2765977,variant=pre:playerprops:72176844:2773419,variant=pre:playerprops:72176844:2963037,variant=pre:playerprops:72176844:2965133,variant=pre:playerprops:72176844:3027270,variant=pre:playerprops:66886886:76507,variant=pre:playerprops:66886886:221206,variant=pre:playerprops:66886886:243109,variant=pre:playerprops:66886886:336841,variant=pre:playerprops:66886886:363688,variant=pre:playerprops:66886886:551422,variant=pre:playerprops:66886886:559034,variant=pre:playerprops:66886886:594428,variant=pre:playerprops:66886886:838387,variant=pre:playerprops:66886886:884178,variant=pre:playerprops:66886886:919932,variant=pre:playerprops:66886886:1010311,variant=pre:playerprops:66886886:1085570,variant=pre:playerprops:66886886:1085604,variant=pre:playerprops:66886886:1115445,variant=pre:playerprops:66886886:1143670,variant=pre:playerprops:66886886:1247634,variant=pre:playerprops:66886886:1401617,variant=pre:playerprops:66886886:1401747,variant=pre:playerprops:66886886:1488818,variant=pre:playerprops:66886886:1547099,variant=pre:playerprops:66886886:1557261,variant=pre:playerprops:66886886:1602962,variant=pre:playerprops:66886886:1604156,variant=pre:playerprops:66886886:1610136,variant=pre:playerprops:66886886:1617224,variant=pre:playerprops:66886886:1829832,variant=pre:playerprops:66886886:1835232,variant=pre:playerprops:66886886:1979863,variant=pre:playerprops:66886886:2052951,variant=pre:playerprops:66886886:2098128,variant=pre:playerprops:66886886:2201842,variant=pre:playerprops:66886886:2288539,variant=pre:playerprops:66886886:2298903,variant=pre:playerprops:66886886:2322633,variant=pre:playerprops:66886886:2332875,variant=pre:playerprops:66886886:2423931,variant=pre:playerprops:66886886:2484043,variant=pre:playerprops:66886890:84854,variant=pre:playerprops:66886890:124997,variant=pre:playerprops:66886890:128376,variant=pre:playerprops:66886890:132874,variant=pre:playerprops:66886890:311456,variant=pre:playerprops:66886890:333587,variant=pre:playerprops:66886890:339909,variant=pre:playerprops:66886890:345113,variant=pre:playerprops:66886890:358548,variant=pre:playerprops:66886890:590262,variant=pre:playerprops:66886890:590392,variant=pre:playerprops:66886890:803498,variant=pre:playerprops:66886890:838379,variant=pre:playerprops:66886890:860104,variant=pre:playerprops:66886890:916392,variant=pre:playerprops:66886890:991199,variant=pre:playerprops:66886890:992067,variant=pre:playerprops:66886890:1059985,variant=pre:playerprops:66886890:1111675,variant=pre:playerprops:66886890:1133061,variant=pre:playerprops:66886890:1134383,variant=pre:playerprops:66886890:1135695,variant=pre:playerprops:66886890:1407479,variant=pre:playerprops:66886890:1430357,variant=pre:playerprops:66886890:1713493,variant=pre:playerprops:66886890:1728191,variant=pre:playerprops:66886890:1832684,variant=pre:playerprops:66886890:1835610,variant=pre:playerprops:66886890:1859510,variant=pre:playerprops:66886890:1953362,variant=pre:playerprops:66886890:2057347,variant=pre:playerprops:66886890:2057357,variant=pre:playerprops:66886890:2090299,variant=pre:playerprops:66886890:2090607,variant=pre:playerprops:66886890:2159502,variant=pre:playerprops:66886890:2335187,variant=pre:playerprops:66886890:2564479,variant=pre:playerprops:72529104:38266,variant=pre:playerprops:72529104:247959,variant=pre:playerprops:72529104:250339,variant=pre:playerprops:72529104:313250,variant=pre:playerprops:72529104:558790,variant=pre:playerprops:72529104:609736,variant=pre:playerprops:72529104:954872,variant=pre:playerprops:72529104:956070,variant=pre:playerprops:72529104:966335,variant=pre:playerprops:72529104:982837,variant=pre:playerprops:72529104:1056651,variant=pre:playerprops:72529104:1069068,variant=pre:playerprops:72529104:1103603,variant=pre:playerprops:72529104:1143430,variant=pre:playerprops:72529104:1372424,variant=pre:playerprops:72529104:1403539,variant=pre:playerprops:72529104:1603132,variant=pre:playerprops:72529104:1727874,variant=pre:playerprops:72529104:1743913,variant=pre:playerprops:72529104:1743925,variant=pre:playerprops:72529104:1835458,variant=pre:playerprops:72529104:2070033,variant=pre:playerprops:72529104:2078887,variant=pre:playerprops:72529104:2098302,variant=pre:playerprops:72529104:2110008,variant=pre:playerprops:72529104:2116442,variant=pre:playerprops:72529104:2148802,variant=pre:playerprops:72529104:2149894,variant=pre:playerprops:72529104:2248329,variant=pre:playerprops:72529104:2279885,variant=pre:playerprops:72529104:2288133,variant=pre:playerprops:72529104:2312449,variant=pre:playerprops:72529104:2407637,variant=pre:playerprops:72529104:2558957,variant=pre:playerprops:72529104:2604787,variant=pre:playerprops:72529104:2609615,variant=pre:playerprops:72529104:2714324,variant=pre:playerprops:72529104:2756649,variant=pre:playerprops:72529104:3088172,variant=pre:playerprops:72529106:30027,variant=pre:playerprops:72529106:46998,variant=pre:playerprops:72529106:250231,variant=pre:playerprops:72529106:295159,variant=pre:playerprops:72529106:327293,variant=pre:playerprops:72529106:341097,variant=pre:playerprops:72529106:542634,variant=pre:playerprops:72529106:918932,variant=pre:playerprops:72529106:927892,variant=pre:playerprops:72529106:976053,variant=pre:playerprops:72529106:1086668,variant=pre:playerprops:72529106:1103569,variant=pre:playerprops:72529106:1115523,variant=pre:playerprops:72529106:1120951,variant=pre:playerprops:72529106:1401231,variant=pre:playerprops:72529106:1404089,variant=pre:playerprops:72529106:1413857,variant=pre:playerprops:72529106:1417701,variant=pre:playerprops:72529106:1639870,variant=pre:playerprops:72529106:1641710,variant=pre:playerprops:72529106:1712569,variant=pre:playerprops:72529106:1835308,variant=pre:playerprops:72529106:1835604,variant=pre:playerprops:72529106:1957495,variant=pre:playerprops:72529106:1975017,variant=pre:playerprops:72529106:2012055,variant=pre:playerprops:72529106:2069987,variant=pre:playerprops:72529106:2090929,variant=pre:playerprops:72529106:2113364,variant=pre:playerprops:72529106:2142970,variant=pre:playerprops:72529106:2184874,variant=pre:playerprops:72529106:2220180,variant=pre:playerprops:72529106:2343043,variant=pre:playerprops:72529106:2381471,variant=pre:playerprops:72529106:2443645,variant=pre:playerprops:72529106:2665869,variant=pre:playerprops:72529106:2795993,variant=pre:playerprops:72529106:2885385,variant=pre:playerprops:72529106:2944263,variant=pre:playerprops:72529108:38106,variant=pre:playerprops:72529108:122711,variant=pre:playerprops:72529108:122713,variant=pre:playerprops:72529108:146982,variant=pre:playerprops:72529108:285429,variant=pre:playerprops:72529108:333593,variant=pre:playerprops:72529108:333807,variant=pre:playerprops:72529108:340845,variant=pre:playerprops:72529108:351824,variant=pre:playerprops:72529108:579356,variant=pre:playerprops:72529108:584038,variant=pre:playerprops:72529108:804160,variant=pre:playerprops:72529108:872024,variant=pre:playerprops:72529108:912992,variant=pre:playerprops:72529108:992911,variant=pre:playerprops:72529108:1004421,variant=pre:playerprops:72529108:1029875,variant=pre:playerprops:72529108:1073604,variant=pre:playerprops:72529108:1104095,variant=pre:playerprops:72529108:1112441,variant=pre:playerprops:72529108:1112861,variant=pre:playerprops:72529108:1267324,variant=pre:playerprops:72529108:1433631,variant=pre:playerprops:72529108:1744143,variant=pre:playerprops:72529108:1829468,variant=pre:playerprops:72529108:1957451,variant=pre:playerprops:72529108:2104216,variant=pre:playerprops:72529108:2109216,variant=pre:playerprops:72529108:2113512,variant=pre:playerprops:72529108:2136340,variant=pre:playerprops:72529108:2146878,variant=pre:playerprops:72529108:2244389,variant=pre:playerprops:72529108:2407621,variant=pre:playerprops:72529108:2442893,variant=pre:playerprops:72529108:2539015,variant=pre:playerprops:72529108:2549325,variant=pre:playerprops:72529108:2815613,variant=pre:playerprops:72529108:2815645,variant=pre:playerprops:72529108:2913183,variant=pre:playerprops:72529108:2935797,variant=pre:playerprops:72529108:3144464,variant=pre:playerprops:72529110:33202,variant=pre:playerprops:72529110:249829,variant=pre:playerprops:72529110:275789,variant=pre:playerprops:72529110:340445,variant=pre:playerprops:72529110:581802,variant=pre:playerprops:72529110:780178,variant=pre:playerprops:72529110:802418,variant=pre:playerprops:72529110:803520,variant=pre:playerprops:72529110:809982,variant=pre:playerprops:72529110:918922,variant=pre:playerprops:72529110:954466,variant=pre:playerprops:72529110:969473,variant=pre:playerprops:72529110:984233,variant=pre:playerprops:72529110:1100637,variant=pre:playerprops:72529110:1267486,variant=pre:playerprops:72529110:1403329,variant=pre:playerprops:72529110:1474208,variant=pre:playerprops:72529110:1479432,variant=pre:playerprops:72529110:1509291,variant=pre:playerprops:72529110:1560590,variant=pre:playerprops:72529110:1712573,variant=pre:playerprops:72529110:1871380,variant=pre:playerprops:72529110:1957521,variant=pre:playerprops:72529110:2004827,variant=pre:playerprops:72529110:2070031,variant=pre:playerprops:72529110:2077087,variant=pre:playerprops:72529110:2090025,variant=pre:playerprops:72529110:2091243,variant=pre:playerprops:72529110:2109738,variant=pre:playerprops:72529110:2126126,variant=pre:playerprops:72529110:2225034,variant=pre:playerprops:72529110:2226316,variant=pre:playerprops:72529110:2261207,variant=pre:playerprops:72529110:2280919,variant=pre:playerprops:72529110:2396775,variant=pre:playerprops:72529110:2533493,variant=pre:playerprops:72529110:2553919,variant=pre:playerprops:72529110:2610373,variant=pre:playerprops:72529110:2758263,variant=pre:playerprops:72529110:2785215,variant=pre:playerprops:72529110:2814147,variant=pre:playerprops:72529110:2815619,variant=pre:playerprops:72529110:3179780,variant=pre:playerprops:72529112:74915,variant=pre:playerprops:72529112:158241,variant=pre:playerprops:72529112:316152,variant=pre:playerprops:72529112:340861,variant=pre:playerprops:72529112:385888,variant=pre:playerprops:72529112:560116,variant=pre:playerprops:72529112:578560,variant=pre:playerprops:72529112:838391,variant=pre:playerprops:72529112:919706,variant=pre:playerprops:72529112:955034,variant=pre:playerprops:72529112:1016091,variant=pre:playerprops:72529112:1038623,variant=pre:playerprops:72529112:1112963,variant=pre:playerprops:72529112:1134737,variant=pre:playerprops:72529112:1134875,variant=pre:playerprops:72529112:1414409,variant=pre:playerprops:72529112:1494097,variant=pre:playerprops:72529112:1627216,variant=pre:playerprops:72529112:1856382,variant=pre:playerprops:72529112:1938652,variant=pre:playerprops:72529112:2069983,variant=pre:playerprops:72529112:2089339,variant=pre:playerprops:72529112:2090005,variant=pre:playerprops:72529112:2098990,variant=pre:playerprops:72529112:2101846,variant=pre:playerprops:72529112:2159326,variant=pre:playerprops:72529112:2187250,variant=pre:playerprops:72529112:2289125,variant=pre:playerprops:72529112:2308079,variant=pre:playerprops:72529112:2410909,variant=pre:playerprops:72529112:2558479,variant=pre:playerprops:72529112:2717360,variant=pre:playerprops:72529112:2764101,variant=pre:playerprops:72529112:2809645,variant=pre:playerprops:72529112:2814409,variant=pre:playerprops:72529112:3020984,variant=pre:playerprops:72529112:3074877,variant=pre:playerprops:72529112:3102734,variant=pre:playerprops:72529112:3178400,variant=pre:playerprops:72529112:3186406,variant=pre:playerprops:72179694:138515,variant=pre:playerprops:72179694:186953,variant=pre:playerprops:72179694:283871,variant=pre:playerprops:72179694:357794,variant=pre:playerprops:72179694:922266,variant=pre:playerprops:72179694:936670,variant=pre:playerprops:72179694:1081800,variant=pre:playerprops:72179694:1134461,variant=pre:playerprops:72179694:1346400,variant=pre:playerprops:72179694:1346414,variant=pre:playerprops:72179694:1422335,variant=pre:playerprops:72179694:1633676,variant=pre:playerprops:72179694:1672057,variant=pre:playerprops:72179694:1700171,variant=pre:playerprops:72179694:2009785,variant=pre:playerprops:72179694:2148822,variant=pre:playerprops:72179694:2199964,variant=pre:playerprops:72179694:2200870,variant=pre:playerprops:72179694:2240533,variant=pre:playerprops:72179694:2250019,variant=pre:playerprops:72179694:2309655,variant=pre:playerprops:72179694:2354211,variant=pre:playerprops:72179694:2354237,variant=pre:playerprops:72179694:2377951,variant=pre:playerprops:72179694:2644643,variant=pre:playerprops:72179694:2652097,variant=pre:playerprops:72179694:2659071,variant=pre:playerprops:72179694:2709410,variant=pre:playerprops:72179694:2973885,variant=pre:playerprops:72533770:15086,variant=pre:playerprops:72533770:109002,variant=pre:playerprops:72533770:150201,variant=pre:playerprops:72533770:156718,variant=pre:playerprops:72533770:338909,variant=pre:playerprops:72533770:361302,variant=pre:playerprops:72533770:361308,variant=pre:playerprops:72533770:769489,variant=pre:playerprops:72533770:867668,variant=pre:playerprops:72533770:896302,variant=pre:playerprops:72533770:897272,variant=pre:playerprops:72533770:901810,variant=pre:playerprops:72533770:1023787,variant=pre:playerprops:72533770:1118063,variant=pre:playerprops:72533770:1121087,variant=pre:playerprops:72533770:1244138,variant=pre:playerprops:72533770:1380685,variant=pre:playerprops:72533770:1593582,variant=pre:playerprops:72533770:1630654,variant=pre:playerprops:72533770:2045021,variant=pre:playerprops:72533770:2084699,variant=pre:playerprops:72533770:2159054,variant=pre:playerprops:72533770:2327253,variant=pre:playerprops:72533770:2327783,variant=pre:playerprops:72533770:2407639,variant=pre:playerprops:72533770:2436063,variant=pre:playerprops:72533770:2484857,variant=pre:playerprops:72533770:2553589,variant=pre:playerprops:72533770:2661225,variant=pre:playerprops:72533770:2772289,variant=pre:playerprops:72179684:135666,variant=pre:playerprops:72179684:280631,variant=pre:playerprops:72179684:284387,variant=pre:playerprops:72179684:357632,variant=pre:playerprops:72179684:373678,variant=pre:playerprops:72179684:548660,variant=pre:playerprops:72179684:584722,variant=pre:playerprops:72179684:752922,variant=pre:playerprops:72179684:792373,variant=pre:playerprops:72179684:795266,variant=pre:playerprops:72179684:801810,variant=pre:playerprops:72179684:861492,variant=pre:playerprops:72179684:929730,variant=pre:playerprops:72179684:1047625,variant=pre:playerprops:72179684:1060457,variant=pre:playerprops:72179684:1134659,variant=pre:playerprops:72179684:1264306,variant=pre:playerprops:72179684:1298462,variant=pre:playerprops:72179684:1300748,variant=pre:playerprops:72179684:1300762,variant=pre:playerprops:72179684:1382281,variant=pre:playerprops:72179684:1591258,variant=pre:playerprops:72179684:1957911,variant=pre:playerprops:72179684:1971609,variant=pre:playerprops:72179684:1971975,variant=pre:playerprops:72179684:1996453,variant=pre:playerprops:72179684:2062765,variant=pre:playerprops:72179684:2125362,variant=pre:playerprops:72179684:2152886,variant=pre:playerprops:72179684:2220904,variant=pre:playerprops:72179684:2265617,variant=pre:playerprops:72179684:2298659,variant=pre:playerprops:72179684:2305431,variant=pre:playerprops:72179684:2320823,variant=pre:playerprops:72179684:2350317,variant=pre:playerprops:72179684:2401679,variant=pre:playerprops:72179684:2413339,variant=pre:playerprops:72179684:2610753,variant=pre:playerprops:72179684:2798513,variant=pre:playerprops:72179690:21300,variant=pre:playerprops:72179690:257135,variant=pre:playerprops:72179690:283833,variant=pre:playerprops:72179690:353210,variant=pre:playerprops:72179690:357728,variant=pre:playerprops:72179690:357740,variant=pre:playerprops:72179690:363782,variant=pre:playerprops:72179690:546180,variant=pre:playerprops:72179690:559058,variant=pre:playerprops:72179690:578198,variant=pre:playerprops:72179690:761140,variant=pre:playerprops:72179690:860268,variant=pre:playerprops:72179690:934860,variant=pre:playerprops:72179690:935174,variant=pre:playerprops:72179690:936370,variant=pre:playerprops:72179690:953422,variant=pre:playerprops:72179690:1132163,variant=pre:playerprops:72179690:1695331,variant=pre:playerprops:72179690:1732619,variant=pre:playerprops:72179690:2014255,variant=pre:playerprops:72179690:2053827,variant=pre:playerprops:72179690:2094960,variant=pre:playerprops:72179690:2148956,variant=pre:playerprops:72179690:2208672,variant=pre:playerprops:72179690:2248507,variant=pre:playerprops:72179690:2250139,variant=pre:playerprops:72179690:2292175,variant=pre:playerprops:72179690:2464651,variant=pre:playerprops:72179690:2563321,variant=pre:playerprops:72179690:2586333,variant=pre:playerprops:72179690:2611249,variant=pre:playerprops:72179690:2780597,variant=pre:playerprops:72179716:39661,variant=pre:playerprops:72179716:41116,variant=pre:playerprops:72179716:137677,variant=pre:playerprops:72179716:138595,variant=pre:playerprops:72179716:139229,variant=pre:playerprops:72179716:154040,variant=pre:playerprops:72179716:188133,variant=pre:playerprops:72179716:239632,variant=pre:playerprops:72179716:309892,variant=pre:playerprops:72179716:344751,variant=pre:playerprops:72179716:361276,variant=pre:playerprops:72179716:361310,variant=pre:playerprops:72179716:547796,variant=pre:playerprops:72179716:822662,variant=pre:playerprops:72179716:823310,variant=pre:playerprops:72179716:934772,variant=pre:playerprops:72179716:937138,variant=pre:playerprops:72179716:1009791,variant=pre:playerprops:72179716:1045873,variant=pre:playerprops:72179716:1060687,variant=pre:playerprops:72179716:1139848,variant=pre:playerprops:72179716:1382891,variant=pre:playerprops:72179716:1382915,variant=pre:playerprops:72179716:1612050,variant=pre:playerprops:72179716:1612744,variant=pre:playerprops:72179716:1631710,variant=pre:playerprops:72179716:1652563,variant=pre:playerprops:72179716:1956484,variant=pre:playerprops:72179716:1975725,variant=pre:playerprops:72179716:1987351,variant=pre:playerprops:72179716:2134862,variant=pre:playerprops:72179716:2169156,variant=pre:playerprops:72179716:2236934,variant=pre:playerprops:72179716:2256245,variant=pre:playerprops:72179716:2460935,variant=pre:playerprops:72179716:2639545,variant=pre:playerprops:72179716:2804619,variant=pre:playerprops:72179716:2859737,variant=pre:playerprops:72179160:94686,variant=pre:playerprops:72179160:149045,variant=pre:playerprops:72179160:189009,variant=pre:playerprops:72179160:214080,variant=pre:playerprops:72179160:294313,variant=pre:playerprops:72179160:326343,variant=pre:playerprops:72179160:354520,variant=pre:playerprops:72179160:834955,variant=pre:playerprops:72179160:935150,variant=pre:playerprops:72179160:941534,variant=pre:playerprops:72179160:947248,variant=pre:playerprops:72179160:1013351,variant=pre:playerprops:72179160:1047245,variant=pre:playerprops:72179160:1060117,variant=pre:playerprops:72179160:1103575,variant=pre:playerprops:72179160:1118791,variant=pre:playerprops:72179160:1298490,variant=pre:playerprops:72179160:1372586,variant=pre:playerprops:72179160:1627588,variant=pre:playerprops:72179160:1637444,variant=pre:playerprops:72179160:1649166,variant=pre:playerprops:72179160:1658717,variant=pre:playerprops:72179160:1663305,variant=pre:playerprops:72179160:1700301,variant=pre:playerprops:72179160:1725614,variant=pre:playerprops:72179160:1770238,variant=pre:playerprops:72179160:1952150,variant=pre:playerprops:72179160:2009681,variant=pre:playerprops:72179160:2041773,variant=pre:playerprops:72179160:2059009,variant=pre:playerprops:72179160:2072735,variant=pre:playerprops:72179160:2088937,variant=pre:playerprops:72179160:2104448,variant=pre:playerprops:72179160:2130742,variant=pre:playerprops:72179160:2388461,variant=pre:playerprops:72179160:2409745,variant=pre:playerprops:72179160:2420505,variant=pre:playerprops:72179160:2729590,variant=pre:playerprops:72179160:2749517,variant=pre:playerprops:72179160:2774875,variant=pre:playerprops:72179160:2806863,variant=pre:playerprops:72179682:2622,variant=pre:playerprops:72179682:75425,variant=pre:playerprops:72179682:94835,variant=pre:playerprops:72179682:196082,variant=pre:playerprops:72179682:223168,variant=pre:playerprops:72179682:252215,variant=pre:playerprops:72179682:305230,variant=pre:playerprops:72179682:365772,variant=pre:playerprops:72179682:548312,variant=pre:playerprops:72179682:591140,variant=pre:playerprops:72179682:606190,variant=pre:playerprops:72179682:772889,variant=pre:playerprops:72179682:870302,variant=pre:playerprops:72179682:935444,variant=pre:playerprops:72179682:1069216,variant=pre:playerprops:72179682:1336118,variant=pre:playerprops:72179682:1561152,variant=pre:playerprops:72179682:1566906,variant=pre:playerprops:72179682:1643532,variant=pre:playerprops:72179682:1836034,variant=pre:playerprops:72179682:1930340,variant=pre:playerprops:72179682:1938994,variant=pre:playerprops:72179682:1955904,variant=pre:playerprops:72179682:2018247,variant=pre:playerprops:72179682:2044853,variant=pre:playerprops:72179682:2046909,variant=pre:playerprops:72179682:2089821,variant=pre:playerprops:72179682:2102606,variant=pre:playerprops:72179682:2134242,variant=pre:playerprops:72179682:2323733,variant=pre:playerprops:72179682:2411933,variant=pre:playerprops:72179682:2935335,variant=pre:playerprops:72179156:36077,variant=pre:playerprops:72179156:122399,variant=pre:playerprops:72179156:138546,variant=pre:playerprops:72179156:152688,variant=pre:playerprops:72179156:328151,variant=pre:playerprops:72179156:817078,variant=pre:playerprops:72179156:941560,variant=pre:playerprops:72179156:1091112,variant=pre:playerprops:72179156:1295764,variant=pre:playerprops:72179156:1297570,variant=pre:playerprops:72179156:1299884,variant=pre:playerprops:72179156:1322112,variant=pre:playerprops:72179156:1344800,variant=pre:playerprops:72179156:1382089,variant=pre:playerprops:72179156:1382937,variant=pre:playerprops:72179156:1474360,variant=pre:playerprops:72179156:1498577,variant=pre:playerprops:72179156:1644568,variant=pre:playerprops:72179156:1718652,variant=pre:playerprops:72179156:1728609,variant=pre:playerprops:72179156:1736205,variant=pre:playerprops:72179156:2091815,variant=pre:playerprops:72179156:2106852,variant=pre:playerprops:72179156:2114174,variant=pre:playerprops:72179156:2153274,variant=pre:playerprops:72179156:2161486,variant=pre:playerprops:72179156:2230194,variant=pre:playerprops:72179156:2321107,variant=pre:playerprops:72179156:2423143,variant=pre:playerprops:72179156:2586449,variant=pre:playerprops:72179156:2610983,variant=pre:playerprops:72179156:2652385,variant=pre:playerprops:72179156:2688811,variant=pre:playerprops:72179156:2757189,variant=pre:playerprops:72179156:2891617,variant=pre:playerprops:72179156:3055325,variant=pre:playerprops:72179156:3128240,variant=pre:playerprops:72179712:174243,variant=pre:playerprops:72179712:191986,variant=pre:playerprops:72179712:228364,variant=pre:playerprops:72179712:252577,variant=pre:playerprops:72179712:575236,variant=pre:playerprops:72179712:755704,variant=pre:playerprops:72179712:809702,variant=pre:playerprops:72179712:878728,variant=pre:playerprops:72179712:1021245,variant=pre:playerprops:72179712:1021421,variant=pre:playerprops:72179712:1046581,variant=pre:playerprops:72179712:1089296,variant=pre:playerprops:72179712:1299468,variant=pre:playerprops:72179712:1425231,variant=pre:playerprops:72179712:1425273,variant=pre:playerprops:72179712:1572688,variant=pre:playerprops:72179712:1581054,variant=pre:playerprops:72179712:1604836,variant=pre:playerprops:72179712:1611700,variant=pre:playerprops:72179712:1640692,variant=pre:playerprops:72179712:1644520,variant=pre:playerprops:72179712:1697559,variant=pre:playerprops:72179712:1724658,variant=pre:playerprops:72179712:1834286,variant=pre:playerprops:72179712:1864906,variant=pre:playerprops:72179712:1948520,variant=pre:playerprops:72179712:1957933,variant=pre:playerprops:72179712:1987393,variant=pre:playerprops:72179712:1987943,variant=pre:playerprops:72179712:2014157,variant=pre:playerprops:72179712:2044393,variant=pre:playerprops:72179712:2065877,variant=pre:playerprops:72179712:2110788,variant=pre:playerprops:72179712:2329171,variant=pre:playerprops:72179712:2611477,variant=pre:playerprops:72179712:2698940,variant=pre:playerprops:72179712:3040799,variant=pre:playerprops:72179712:3081802,variant=pre:playerprops:72179712:3081804,variant=pre:playerprops:66886884:29735,variant=pre:playerprops:66886884:106142,variant=pre:playerprops:66886884:115182,variant=pre:playerprops:66886884:124737,variant=pre:playerprops:66886884:166491,variant=pre:playerprops:66886884:205508,variant=pre:playerprops:66886884:243181,variant=pre:playerprops:66886884:243651,variant=pre:playerprops:66886884:261687,variant=pre:playerprops:66886884:354510,variant=pre:playerprops:66886884:898436,variant=pre:playerprops:66886884:1040347,variant=pre:playerprops:66886884:1323036,variant=pre:playerprops:66886884:1357724,variant=pre:playerprops:66886884:1407427,variant=pre:playerprops:66886884:1407483,variant=pre:playerprops:66886884:1585474,variant=pre:playerprops:66886884:1696483,variant=pre:playerprops:66886884:1703581,variant=pre:playerprops:66886884:1722974,variant=pre:playerprops:66886884:1743915,variant=pre:playerprops:66886884:1746591,variant=pre:playerprops:66886884:1749999,variant=pre:playerprops:66886884:2090565,variant=pre:playerprops:66886884:2285183,variant=pre:playerprops:66886884:2285505,variant=pre:playerprops:66886884:2292549,variant=pre:playerprops:66886884:2335541,variant=pre:playerprops:66886884:2384475,variant=pre:playerprops:66886884:2649315,variant=pre:playerprops:66886884:2714238,variant=pre:playerprops:66886884:2739595,variant=pre:playerprops:66886884:2766121,variant=pre:playerprops:66886884:2824153,variant=pre:playerprops:66886884:2864695,variant=pre:playerprops:66886884:3048135,variant=pre:playerprops:66886892:44691,variant=pre:playerprops:66886892:77726,variant=pre:playerprops:66886892:245159,variant=pre:playerprops:66886892:247483,variant=pre:playerprops:66886892:260077,variant=pre:playerprops:66886892:263477,variant=pre:playerprops:66886892:330057,variant=pre:playerprops:66886892:377238,variant=pre:playerprops:66886892:378590,variant=pre:playerprops:66886892:604274,variant=pre:playerprops:66886892:611876,variant=pre:playerprops:66886892:793656,variant=pre:playerprops:66886892:836449,variant=pre:playerprops:66886892:954706,variant=pre:playerprops:66886892:992077,variant=pre:playerprops:66886892:1147012,variant=pre:playerprops:66886892:1273834,variant=pre:playerprops:66886892:1357814,variant=pre:playerprops:66886892:1388007,variant=pre:playerprops:66886892:1407441,variant=pre:playerprops:66886892:1429353,variant=pre:playerprops:66886892:1603612,variant=pre:playerprops:66886892:1990003,variant=pre:playerprops:66886892:2068195,variant=pre:playerprops:66886892:2105128,variant=pre:playerprops:66886892:2157876,variant=pre:playerprops:66886892:2161538,variant=pre:playerprops:66886892:2161650,variant=pre:playerprops:66886892:2163552,variant=pre:playerprops:66886892:2284771,variant=pre:playerprops:66886892:2285513,variant=pre:playerprops:66886892:2285519,variant=pre:playerprops:66886892:2341731,variant=pre:playerprops:66886892:2644633,variant=pre:playerprops:66886892:2681047,variant=pre:playerprops:66886892:2713952,variant=pre:playerprops:66886892:2766599,variant=pre:playerprops:66886892:2891803,variant=pre:playerprops:66886892:2920901,variant=pre:playerprops:66886892:2942741,variant=pre:playerprops:66886892:2991065,variant=pre:playerprops:66886892:3027110,variant=pre:playerprops:72529116:79680,variant=pre:playerprops:72529116:220315,variant=pre:playerprops:72529116:248125,variant=pre:playerprops:72529116:249643,variant=pre:playerprops:72529116:333421,variant=pre:playerprops:72529116:333427,variant=pre:playerprops:72529116:358914,variant=pre:playerprops:72529116:365862,variant=pre:playerprops:72529116:558820,variant=pre:playerprops:72529116:802938,variant=pre:playerprops:72529116:805960,variant=pre:playerprops:72529116:847263,variant=pre:playerprops:72529116:954976,variant=pre:playerprops:72529116:1030231,variant=pre:playerprops:72529116:1108423,variant=pre:playerprops:72529116:1559076,variant=pre:playerprops:72529116:1696943,variant=pre:playerprops:72529116:1705085,variant=pre:playerprops:72529116:1834660,variant=pre:playerprops:72529116:1954516,variant=pre:playerprops:72529116:1957447,variant=pre:playerprops:72529116:2008569,variant=pre:playerprops:72529116:2090575,variant=pre:playerprops:72529116:2104220,variant=pre:playerprops:72529116:2142958,variant=pre:playerprops:72529116:2148392,variant=pre:playerprops:72529116:2553207,variant=pre:playerprops:72529116:2587023,variant=pre:playerprops:72529116:2759995,variant=pre:playerprops:72529116:2814771,variant=pre:playerprops:72529116:2829211,variant=pre:playerprops:72529116:2900831,variant=pre:playerprops:72529116:2960289,variant=pre:playerprops:72529116:2963875,variant=pre:playerprops:72529116:2963879,variant=pre:playerprops:72529116:2963899,variant=pre:playerprops:72529116:3020304,variant=pre:playerprops:72529118:122638,variant=pre:playerprops:72529118:146416,variant=pre:playerprops:72529118:340775,variant=pre:playerprops:72529118:583978,variant=pre:playerprops:72529118:588618,variant=pre:playerprops:72529118:804184,variant=pre:playerprops:72529118:869420,variant=pre:playerprops:72529118:954552,variant=pre:playerprops:72529118:1051555,variant=pre:playerprops:72529118:1103567,variant=pre:playerprops:72529118:1103771,variant=pre:playerprops:72529118:1427011,variant=pre:playerprops:72529118:1509277,variant=pre:playerprops:72529118:1862862,variant=pre:playerprops:72529118:2091257,variant=pre:playerprops:72529118:2149438,variant=pre:playerprops:72529118:2219972,variant=pre:playerprops:72529118:2230518,variant=pre:playerprops:72529118:2244835,variant=pre:playerprops:72529118:2284949,variant=pre:playerprops:72529118:2289165,variant=pre:playerprops:72529118:2343085,variant=pre:playerprops:72529118:2372979,variant=pre:playerprops:72529118:2439799,variant=pre:playerprops:72529118:2524227,variant=pre:playerprops:72529118:2551845,variant=pre:playerprops:72529118:2588899,variant=pre:playerprops:72529118:2766221,variant=pre:playerprops:72529118:2853545,variant=pre:playerprops:72529118:2868381,variant=pre:playerprops:72529118:2898545,variant=pre:playerprops:72529118:3094726,variant=pre:playerprops:72529118:3149046,variant=pre:playerprops:72529122:107397,variant=pre:playerprops:72529122:329577,variant=pre:playerprops:72529122:334027,variant=pre:playerprops:72529122:339115,variant=pre:playerprops:72529122:546316,variant=pre:playerprops:72529122:546338,variant=pre:playerprops:72529122:823602,variant=pre:playerprops:72529122:857544,variant=pre:playerprops:72529122:1103591,variant=pre:playerprops:72529122:1143092,variant=pre:playerprops:72529122:1307832,variant=pre:playerprops:72529122:1363566,variant=pre:playerprops:72529122:1476492,variant=pre:playerprops:72529122:1561328,variant=pre:playerprops:72529122:1699815,variant=pre:playerprops:72529122:1835022,variant=pre:playerprops:72529122:1835228,variant=pre:playerprops:72529122:2021741,variant=pre:playerprops:72529122:2094894,variant=pre:playerprops:72529122:2108256,variant=pre:playerprops:72529122:2125934,variant=pre:playerprops:72529122:2142382,variant=pre:playerprops:72529122:2186558,variant=pre:playerprops:72529122:2253163,variant=pre:playerprops:72529122:2299715,variant=pre:playerprops:72529122:2300899,variant=pre:playerprops:72529122:2342553,variant=pre:playerprops:72529122:2351633,variant=pre:playerprops:72529122:2548161,variant=pre:playerprops:72529122:2586751,variant=pre:playerprops:72529122:2643443,variant=pre:playerprops:72529122:2649185,variant=pre:playerprops:72529122:2774515,variant=pre:playerprops:72529122:2790187,variant=pre:playerprops:72529122:2828471,variant=pre:playerprops:72529122:2941325,variant=pre:playerprops:72529122:2973619,variant=pre:playerprops:72529122:3056983,variant=pre:playerprops:72529122:3099164,variant=pre:playerprops:72529122:3102474,variant=pre:playerprops:72529120:122634,variant=pre:playerprops:72529120:158249,variant=pre:playerprops:72529120:158583,variant=pre:playerprops:72529120:233856,variant=pre:playerprops:72529120:340897,variant=pre:playerprops:72529120:581782,variant=pre:playerprops:72529120:595300,variant=pre:playerprops:72529120:795806,variant=pre:playerprops:72529120:802574,variant=pre:playerprops:72529120:824502,variant=pre:playerprops:72529120:1079872,variant=pre:playerprops:72529120:1121383,variant=pre:playerprops:72529120:1121833,variant=pre:playerprops:72529120:1304818,variant=pre:playerprops:72529120:1562066,variant=pre:playerprops:72529120:1646294,variant=pre:playerprops:72529120:1699821,variant=pre:playerprops:72529120:1861492,variant=pre:playerprops:72529120:1874940,variant=pre:playerprops:72529120:1957415,variant=pre:playerprops:72529120:2218878,variant=pre:playerprops:72529120:2227150,variant=pre:playerprops:72529120:2230496,variant=pre:playerprops:72529120:2296055,variant=pre:playerprops:72529120:2377255,variant=pre:playerprops:72529120:2407647,variant=pre:playerprops:72529120:2419681,variant=pre:playerprops:72529120:2433767,variant=pre:playerprops:72529120:2440531,variant=pre:playerprops:72529120:2588881,variant=pre:playerprops:72529120:2588887,variant=pre:playerprops:72529120:2806871,variant=pre:playerprops:72529120:2822611,variant=pre:playerprops:72529120:2914013,variant=pre:playerprops:72529120:2948607,variant=pre:playerprops:72529120:2956823,variant=pre:playerprops:72529120:3021268,variant=pre:playerprops:72529120:3070323,variant=pre:playerprops:72608104:45756,variant=pre:playerprops:72608104:58406,variant=pre:playerprops:72608104:77043,variant=pre:playerprops:72608104:109296,variant=pre:playerprops:72608104:118204,variant=pre:playerprops:72608104:151791,variant=pre:playerprops:72608104:154052,variant=pre:playerprops:72608104:280729,variant=pre:playerprops:72608104:325121,variant=pre:playerprops:72608104:361386,variant=pre:playerprops:72608104:897278,variant=pre:playerprops:72608104:917502,variant=pre:playerprops:72608104:930922,variant=pre:playerprops:72608104:992987,variant=pre:playerprops:72608104:1012359,variant=pre:playerprops:72608104:1024301,variant=pre:playerprops:72608104:1027135,variant=pre:playerprops:72608104:1044049,variant=pre:playerprops:72608104:1051015,variant=pre:playerprops:72608104:1123569,variant=pre:playerprops:72608104:1350176,variant=pre:playerprops:72608104:1398039,variant=pre:playerprops:72608104:1504123,variant=pre:playerprops:72608104:1506889,variant=pre:playerprops:72608104:1590852,variant=pre:playerprops:72608104:1601872,variant=pre:playerprops:72608104:1661279,variant=pre:playerprops:72608104:1748261,variant=pre:playerprops:72608104:1793718,variant=pre:playerprops:72608104:1880484,variant=pre:playerprops:72608104:1957443,variant=pre:playerprops:72608104:1986885,variant=pre:playerprops:72608104:2028911,variant=pre:playerprops:72608104:2069771,variant=pre:playerprops:72608104:2098778,variant=pre:playerprops:72608104:2159120,variant=pre:playerprops:72608104:2173132,variant=pre:playerprops:72608104:2296791,variant=pre:playerprops:72608104:2307551,variant=pre:playerprops:72608104:2397539,variant=pre:playerprops:72608104:2437749,variant=pre:playerprops:72608104:2568249,variant=pre:playerprops:72608104:2987499,variant=pre:playerprops:72608104:2993535,variant=pre:playerprops:73008136:67625,variant=pre:playerprops:73008136:137095,variant=pre:playerprops:73008136:139248,variant=pre:playerprops:73008136:232082,variant=pre:playerprops:73008136:312908,variant=pre:playerprops:73008136:318935,variant=pre:playerprops:73008136:344023,variant=pre:playerprops:73008136:855102,variant=pre:playerprops:73008136:859544,variant=pre:playerprops:73008136:932520,variant=pre:playerprops:73008136:937794,variant=pre:playerprops:73008136:939490,variant=pre:playerprops:73008136:978617,variant=pre:playerprops:73008136:1023145,variant=pre:playerprops:73008136:1059045,variant=pre:playerprops:73008136:1091670,variant=pre:playerprops:73008136:1095926,variant=pre:playerprops:73008136:1246170,variant=pre:playerprops:73008136:1348230,variant=pre:playerprops:73008136:1428599,variant=pre:playerprops:73008136:1434601,variant=pre:playerprops:73008136:1565592,variant=pre:playerprops:73008136:1632944,variant=pre:playerprops:73008136:1635734,variant=pre:playerprops:73008136:1635812,variant=pre:playerprops:73008136:1640686,variant=pre:playerprops:73008136:1641896,variant=pre:playerprops:73008136:1711237,variant=pre:playerprops:73008136:1723758,variant=pre:playerprops:73008136:1829536,variant=pre:playerprops:73008136:1970231,variant=pre:playerprops:73008136:2023043,variant=pre:playerprops:73008136:2068097,variant=pre:playerprops:73008136:2103308,variant=pre:playerprops:73008136:2124144,variant=pre:playerprops:73007788:43136,variant=pre:playerprops:73007788:50412,variant=pre:playerprops:73007788:87087,variant=pre:playerprops:73007788:95494,variant=pre:playerprops:73007788:141203,variant=pre:playerprops:73007788:230932,variant=pre:playerprops:73007788:345309,variant=pre:playerprops:73007788:352696,variant=pre:playerprops:73007788:810192,variant=pre:playerprops:73007788:934924,variant=pre:playerprops:73007788:978181,variant=pre:playerprops:73007788:981811,variant=pre:playerprops:73007788:989443,variant=pre:playerprops:73007788:1089560,variant=pre:playerprops:73007788:1235142,variant=pre:playerprops:73007788:1354022,variant=pre:playerprops:73007788:1393259,variant=pre:playerprops:73007788:1402589,variant=pre:playerprops:73007788:1425229,variant=pre:playerprops:73007788:1436490,variant=pre:playerprops:73007788:1561646,variant=pre:playerprops:73007788:1573492,variant=pre:playerprops:73007788:1582412,variant=pre:playerprops:73007788:1582424,variant=pre:playerprops:73007788:1615278,variant=pre:playerprops:73007788:1723480,variant=pre:playerprops:73007788:1730067,variant=pre:playerprops:73007788:1986719,variant=pre:playerprops:73007788:2025335,variant=pre:playerprops:73007788:2057207,variant=pre:playerprops:73007788:2078833,variant=pre:playerprops:73007788:2091225,variant=pre:playerprops:73007788:2158582,variant=pre:playerprops:73007788:2176092,variant=pre:playerprops:73007788:2219906,variant=pre:playerprops:73007788:2258067,variant=pre:playerprops:73007788:2318937,variant=pre:playerprops:73007788:2424509,variant=pre:playerprops:73007788:2629351,variant=pre:playerprops:73007788:2663447,variant=pre:playerprops:73007788:2765295,variant=pre:playerprops:73007788:2765977,variant=pre:playerprops:73007788:2892737,variant=pre:playerprops:73007788:2976305,variant=pre:playerprops:73007788:3207566,variant=pre:playerprops:73008144:21927,variant=pre:playerprops:73008144:30031,variant=pre:playerprops:73008144:61562,variant=pre:playerprops:73008144:103960,variant=pre:playerprops:73008144:110701,variant=pre:playerprops:73008144:155449,variant=pre:playerprops:73008144:227224,variant=pre:playerprops:73008144:278763,variant=pre:playerprops:73008144:363782,variant=pre:playerprops:73008144:384374,variant=pre:playerprops:73008144:603946,variant=pre:playerprops:73008144:605908,variant=pre:playerprops:73008144:758650,variant=pre:playerprops:73008144:978403,variant=pre:playerprops:73008144:979943,variant=pre:playerprops:73008144:1058721,variant=pre:playerprops:73008144:1128757,variant=pre:playerprops:73008144:1133135,variant=pre:playerprops:73008144:1275462,variant=pre:playerprops:73008144:1360254,variant=pre:playerprops:73008144:1380837,variant=pre:playerprops:73008144:1650249,variant=pre:playerprops:73008144:1763537,variant=pre:playerprops:73008144:1953588,variant=pre:playerprops:73008144:1955650,variant=pre:playerprops:73008144:1983091,variant=pre:playerprops:73008144:1993713,variant=pre:playerprops:73008144:2014515,variant=pre:playerprops:73008144:2189886,variant=pre:playerprops:73008144:2354255,variant=pre:playerprops:73008144:2461479,variant=pre:playerprops:73008144:2611309,variant=pre:playerprops:73008144:2804591,variant=pre:playerprops:73008144:3044423,variant=pre:playerprops:73008144:3097838,variant=pre:playerprops:73007848:56544,variant=pre:playerprops:73007848:153300,variant=pre:playerprops:73007848:318947,variant=pre:playerprops:73007848:939240,variant=pre:playerprops:73007848:1016365,variant=pre:playerprops:73007848:1061776,variant=pre:playerprops:73007848:1078328,variant=pre:playerprops:73007848:1129723,variant=pre:playerprops:73007848:1251350,variant=pre:playerprops:73007848:1304216,variant=pre:playerprops:73007848:1359646,variant=pre:playerprops:73007848:1383747,variant=pre:playerprops:73007848:1490728,variant=pre:playerprops:73007848:1514065,variant=pre:playerprops:73007848:1644258,variant=pre:playerprops:73007848:1644476,variant=pre:playerprops:73007848:1644484,variant=pre:playerprops:73007848:1705369,variant=pre:playerprops:73007848:1707881,variant=pre:playerprops:73007848:1746937,variant=pre:playerprops:73007848:1987441,variant=pre:playerprops:73007848:1987661,variant=pre:playerprops:73007848:1991529,variant=pre:playerprops:73007848:2032275,variant=pre:playerprops:73007848:2060093,variant=pre:playerprops:73007848:2196284,variant=pre:playerprops:73007848:2196286,variant=pre:playerprops:73007848:2279521,variant=pre:playerprops:73007848:2409689,variant=pre:playerprops:73007848:2411159,variant=pre:playerprops:73007848:2443533,variant=pre:playerprops:73007848:2523057,variant=pre:playerprops:73007848:2528429,variant=pre:playerprops:73007848:2837347,variant=pre:playerprops:73007848:2883781,variant=pre:playerprops:73007726:68059,variant=pre:playerprops:73007726:88645,variant=pre:playerprops:73007726:139256,variant=pre:playerprops:73007726:173761,variant=pre:playerprops:73007726:188071,variant=pre:playerprops:73007726:216300,variant=pre:playerprops:73007726:286915,variant=pre:playerprops:73007726:358108,variant=pre:playerprops:73007726:580658,variant=pre:playerprops:73007726:769413,variant=pre:playerprops:73007726:941308,variant=pre:playerprops:73007726:962955,variant=pre:playerprops:73007726:1009159,variant=pre:playerprops:73007726:1057047,variant=pre:playerprops:73007726:1132159,variant=pre:playerprops:73007726:1146130,variant=pre:playerprops:73007726:1239250,variant=pre:playerprops:73007726:1240048,variant=pre:playerprops:73007726:1345046,variant=pre:playerprops:73007726:1571258,variant=pre:playerprops:73007726:1641914,variant=pre:playerprops:73007726:1860486,variant=pre:playerprops:73007726:1973653,variant=pre:playerprops:73007726:2042237,variant=pre:playerprops:73007726:2050127,variant=pre:playerprops:73007726:2088745,variant=pre:playerprops:73007726:2109228,variant=pre:playerprops:73007726:2125874,variant=pre:playerprops:73007726:2134150,variant=pre:playerprops:73007726:2142228,variant=pre:playerprops:73007726:2186750,variant=pre:playerprops:73007726:2297973,variant=pre:playerprops:73007726:2305393,variant=pre:playerprops:73007726:2355055,variant=pre:playerprops:73007726:2487333,variant=pre:playerprops:73007726:2611261,variant=pre:playerprops:73007726:2668315,variant=pre:playerprops:73007726:2681081,variant=pre:playerprops:73007622:35208,variant=pre:playerprops:73007622:47753,variant=pre:playerprops:73007622:70930,variant=pre:playerprops:73007622:125274,variant=pre:playerprops:73007622:244039,variant=pre:playerprops:73007622:280551,variant=pre:playerprops:73007622:298920,variant=pre:playerprops:73007622:352666,variant=pre:playerprops:73007622:364618,variant=pre:playerprops:73007622:377802,variant=pre:playerprops:73007622:584124,variant=pre:playerprops:73007622:778950,variant=pre:playerprops:73007622:906702,variant=pre:playerprops:73007622:943502,variant=pre:playerprops:73007622:945388,variant=pre:playerprops:73007622:1070852,variant=pre:playerprops:73007622:1264976,variant=pre:playerprops:73007622:1360960,variant=pre:playerprops:73007622:1396937,variant=pre:playerprops:73007622:1598966,variant=pre:playerprops:73007622:1644148,variant=pre:playerprops:73007622:1859550,variant=pre:playerprops:73007622:1986899,variant=pre:playerprops:73007622:2010543,variant=pre:playerprops:73007622:2201944,variant=pre:playerprops:73007622:2202934,variant=pre:playerprops:73007622:2282225,variant=pre:playerprops:73007622:2295759,variant=pre:playerprops:73007622:2297559,variant=pre:playerprops:73007622:2351311,variant=pre:playerprops:73007622:2400133,variant=pre:playerprops:73007622:2411121,variant=pre:playerprops:73007622:2417945,variant=pre:playerprops:73007622:2591545,variant=pre:playerprops:73007622:2692882,variant=pre:playerprops:73007622:2702786,variant=pre:playerprops:73007630:109296,variant=pre:playerprops:73007630:118204,variant=pre:playerprops:73007630:152813,variant=pre:playerprops:73007630:257091,variant=pre:playerprops:73007630:280729,variant=pre:playerprops:73007630:318673,variant=pre:playerprops:73007630:325121,variant=pre:playerprops:73007630:343067,variant=pre:playerprops:73007630:352768,variant=pre:playerprops:73007630:758168,variant=pre:playerprops:73007630:808932,variant=pre:playerprops:73007630:815708,variant=pre:playerprops:73007630:917502,variant=pre:playerprops:73007630:973773,variant=pre:playerprops:73007630:984769,variant=pre:playerprops:73007630:992987,variant=pre:playerprops:73007630:1012359,variant=pre:playerprops:73007630:1382017,variant=pre:playerprops:73007630:1398039,variant=pre:playerprops:73007630:1409871,variant=pre:playerprops:73007630:1546621,variant=pre:playerprops:73007630:1590852,variant=pre:playerprops:73007630:1601872,variant=pre:playerprops:73007630:1617214,variant=pre:playerprops:73007630:1748261,variant=pre:playerprops:73007630:1793718,variant=pre:playerprops:73007630:1793720,variant=pre:playerprops:73007630:1939964,variant=pre:playerprops:73007630:1957443,variant=pre:playerprops:73007630:1996163,variant=pre:playerprops:73007630:2024883,variant=pre:playerprops:73007630:2159054,variant=pre:playerprops:73007630:2296791,variant=pre:playerprops:73007630:2307551,variant=pre:playerprops:73007630:2332013,variant=pre:playerprops:73007630:2346779,variant=pre:playerprops:73007630:2397539,variant=pre:playerprops:73007630:2437785,variant=pre:playerprops:73007630:2568249,variant=pre:playerprops:73007630:2634123,variant=pre:playerprops:73007630:2755229,variant=pre:playerprops:73007630:2952873,variant=pre:playerprops:73007630:2993393,variant=pre:playerprops:73007630:2993535,variant=pre:playerprops:73007626:133164,variant=pre:playerprops:73007626:250319,variant=pre:playerprops:73007626:309460,variant=pre:playerprops:73007626:355174,variant=pre:playerprops:73007626:548692,variant=pre:playerprops:73007626:567236,variant=pre:playerprops:73007626:756232,variant=pre:playerprops:73007626:819704,variant=pre:playerprops:73007626:838087,variant=pre:playerprops:73007626:893750,variant=pre:playerprops:73007626:984273,variant=pre:playerprops:73007626:1012657,variant=pre:playerprops:73007626:1090402,variant=pre:playerprops:73007626:1120851,variant=pre:playerprops:73007626:1127755,variant=pre:playerprops:73007626:1134293,variant=pre:playerprops:73007626:1296656,variant=pre:playerprops:73007626:1402473,variant=pre:playerprops:73007626:1644584,variant=pre:playerprops:73007626:1727624,variant=pre:playerprops:73007626:1956464,variant=pre:playerprops:73007626:1973477,variant=pre:playerprops:73007626:1976885,variant=pre:playerprops:73007626:1985255,variant=pre:playerprops:73007626:2058625,variant=pre:playerprops:73007626:2243333,variant=pre:playerprops:73007626:2275035,variant=pre:playerprops:73007626:2283833,variant=pre:playerprops:73007626:2284229,variant=pre:playerprops:73007626:2298707,variant=pre:playerprops:73007626:2358163,variant=pre:playerprops:73007626:2393307,variant=pre:playerprops:73007626:2399977,variant=pre:playerprops:73007626:2498745,variant=pre:playerprops:73007626:2586595,variant=pre:playerprops:73008756:68501,variant=pre:playerprops:73008756:109785,variant=pre:playerprops:73008756:147138,variant=pre:playerprops:73008756:153036,variant=pre:playerprops:73008756:279451,variant=pre:playerprops:73008756:279453,variant=pre:playerprops:73008756:312468,variant=pre:playerprops:73008756:611714,variant=pre:playerprops:73008756:814932,variant=pre:playerprops:73008756:815024,variant=pre:playerprops:73008756:937010,variant=pre:playerprops:73008756:1039001,variant=pre:playerprops:73008756:1047607,variant=pre:playerprops:73008756:1057435,variant=pre:playerprops:73008756:1061073,variant=pre:playerprops:73008756:1091118,variant=pre:playerprops:73008756:1106515,variant=pre:playerprops:73008756:1112633,variant=pre:playerprops:73008756:1338608,variant=pre:playerprops:73008756:1653517,variant=pre:playerprops:73008756:1661981,variant=pre:playerprops:73008756:1724700,variant=pre:playerprops:73008756:2306861,variant=pre:playerprops:73008756:2388037,variant=pre:playerprops:73008756:2451039,variant=pre:playerprops:73008756:2775293,variant=pre:playerprops:73008756:3158758,variant=pre:playerprops:73008756:3187440,variant=pre:playerprops:72529156:329577,variant=pre:playerprops:72529156:339115,variant=pre:playerprops:72529156:358924,variant=pre:playerprops:72529156:780178,variant=pre:playerprops:72529156:823602,variant=pre:playerprops:72529156:857544,variant=pre:playerprops:72529156:1119131,variant=pre:playerprops:72529156:1143092,variant=pre:playerprops:72529156:1307832,variant=pre:playerprops:72529156:1558836,variant=pre:playerprops:72529156:1646664,variant=pre:playerprops:72529156:1693083,variant=pre:playerprops:72529156:1835022,variant=pre:playerprops:72529156:1835228,variant=pre:playerprops:72529156:1957483,variant=pre:playerprops:72529156:2018063,variant=pre:playerprops:72529156:2094894,variant=pre:playerprops:72529156:2108256,variant=pre:playerprops:72529156:2108302,variant=pre:playerprops:72529156:2142382,variant=pre:playerprops:72529156:2186558,variant=pre:playerprops:72529156:2253163,variant=pre:playerprops:72529156:2288845,variant=pre:playerprops:72529156:2300899,variant=pre:playerprops:72529156:2327939,variant=pre:playerprops:72529156:2342553,variant=pre:playerprops:72529156:2541155,variant=pre:playerprops:72529156:2548161,variant=pre:playerprops:72529156:2572341,variant=pre:playerprops:72529156:2586751,variant=pre:playerprops:72529156:2643443,variant=pre:playerprops:72529156:2649185,variant=pre:playerprops:72529156:2753451,variant=pre:playerprops:72529156:2790187,variant=pre:playerprops:72529156:2840259,variant=pre:playerprops:72529156:2861975,variant=pre:playerprops:72529156:2879557,variant=pre:playerprops:72529156:2879561,variant=pre:playerprops:72529156:2892473,variant=pre:playerprops:72529156:2981685,variant=pre:playerprops:72529156:2997283,variant=pre:playerprops:72529156:3017840,variant=pre:playerprops:72529156:3102474,variant=pre:playerprops:72529158:107397,variant=pre:playerprops:72529158:122638,variant=pre:playerprops:72529158:146416,variant=pre:playerprops:72529158:155714,variant=pre:playerprops:72529158:334027,variant=pre:playerprops:72529158:340509,variant=pre:playerprops:72529158:340775,variant=pre:playerprops:72529158:546316,variant=pre:playerprops:72529158:546338,variant=pre:playerprops:72529158:588618,variant=pre:playerprops:72529158:802990,variant=pre:playerprops:72529158:869420,variant=pre:playerprops:72529158:1103567,variant=pre:playerprops:72529158:1103591,variant=pre:playerprops:72529158:1103771,variant=pre:playerprops:72529158:1121833,variant=pre:playerprops:72529158:1363566,variant=pre:playerprops:72529158:1427011,variant=pre:playerprops:72529158:1476492,variant=pre:playerprops:72529158:1484008,variant=pre:playerprops:72529158:1509277,variant=pre:playerprops:72529158:1561328,variant=pre:playerprops:72529158:1699815,variant=pre:playerprops:72529158:2021741,variant=pre:playerprops:72529158:2125934,variant=pre:playerprops:72529158:2289165,variant=pre:playerprops:72529158:2299715,variant=pre:playerprops:72529158:2351633,variant=pre:playerprops:72529158:2439799,variant=pre:playerprops:72529158:2551845,variant=pre:playerprops:72529158:2774515,variant=pre:playerprops:72529158:2828471,variant=pre:playerprops:72529158:2868381,variant=pre:playerprops:72529158:2898545,variant=pre:playerprops:72529158:2941325,variant=pre:playerprops:72529158:2973619,variant=pre:playerprops:72529158:3056983,variant=pre:playerprops:72529158:3099164,variant=pre:playerprops:72529158:3149046,variant=pre:playerprops:73008076:15898,variant=pre:playerprops:73008076:118624,variant=pre:playerprops:73008076:156640,variant=pre:playerprops:73008076:169231,variant=pre:playerprops:73008076:188117,variant=pre:playerprops:73008076:558524,variant=pre:playerprops:73008076:606254,variant=pre:playerprops:73008076:935188,variant=pre:playerprops:73008076:940052,variant=pre:playerprops:73008076:944502,variant=pre:playerprops:73008076:1047143,variant=pre:playerprops:73008076:1080652,variant=pre:playerprops:73008076:1117685,variant=pre:playerprops:73008076:1373611,variant=pre:playerprops:73008076:1510895,variant=pre:playerprops:73008076:1561848,variant=pre:playerprops:73008076:1573980,variant=pre:playerprops:73008076:1722924,variant=pre:playerprops:73008076:1726842,variant=pre:playerprops:73008076:1750015,variant=pre:playerprops:73008076:1930126,variant=pre:playerprops:73008076:1954436,variant=pre:playerprops:73008076:2138756,variant=pre:playerprops:73008076:2142668,variant=pre:playerprops:73008076:2802817,variant=pre:playerprops:73008076:3091714,variant=pre:playerprops:73276980:39573,variant=pre:playerprops:73276980:149663,variant=pre:playerprops:73276980:187205,variant=pre:playerprops:73276980:226986,variant=pre:playerprops:73276980:234148,variant=pre:playerprops:73276980:243623,variant=pre:playerprops:73276980:252821,variant=pre:playerprops:73276980:254491,variant=pre:playerprops:73276980:280565,variant=pre:playerprops:73276980:310874,variant=pre:playerprops:73276980:329245,variant=pre:playerprops:73276980:361004,variant=pre:playerprops:73276980:557878,variant=pre:playerprops:73276980:565546,variant=pre:playerprops:73276980:604232,variant=pre:playerprops:73276980:758608,variant=pre:playerprops:73276980:859462,variant=pre:playerprops:73276980:1045121,variant=pre:playerprops:73276980:1054707,variant=pre:playerprops:73276980:1117873,variant=pre:playerprops:73276980:1238860,variant=pre:playerprops:73276980:1276254,variant=pre:playerprops:73276980:1429911,variant=pre:playerprops:73276980:1546543,variant=pre:playerprops:73276980:1597578,variant=pre:playerprops:73276980:1631746,variant=pre:playerprops:73276980:1720442,variant=pre:playerprops:73276980:1886208,variant=pre:playerprops:73276980:1951326,variant=pre:playerprops:73276980:1956492,variant=pre:playerprops:73276980:1966829,variant=pre:playerprops:73276980:2053067,variant=pre:playerprops:73276980:2145698,variant=pre:playerprops:73276980:2194598,variant=pre:playerprops:73276980:2264967,variant=pre:playerprops:73276980:2439643,variant=pre:playerprops:73276980:2640713,variant=pre:playerprops:73276980:2702218,variant=pre:playerprops:73276980:2702370,variant=pre:playerprops:73276980:2707216,variant=pre:playerprops:73276980:2737203,variant=pre:playerprops:73276980:2863619,variant=pre:playerprops:73009200:75425,variant=pre:playerprops:73009200:124590,variant=pre:playerprops:73009200:133544,variant=pre:playerprops:73009200:223168,variant=pre:playerprops:73009200:280637,variant=pre:playerprops:73009200:286145,variant=pre:playerprops:73009200:305230,variant=pre:playerprops:73009200:365772,variant=pre:playerprops:73009200:537360,variant=pre:playerprops:73009200:548312,variant=pre:playerprops:73009200:591140,variant=pre:playerprops:73009200:606190,variant=pre:playerprops:73009200:935444,variant=pre:playerprops:73009200:999517,variant=pre:playerprops:73009200:1006719,variant=pre:playerprops:73009200:1336118,variant=pre:playerprops:73009200:1373861,variant=pre:playerprops:73009200:1643532,variant=pre:playerprops:73009200:1652029,variant=pre:playerprops:73009200:1728513,variant=pre:playerprops:73009200:1858676,variant=pre:playerprops:73009200:1930340,variant=pre:playerprops:73009200:1955904,variant=pre:playerprops:73009200:1986077,variant=pre:playerprops:73009200:2018247,variant=pre:playerprops:73009200:2044853,variant=pre:playerprops:73009200:2134242,variant=pre:playerprops:73009200:2700354,variant=pre:playerprops:72529124:22981,variant=pre:playerprops:72529124:28381,variant=pre:playerprops:72529124:174519,variant=pre:playerprops:72529124:174961,variant=pre:playerprops:72529124:252313,variant=pre:playerprops:72529124:255389,variant=pre:playerprops:72529124:312344,variant=pre:playerprops:72529124:359098,variant=pre:playerprops:72529124:579350,variant=pre:playerprops:72529124:816368,variant=pre:playerprops:72529124:843883,variant=pre:playerprops:72529124:954864,variant=pre:playerprops:72529124:1018585,variant=pre:playerprops:72529124:1111571,variant=pre:playerprops:72529124:1248934,variant=pre:playerprops:72529124:1406243,variant=pre:playerprops:72529124:1414117,variant=pre:playerprops:72529124:1492874,variant=pre:playerprops:72529124:1630482,variant=pre:playerprops:72529124:1711655,variant=pre:playerprops:72529124:1721874,variant=pre:playerprops:72529124:1957459,variant=pre:playerprops:72529124:1968475,variant=pre:playerprops:72529124:2072607,variant=pre:playerprops:72529124:2089205,variant=pre:playerprops:72529124:2089979,variant=pre:playerprops:72529124:2090567,variant=pre:playerprops:72529124:2091211,variant=pre:playerprops:72529124:2091647,variant=pre:playerprops:72529124:2092956,variant=pre:playerprops:72529124:2107162,variant=pre:playerprops:72529124:2108366,variant=pre:playerprops:72529124:2109232,variant=pre:playerprops:72529124:2136800,variant=pre:playerprops:72529124:2148806,variant=pre:playerprops:72529124:2149434,variant=pre:playerprops:72529124:2261853,variant=pre:playerprops:72529124:2315099,variant=pre:playerprops:72529124:2324427,variant=pre:playerprops:72529124:2395781,variant=pre:playerprops:72529124:2717346,variant=pre:playerprops:72529124:2784033,variant=pre:playerprops:72529124:2859665,variant=pre:playerprops:72529124:2873539,variant=pre:playerprops:72529124:3149322,variant=pre:playerprops:72529124:3149324,variant=pre:playerprops:73008752:36316,variant=pre:playerprops:73008752:123875,variant=pre:playerprops:73008752:199092,variant=pre:playerprops:73008752:229678,variant=pre:playerprops:73008752:279521,variant=pre:playerprops:73008752:308604,variant=pre:playerprops:73008752:361160,variant=pre:playerprops:73008752:578086,variant=pre:playerprops:73008752:609706,variant=pre:playerprops:73008752:857148,variant=pre:playerprops:73008752:898478,variant=pre:playerprops:73008752:969477,variant=pre:playerprops:73008752:993051,variant=pre:playerprops:73008752:997191,variant=pre:playerprops:73008752:1013433,variant=pre:playerprops:73008752:1061005,variant=pre:playerprops:73008752:1061770,variant=pre:playerprops:73008752:1080430,variant=pre:playerprops:73008752:1412423,variant=pre:playerprops:73008752:1496333,variant=pre:playerprops:73008752:1512411,variant=pre:playerprops:73008752:1641916,variant=pre:playerprops:73008752:1721980,variant=pre:playerprops:73008752:1872238,variant=pre:playerprops:73008752:2060137,variant=pre:playerprops:73008752:2297567,variant=pre:playerprops:73008752:2324373,variant=pre:playerprops:73008752:2363591,variant=pre:playerprops:73008752:2403049,variant=pre:playerprops:73008752:2471169,variant=pre:playerprops:73008752:2666873,variant=pre:playerprops:73008752:2781169,variant=pre:playerprops:73008752:2919095,variant=pre:playerprops:73008516:175177,variant=pre:playerprops:73008516:237098,variant=pre:playerprops:73008516:287563,variant=pre:playerprops:73008516:578364,variant=pre:playerprops:73008516:754698,variant=pre:playerprops:73008516:755274,variant=pre:playerprops:73008516:768997,variant=pre:playerprops:73008516:796780,variant=pre:playerprops:73008516:944194,variant=pre:playerprops:73008516:1050281,variant=pre:playerprops:73008516:1070802,variant=pre:playerprops:73008516:1083714,variant=pre:playerprops:73008516:1241930,variant=pre:playerprops:73008516:1322496,variant=pre:playerprops:73008516:1548155,variant=pre:playerprops:73008516:1576240,variant=pre:playerprops:73008516:1626738,variant=pre:playerprops:73008516:1724628,variant=pre:playerprops:73008516:1733371,variant=pre:playerprops:73008516:1969757,variant=pre:playerprops:73008516:1977325,variant=pre:playerprops:73008516:2002461,variant=pre:playerprops:73008516:2013869,variant=pre:playerprops:73008516:2018203,variant=pre:playerprops:73008516:2064247,variant=pre:playerprops:73008516:2065843,variant=pre:playerprops:73008516:2117696,variant=pre:playerprops:73008516:2183824,variant=pre:playerprops:73008516:2239420,variant=pre:playerprops:73008516:2265047,variant=pre:playerprops:73008516:2289357,variant=pre:playerprops:73008516:2353645,variant=pre:playerprops:73008516:2407831,variant=pre:playerprops:73008516:2463273,variant=pre:playerprops:73008516:2702222,variant=pre:playerprops:73008516:2867503,variant=pre:playerprops:73009196:138515,variant=pre:playerprops:73009196:186953,variant=pre:playerprops:73009196:294313,variant=pre:playerprops:73009196:326343,variant=pre:playerprops:73009196:357794,variant=pre:playerprops:73009196:834955,variant=pre:playerprops:73009196:922266,variant=pre:playerprops:73009196:936670,variant=pre:playerprops:73009196:1013351,variant=pre:playerprops:73009196:1060117,variant=pre:playerprops:73009196:1081800,variant=pre:playerprops:73009196:1103575,variant=pre:playerprops:73009196:1134461,variant=pre:playerprops:73009196:1298490,variant=pre:playerprops:73009196:1336398,variant=pre:playerprops:73009196:1346400,variant=pre:playerprops:73009196:1346414,variant=pre:playerprops:73009196:1633676,variant=pre:playerprops:73009196:1663305,variant=pre:playerprops:73009196:1672057,variant=pre:playerprops:73009196:1700171,variant=pre:playerprops:73009196:1725614,variant=pre:playerprops:73009196:2009785,variant=pre:playerprops:73009196:2041773,variant=pre:playerprops:73009196:2059009,variant=pre:playerprops:73009196:2072735,variant=pre:playerprops:73009196:2104448,variant=pre:playerprops:73009196:2130742,variant=pre:playerprops:73009196:2200870,variant=pre:playerprops:73009196:2240533,variant=pre:playerprops:73009196:2354211,variant=pre:playerprops:73009196:2354237,variant=pre:playerprops:73009196:2377951,variant=pre:playerprops:73009196:2652097,variant=pre:playerprops:73009196:2659071,variant=pre:playerprops:73009196:2749517,variant=pre:playerprops:73009196:2774875,variant=pre:playerprops:73009196:2806863,variant=pre:playerprops:73008852:109002,variant=pre:playerprops:73008852:135666,variant=pre:playerprops:73008852:151439,variant=pre:playerprops:73008852:156718,variant=pre:playerprops:73008852:280631,variant=pre:playerprops:73008852:284387,variant=pre:playerprops:73008852:338909,variant=pre:playerprops:73008852:361302,variant=pre:playerprops:73008852:361308,variant=pre:playerprops:73008852:373678,variant=pre:playerprops:73008852:584722,variant=pre:playerprops:73008852:769489,variant=pre:playerprops:73008852:792373,variant=pre:playerprops:73008852:795266,variant=pre:playerprops:73008852:867668,variant=pre:playerprops:73008852:896302,variant=pre:playerprops:73008852:897272,variant=pre:playerprops:73008852:1023787,variant=pre:playerprops:73008852:1047625,variant=pre:playerprops:73008852:1118063,variant=pre:playerprops:73008852:1244138,variant=pre:playerprops:73008852:1264306,variant=pre:playerprops:73008852:1298462,variant=pre:playerprops:73008852:1300748,variant=pre:playerprops:73008852:1971975,variant=pre:playerprops:73008852:2062765,variant=pre:playerprops:73008852:2084699,variant=pre:playerprops:73008852:2220904,variant=pre:playerprops:73008852:2350317,variant=pre:playerprops:73008852:2407639,variant=pre:playerprops:73008852:2413339,variant=pre:playerprops:73008852:2798513,variant=pre:playerprops:73008760:57963,variant=pre:playerprops:73008760:65218,variant=pre:playerprops:73008760:65607,variant=pre:playerprops:73008760:81485,variant=pre:playerprops:73008760:114062,variant=pre:playerprops:73008760:114664,variant=pre:playerprops:73008760:227440,variant=pre:playerprops:73008760:289127,variant=pre:playerprops:73008760:335887,variant=pre:playerprops:73008760:545522,variant=pre:playerprops:73008760:820376,variant=pre:playerprops:73008760:857224,variant=pre:playerprops:73008760:886290,variant=pre:playerprops:73008760:977409,variant=pre:playerprops:73008760:1008713,variant=pre:playerprops:73008760:1061904,variant=pre:playerprops:73008760:1091648,variant=pre:playerprops:73008760:1302202,variant=pre:playerprops:73008760:1322860,variant=pre:playerprops:73008760:1643770,variant=pre:playerprops:73008760:1644704,variant=pre:playerprops:73008760:1741721,variant=pre:playerprops:73008760:2108166,variant=pre:playerprops:73008760:2121342,variant=pre:playerprops:73008760:2161502,variant=pre:playerprops:73008760:2242369,variant=pre:playerprops:73008760:2370973,variant=pre:playerprops:73008760:2575587,variant=pre:playerprops:73008760:2794931,variant=pre:playerprops:73009106:21300,variant=pre:playerprops:73009106:259803,variant=pre:playerprops:73009106:283833,variant=pre:playerprops:73009106:319847,variant=pre:playerprops:73009106:353210,variant=pre:playerprops:73009106:357728,variant=pre:playerprops:73009106:357740,variant=pre:playerprops:73009106:546180,variant=pre:playerprops:73009106:559058,variant=pre:playerprops:73009106:578198,variant=pre:playerprops:73009106:860268,variant=pre:playerprops:73009106:868574,variant=pre:playerprops:73009106:927976,variant=pre:playerprops:73009106:935174,variant=pre:playerprops:73009106:936370,variant=pre:playerprops:73009106:953422,variant=pre:playerprops:73009106:1013035,variant=pre:playerprops:73009106:1057347,variant=pre:playerprops:73009106:1344822,variant=pre:playerprops:73009106:1724624,variant=pre:playerprops:73009106:1732619,variant=pre:playerprops:73009106:1992389,variant=pre:playerprops:73009106:2014255,variant=pre:playerprops:73009106:2070897,variant=pre:playerprops:73009106:2084065,variant=pre:playerprops:73009106:2148956,variant=pre:playerprops:73009106:2206306,variant=pre:playerprops:73009106:2264929,variant=pre:playerprops:73009106:2282883,variant=pre:playerprops:73009106:2299993,variant=pre:playerprops:73009106:2303915,variant=pre:playerprops:73009106:2396061,variant=pre:playerprops:73009106:2520509,variant=pre:playerprops:73009106:2533433,variant=pre:playerprops:73009106:2586333,variant=pre:playerprops:73009106:2709168,variant=pre:playerprops:73009106:2762101,variant=pre:playerprops:73009106:2770661,variant=pre:playerprops:73009106:2804727,variant=pre:playerprops:73009106:2818161,variant=pre:playerprops:73009104:39661,variant=pre:playerprops:73009104:122399,variant=pre:playerprops:73009104:138546,variant=pre:playerprops:73009104:139229,variant=pre:playerprops:73009104:154040,variant=pre:playerprops:73009104:188133,variant=pre:playerprops:73009104:239632,variant=pre:playerprops:73009104:309892,variant=pre:playerprops:73009104:344751,variant=pre:playerprops:73009104:361310,variant=pre:playerprops:73009104:547796,variant=pre:playerprops:73009104:941560,variant=pre:playerprops:73009104:1060687,variant=pre:playerprops:73009104:1091112,variant=pre:playerprops:73009104:1295764,variant=pre:playerprops:73009104:1299884,variant=pre:playerprops:73009104:1344800,variant=pre:playerprops:73009104:1382089,variant=pre:playerprops:73009104:1382937,variant=pre:playerprops:73009104:1644568,variant=pre:playerprops:73009104:1652563,variant=pre:playerprops:73009104:1704363,variant=pre:playerprops:73009104:1736205,variant=pre:playerprops:73009104:1956484,variant=pre:playerprops:73009104:1975725,variant=pre:playerprops:73009104:2106852,variant=pre:playerprops:73009104:2161486,variant=pre:playerprops:73009104:2169156,variant=pre:playerprops:73009104:2230194,variant=pre:playerprops:73009104:2521609,variant=pre:playerprops:73009104:2592851,variant=pre:playerprops:73009104:2610983,variant=pre:playerprops:73009104:2652385,variant=pre:playerprops:73009104:2757189,variant=pre:playerprops:73009104:2859737,variant=pre:playerprops:73009104:2891617,variant=pre:playerprops:73009104:3055325,variant=pre:playerprops:73009104:3128240,variant=pre:playerprops:73008764:43192,variant=pre:playerprops:73008764:64537,variant=pre:playerprops:73008764:135629,variant=pre:playerprops:73008764:193640,variant=pre:playerprops:73008764:234956,variant=pre:playerprops:73008764:238848,variant=pre:playerprops:73008764:571722,variant=pre:playerprops:73008764:580368,variant=pre:playerprops:73008764:605554,variant=pre:playerprops:73008764:769265,variant=pre:playerprops:73008764:935438,variant=pre:playerprops:73008764:1005279,variant=pre:playerprops:73008764:1060529,variant=pre:playerprops:73008764:1129657,variant=pre:playerprops:73008764:1297360,variant=pre:playerprops:73008764:1416729,variant=pre:playerprops:73008764:1643410,variant=pre:playerprops:73008764:1724660,variant=pre:playerprops:73008764:1884448,variant=pre:playerprops:73008764:1979509,variant=pre:playerprops:73008764:2018325,variant=pre:playerprops:73008764:2056203,variant=pre:playerprops:73008764:2078805,variant=pre:playerprops:73008764:2160926,variant=pre:playerprops:73008764:2288401,variant=pre:playerprops:73008764:2466173,variant=pre:playerprops:73008764:2477283,variant=pre:playerprops:73008764:2565859,variant=pre:playerprops:73008764:2594819,variant=pre:playerprops:73008764:2646987,variant=pre:playerprops:73008764:2648773,variant=pre:playerprops:73014456:190261,variant=pre:playerprops:73014456:191986,variant=pre:playerprops:73014456:228364,variant=pre:playerprops:73014456:252577,variant=pre:playerprops:73014456:275867,variant=pre:playerprops:73014456:355460,variant=pre:playerprops:73014456:356034,variant=pre:playerprops:73014456:755704,variant=pre:playerprops:73014456:794150,variant=pre:playerprops:73014456:949680,variant=pre:playerprops:73014456:1046581,variant=pre:playerprops:73014456:1089296,variant=pre:playerprops:73014456:1299468,variant=pre:playerprops:73014456:1336424,variant=pre:playerprops:73014456:1381917,variant=pre:playerprops:73014456:1421203,variant=pre:playerprops:73014456:1568408,variant=pre:playerprops:73014456:1572688,variant=pre:playerprops:73014456:1604836,variant=pre:playerprops:73014456:1611700,variant=pre:playerprops:73014456:1624396,variant=pre:playerprops:73014456:1640692,variant=pre:playerprops:73014456:1644520,variant=pre:playerprops:73014456:1864906,variant=pre:playerprops:73014456:1869036,variant=pre:playerprops:73014456:2014157,variant=pre:playerprops:73014456:2044393,variant=pre:playerprops:73014456:2065877,variant=pre:playerprops:73014456:2110788,variant=pre:playerprops:73014456:2329171,variant=pre:playerprops:73014456:2358923,variant=pre:playerprops:73014456:2535801,variant=pre:playerprops:73014456:2647475,variant=pre:playerprops:73014456:2661171,variant=pre:playerprops:73014456:3027362,variant=pre:playerprops:73014456:3040799,variant=pre:playerprops:72529128:174943,variant=pre:playerprops:72529128:249429,variant=pre:playerprops:72529128:340441,variant=pre:playerprops:72529128:384552,variant=pre:playerprops:72529128:558816,variant=pre:playerprops:72529128:802538,variant=pre:playerprops:72529128:860554,variant=pre:playerprops:72529128:871880,variant=pre:playerprops:72529128:955056,variant=pre:playerprops:72529128:1016975,variant=pre:playerprops:72529128:1050911,variant=pre:playerprops:72529128:1103085,variant=pre:playerprops:72529128:1103797,variant=pre:playerprops:72529128:1121079,variant=pre:playerprops:72529128:1143532,variant=pre:playerprops:72529128:1602928,variant=pre:playerprops:72529128:1726226,variant=pre:playerprops:72529128:1870920,variant=pre:playerprops:72529128:1993105,variant=pre:playerprops:72529128:2008353,variant=pre:playerprops:72529128:2090303,variant=pre:playerprops:72529128:2111462,variant=pre:playerprops:72529128:2130212,variant=pre:playerprops:72529128:2159324,variant=pre:playerprops:72529128:2173246,variant=pre:playerprops:72529128:2401883,variant=pre:playerprops:72529128:2541151,variant=pre:playerprops:72529128:2575743,variant=pre:playerprops:72529128:2629159,variant=pre:playerprops:72529128:2652389,variant=pre:playerprops:72529128:2796837,variant=pre:playerprops:72529128:2836921,variant=pre:playerprops:72529128:3069439,variant=pre:playerprops:72529128:3177514,variant=pre:playerprops:72529128:3228700,variant=pre:playerprops:72041032:367118,variant=pre:playerprops:72041032:1986657,variant=pre:playerprops:72041032:2076209,variant=pre:playerprops:72041032:2190628,variant=pre:playerprops:72041032:2191282,variant=pre:playerprops:72041032:2275719,variant=pre:playerprops:72041032:2277961,variant=pre:playerprops:72041032:2316371,variant=pre:playerprops:72041032:2437943,variant=pre:playerprops:72041032:2536393,variant=pre:playerprops:72041032:2691134,variant=pre:playerprops:72041032:2691136,variant=pre:playerprops:72041032:2839431,variant=pre:playerprops:72530822:93796,variant=pre:playerprops:72530822:344179,variant=pre:playerprops:72530822:357734,variant=pre:playerprops:72530822:548044,variant=pre:playerprops:72530822:583838,variant=pre:playerprops:72530822:758314,variant=pre:playerprops:72530822:936580,variant=pre:playerprops:72530822:978127,variant=pre:playerprops:72530822:979097,variant=pre:playerprops:72530822:1050259,variant=pre:playerprops:72530822:1050271,variant=pre:playerprops:72530822:1057937,variant=pre:playerprops:72530822:1428493,variant=pre:playerprops:72530822:1620126,variant=pre:playerprops:72530822:1710501,variant=pre:playerprops:72530822:1850758,variant=pre:playerprops:72530822:1953482,variant=pre:playerprops:72530822:1988153,variant=pre:playerprops:72530822:2139162,variant=pre:playerprops:72530822:2156398,variant=pre:playerprops:72530822:2157496,variant=pre:playerprops:72530822:2208688,variant=pre:playerprops:72530822:2390185,variant=pre:playerprops:72530822:2652003,variant=pre:playerprops:72530822:2659405,variant=pre:playerprops:72530822:3034594,variant=pre:playerprops:72607886:92745,variant=pre:playerprops:72607886:124294,variant=pre:playerprops:72607886:152625,variant=pre:playerprops:72607886:152684,variant=pre:playerprops:72607886:228907,variant=pre:playerprops:72607886:282971,variant=pre:playerprops:72607886:359844,variant=pre:playerprops:72607886:537332,variant=pre:playerprops:72607886:819338,variant=pre:playerprops:72607886:901442,variant=pre:playerprops:72607886:902016,variant=pre:playerprops:72607886:941776,variant=pre:playerprops:72607886:1140138,variant=pre:playerprops:72607886:1355912,variant=pre:playerprops:72607886:1486476,variant=pre:playerprops:72607886:1620874,variant=pre:playerprops:72607886:1737539,variant=pre:playerprops:72607886:1769218,variant=pre:playerprops:72607886:1938874,variant=pre:playerprops:72607886:2060295,variant=pre:playerprops:72607886:2064965,variant=pre:playerprops:72607886:2129938,variant=pre:playerprops:72607886:2134716,variant=pre:playerprops:72607886:2142272,variant=pre:playerprops:72607886:2142332,variant=pre:playerprops:72607886:2284503,variant=pre:playerprops:72607886:2396121,variant=pre:playerprops:72607886:2407703,variant=pre:playerprops:72607886:2411781,variant=pre:playerprops:72607886:2514321,variant=pre:playerprops:72607886:2553219,variant=pre:playerprops:72607886:2579567,variant=pre:playerprops:72607886:2945483,variant=pre:playerprops:73265162:30027,variant=pre:playerprops:73265162:33268,variant=pre:playerprops:73265162:42455,variant=pre:playerprops:73265162:122711,variant=pre:playerprops:73265162:146982,variant=pre:playerprops:73265162:250231,variant=pre:playerprops:73265162:333593,variant=pre:playerprops:73265162:340845,variant=pre:playerprops:73265162:341097,variant=pre:playerprops:73265162:579356,variant=pre:playerprops:73265162:912992,variant=pre:playerprops:73265162:927892,variant=pre:playerprops:73265162:1073604,variant=pre:playerprops:73265162:1103569,variant=pre:playerprops:73265162:1104095,variant=pre:playerprops:73265162:1112441,variant=pre:playerprops:73265162:1115523,variant=pre:playerprops:73265162:1120951,variant=pre:playerprops:73265162:1262144,variant=pre:playerprops:73265162:1413857,variant=pre:playerprops:73265162:1639870,variant=pre:playerprops:73265162:1712569,variant=pre:playerprops:73265162:1744143,variant=pre:playerprops:73265162:1829468,variant=pre:playerprops:73265162:1835308,variant=pre:playerprops:73265162:1957451,variant=pre:playerprops:73265162:1957495,variant=pre:playerprops:73265162:2069987,variant=pre:playerprops:73265162:2113512,variant=pre:playerprops:73265162:2146878,variant=pre:playerprops:73265162:2184874,variant=pre:playerprops:73265162:2244389,variant=pre:playerprops:73265162:2269081,variant=pre:playerprops:73265162:2549325,variant=pre:playerprops:73265162:2815645,variant=pre:playerprops:73265162:2944263,variant=pre:playerprops:73265162:2966655,variant=pre:playerprops:73265162:3144464,variant=pre:playerprops:73265162:3166582,variant=pre:playerprops:72202950:16206,variant=pre:playerprops:72202950:118085,variant=pre:playerprops:72202950:248331,variant=pre:playerprops:72202950:1120847,variant=pre:playerprops:72202950:1696963,variant=pre:playerprops:72202950:1939306,variant=pre:playerprops:72202950:1957911,variant=pre:playerprops:72202950:2091825,variant=pre:playerprops:72202950:2239925,variant=pre:playerprops:72202950:2244535,variant=pre:playerprops:72202950:2244543,variant=pre:playerprops:72202950:2269359,variant=pre:playerprops:72202950:2275129,variant=pre:playerprops:72202950:2295427,variant=pre:playerprops:72202950:2309659,variant=pre:playerprops:72202950:2611455,variant=pre:playerprops:72202950:2887011,variant=pre:playerprops:72041034:35208,variant=pre:playerprops:72041034:47753,variant=pre:playerprops:72041034:70930,variant=pre:playerprops:72041034:76160,variant=pre:playerprops:72041034:268701,variant=pre:playerprops:72041034:385300,variant=pre:playerprops:72041034:906702,variant=pre:playerprops:72041034:943502,variant=pre:playerprops:72041034:945388,variant=pre:playerprops:72041034:962589,variant=pre:playerprops:72041034:1264976,variant=pre:playerprops:72041034:1407143,variant=pre:playerprops:72041034:1859550,variant=pre:playerprops:72041034:1986899,variant=pre:playerprops:72041034:2278447,variant=pre:playerprops:72041034:2295759,variant=pre:playerprops:72041034:2297559,variant=pre:playerprops:72041034:2351311,variant=pre:playerprops:72041034:2411121,variant=pre:playerprops:72041034:2424155,variant=pre:playerprops:72041034:2469757,variant=pre:playerprops:72041034:2718844,variant=pre:playerprops:72041034:2748933,variant=pre:playerprops:72041036:756260,variant=pre:playerprops:72041036:823298,variant=pre:playerprops:72041036:860072,variant=pre:playerprops:72041036:1060527,variant=pre:playerprops:72041036:1245276,variant=pre:playerprops:72041036:1297602,variant=pre:playerprops:72041036:1436960,variant=pre:playerprops:72041036:1624442,variant=pre:playerprops:72041036:1793398,variant=pre:playerprops:72041036:1969767,variant=pre:playerprops:72041036:2044461,variant=pre:playerprops:72041036:2062395,variant=pre:playerprops:72041036:2152824,variant=pre:playerprops:72041036:2159114,variant=pre:playerprops:72041036:2587691,variant=pre:playerprops:72041038:38710,variant=pre:playerprops:72041038:78730,variant=pre:playerprops:72041038:128992,variant=pre:playerprops:72041038:146871,variant=pre:playerprops:72041038:366942,variant=pre:playerprops:72041038:610396,variant=pre:playerprops:72041038:893738,variant=pre:playerprops:72041038:1013617,variant=pre:playerprops:72041038:1015035,variant=pre:playerprops:72041038:1065288,variant=pre:playerprops:72041038:1083456,variant=pre:playerprops:72041038:1253708,variant=pre:playerprops:72041038:1425285,variant=pre:playerprops:72041038:1629762,variant=pre:playerprops:72041038:1726548,variant=pre:playerprops:72041038:1770378,variant=pre:playerprops:72041038:1977313,variant=pre:playerprops:72041038:1979549,variant=pre:playerprops:72041038:1983697,variant=pre:playerprops:72041038:2049241,variant=pre:playerprops:72041038:2064961,variant=pre:playerprops:72041038:2067857,variant=pre:playerprops:72041038:2136418,variant=pre:playerprops:72041038:2150366,variant=pre:playerprops:72041038:2199952,variant=pre:playerprops:72041038:2264579,variant=pre:playerprops:72041038:2297035,variant=pre:playerprops:72041038:2333599,variant=pre:playerprops:72041038:2360171,variant=pre:playerprops:72041038:2366215,variant=pre:playerprops:72041038:2851971,variant=pre:playerprops:72041040:116946,variant=pre:playerprops:72041040:943512,variant=pre:playerprops:72041040:972941,variant=pre:playerprops:72041040:979511,variant=pre:playerprops:72041040:1336444,variant=pre:playerprops:72041040:1396571,variant=pre:playerprops:72041040:1428689,variant=pre:playerprops:72041040:1626890,variant=pre:playerprops:72041040:1978411,variant=pre:playerprops:72041040:2052339,variant=pre:playerprops:72041040:2091607,variant=pre:playerprops:72041040:2166290,variant=pre:playerprops:72041040:2200584,variant=pre:playerprops:72041040:2242611,variant=pre:playerprops:72041040:2275951,variant=pre:playerprops:72041040:2275953,variant=pre:playerprops:72041040:2288105,variant=pre:playerprops:72041040:2327033,variant=pre:playerprops:72041040:2450991,variant=pre:playerprops:72041040:2595747,variant=pre:playerprops:72041040:2601949,variant=pre:playerprops:72041040:2689842,variant=pre:playerprops:72041040:2718854,variant=pre:playerprops:72041040:2842947,variant=pre:playerprops:72530826:125039,variant=pre:playerprops:72530826:157023,variant=pre:playerprops:72530826:158597,variant=pre:playerprops:72530826:605952,variant=pre:playerprops:72530826:810338,variant=pre:playerprops:72530826:936176,variant=pre:playerprops:72530826:1248164,variant=pre:playerprops:72530826:1299434,variant=pre:playerprops:72530826:1651085,variant=pre:playerprops:72530826:2057367,variant=pre:playerprops:72530826:2191294,variant=pre:playerprops:72530826:2264527,variant=pre:playerprops:72530826:2773463,variant=pre:playerprops:72530826:2839195,variant=pre:playerprops:72530826:2872337,variant=pre:playerprops:72530836:155985,variant=pre:playerprops:72530836:772065,variant=pre:playerprops:72530836:789703,variant=pre:playerprops:72530836:803560,variant=pre:playerprops:72530836:899476,variant=pre:playerprops:72530836:948304,variant=pre:playerprops:72530836:1016765,variant=pre:playerprops:72530836:1414135,variant=pre:playerprops:72530836:1567432,variant=pre:playerprops:72530836:1604382,variant=pre:playerprops:72530836:1643612,variant=pre:playerprops:72530836:1743261,variant=pre:playerprops:72530836:1957223,variant=pre:playerprops:72530836:1996701,variant=pre:playerprops:72530836:2019599,variant=pre:playerprops:72530836:2042807,variant=pre:playerprops:72530836:2062283,variant=pre:playerprops:72530836:2124454,variant=pre:playerprops:72530836:2154796,variant=pre:playerprops:72530836:2156574,variant=pre:playerprops:72530836:2188302,variant=pre:playerprops:72530836:2194352,variant=pre:playerprops:72530836:2199960,variant=pre:playerprops:72530836:2200572,variant=pre:playerprops:72530836:2282319,variant=pre:playerprops:72530836:2286909,variant=pre:playerprops:72530836:2498887,variant=pre:playerprops:72530836:2522103,variant=pre:playerprops:72530836:2592853,variant=pre:playerprops:72530836:2625919,variant=pre:playerprops:72530836:2661703,variant=pre:playerprops:72530836:2698836,variant=pre:playerprops:72530836:2829831,variant=pre:playerprops:72530836:2870277,variant=pre:playerprops:72530836:2932815,variant=pre:playerprops:72530836:2965767,variant=pre:playerprops:72530836:2993297,variant=pre:playerprops:72530836:3057647,variant=pre:playerprops:72530836:3171750,variant=pre:playerprops:72530820:190137,variant=pre:playerprops:72530820:253809,variant=pre:playerprops:72530820:754082,variant=pre:playerprops:72530820:846327,variant=pre:playerprops:72530820:1021159,variant=pre:playerprops:72530820:1047627,variant=pre:playerprops:72530820:1047659,variant=pre:playerprops:72530820:1115757,variant=pre:playerprops:72530820:1327228,variant=pre:playerprops:72530820:1380805,variant=pre:playerprops:72530820:1417763,variant=pre:playerprops:72530820:1428485,variant=pre:playerprops:72530820:1437554,variant=pre:playerprops:72530820:1557103,variant=pre:playerprops:72530820:1663301,variant=pre:playerprops:72530820:1724662,variant=pre:playerprops:72530820:1795386,variant=pre:playerprops:72530820:1833216,variant=pre:playerprops:72530820:1957241,variant=pre:playerprops:72530820:2050613,variant=pre:playerprops:72530820:2066855,variant=pre:playerprops:72530820:2070457,variant=pre:playerprops:72530820:2101798,variant=pre:playerprops:72530820:2157718,variant=pre:playerprops:72530820:2211682,variant=pre:playerprops:72530820:2266589,variant=pre:playerprops:72530820:2268745,variant=pre:playerprops:72530820:2270821,variant=pre:playerprops:72530820:2272667,variant=pre:playerprops:72530820:2282091,variant=pre:playerprops:72530820:2298655,variant=pre:playerprops:72530820:2439065,variant=pre:playerprops:72530820:2582799,variant=pre:playerprops:72530820:2650873,variant=pre:playerprops:72530820:2662093,variant=pre:playerprops:72530820:2697472,variant=pre:playerprops:72530820:2949333,variant=pre:playerprops:72530820:2981999,variant=pre:playerprops:72530820:3147640,variant=pre:playerprops:72513792:164959,variant=pre:playerprops:72513792:229858,variant=pre:playerprops:72513792:289203,variant=pre:playerprops:72513792:312986,variant=pre:playerprops:72513792:352556,variant=pre:playerprops:72513792:578106,variant=pre:playerprops:72513792:877342,variant=pre:playerprops:72513792:907376,variant=pre:playerprops:72513792:920938,variant=pre:playerprops:72513792:1021335,variant=pre:playerprops:72513792:1021395,variant=pre:playerprops:72513792:1069032,variant=pre:playerprops:72513792:1259456,variant=pre:playerprops:72513792:1383999,variant=pre:playerprops:72513792:1407233,variant=pre:playerprops:72513792:1555923,variant=pre:playerprops:72513792:1561602,variant=pre:playerprops:72513792:1699871,variant=pre:playerprops:72513792:1737565,variant=pre:playerprops:72513792:1951408,variant=pre:playerprops:72513792:2029427,variant=pre:playerprops:72513792:2289379,variant=pre:playerprops:72513792:2354437,variant=pre:playerprops:72513792:2355149,variant=pre:playerprops:72513792:2387347,variant=pre:playerprops:72513792:2628833,variant=pre:playerprops:72513792:2632371,variant=pre:playerprops:72513792:2653487,variant=pre:playerprops:72513786:39718,variant=pre:playerprops:72513786:132654,variant=pre:playerprops:72513786:148256,variant=pre:playerprops:72513786:300412,variant=pre:playerprops:72513786:352288,variant=pre:playerprops:72513786:552966,variant=pre:playerprops:72513786:612600,variant=pre:playerprops:72513786:770703,variant=pre:playerprops:72513786:1006285,variant=pre:playerprops:72513786:1020785,variant=pre:playerprops:72513786:1021055,variant=pre:playerprops:72513786:1070812,variant=pre:playerprops:72513786:1114111,variant=pre:playerprops:72513786:1132141,variant=pre:playerprops:72513786:1295322,variant=pre:playerprops:72513786:1357784,variant=pre:playerprops:72513786:1498509,variant=pre:playerprops:72513786:1561818,variant=pre:playerprops:72513786:1566904,variant=pre:playerprops:72513786:1708587,variant=pre:playerprops:72513786:1724810,variant=pre:playerprops:72513786:1882888,variant=pre:playerprops:72513786:2131970,variant=pre:playerprops:72513786:2133528,variant=pre:playerprops:72513786:2161860,variant=pre:playerprops:72513786:2183814,variant=pre:playerprops:72513786:2211558,variant=pre:playerprops:72513786:2298295,variant=pre:playerprops:72513786:2351169,variant=pre:playerprops:72513786:2382283,variant=pre:playerprops:72513786:2748373,variant=pre:playerprops:72513786:2757111,variant=pre:playerprops:72513786:2795391,variant=pre:playerprops:72513786:2814765,variant=pre:playerprops:72513786:3022296,variant=pre:playerprops:72513784:126346,variant=pre:playerprops:72513784:149728,variant=pre:playerprops:72513784:168861,variant=pre:playerprops:72513784:169249,variant=pre:playerprops:72513784:254429,variant=pre:playerprops:72513784:311676,variant=pre:playerprops:72513784:369268,variant=pre:playerprops:72513784:537268,variant=pre:playerprops:72513784:548104,variant=pre:playerprops:72513784:577008,variant=pre:playerprops:72513784:611784,variant=pre:playerprops:72513784:913834,variant=pre:playerprops:72513784:979151,variant=pre:playerprops:72513784:1021063,variant=pre:playerprops:72513784:1343472,variant=pre:playerprops:72513784:1475188,variant=pre:playerprops:72513784:1652427,variant=pre:playerprops:72513784:2063703,variant=pre:playerprops:72513784:2126114,variant=pre:playerprops:72513784:2289205,variant=pre:playerprops:72513784:2327119,variant=pre:playerprops:72513784:2400893,variant=pre:playerprops:72513784:2406315,variant=pre:playerprops:72513784:2687063,variant=pre:playerprops:72513784:2830829,variant=pre:playerprops:72513784:2831577,variant=pre:playerprops:72513790:48555,variant=pre:playerprops:72513790:121793,variant=pre:playerprops:72513790:270885,variant=pre:playerprops:72513790:587176,variant=pre:playerprops:72513790:755826,variant=pre:playerprops:72513790:780678,variant=pre:playerprops:72513790:972951,variant=pre:playerprops:72513790:1008211,variant=pre:playerprops:72513790:1061568,variant=pre:playerprops:72513790:1072448,variant=pre:playerprops:72513790:1083860,variant=pre:playerprops:72513790:1233858,variant=pre:playerprops:72513790:1256232,variant=pre:playerprops:72513790:1270618,variant=pre:playerprops:72513790:1561606,variant=pre:playerprops:72513790:1576144,variant=pre:playerprops:72513790:1591132,variant=pre:playerprops:72513790:1730183,variant=pre:playerprops:72513790:2202892,variant=pre:playerprops:72513790:2320887,variant=pre:playerprops:72513790:2334081,variant=pre:playerprops:72513790:2396455,variant=pre:playerprops:72513790:2399375,variant=pre:playerprops:72513790:2609359,variant=pre:playerprops:72513790:2691720,variant=pre:playerprops:72513790:2774873,variant=pre:playerprops:72513790:2795359,variant=pre:playerprops:72607898:23775,variant=pre:playerprops:72607898:45723,variant=pre:playerprops:72607898:45756,variant=pre:playerprops:72607898:58406,variant=pre:playerprops:72607898:77043,variant=pre:playerprops:72607898:135607,variant=pre:playerprops:72607898:151791,variant=pre:playerprops:72607898:154045,variant=pre:playerprops:72607898:154052,variant=pre:playerprops:72607898:188337,variant=pre:playerprops:72607898:318045,variant=pre:playerprops:72607898:361386,variant=pre:playerprops:72607898:588786,variant=pre:playerprops:72607898:815766,variant=pre:playerprops:72607898:847027,variant=pre:playerprops:72607898:872674,variant=pre:playerprops:72607898:897262,variant=pre:playerprops:72607898:897278,variant=pre:playerprops:72607898:930922,variant=pre:playerprops:72607898:934840,variant=pre:playerprops:72607898:1024301,variant=pre:playerprops:72607898:1044049,variant=pre:playerprops:72607898:1051015,variant=pre:playerprops:72607898:1118065,variant=pre:playerprops:72607898:1123569,variant=pre:playerprops:72607898:1350176,variant=pre:playerprops:72607898:1423459,variant=pre:playerprops:72607898:1642936,variant=pre:playerprops:72607898:1661279,variant=pre:playerprops:72607898:1880484,variant=pre:playerprops:72607898:2028911,variant=pre:playerprops:72607898:2069771,variant=pre:playerprops:72607898:2126210,variant=pre:playerprops:72607898:2173132,variant=pre:playerprops:72607898:2248067,variant=pre:playerprops:72607898:2416979,variant=pre:playerprops:72607898:2437749,variant=pre:playerprops:72607898:2587909,variant=pre:playerprops:72607898:2987499,variant=pre:playerprops:72607896:40736,variant=pre:playerprops:72607896:58488,variant=pre:playerprops:72607896:100408,variant=pre:playerprops:72607896:198282,variant=pre:playerprops:72607896:361304,variant=pre:playerprops:72607896:548224,variant=pre:playerprops:72607896:819334,variant=pre:playerprops:72607896:846803,variant=pre:playerprops:72607896:896460,variant=pre:playerprops:72607896:901814,variant=pre:playerprops:72607896:1023931,variant=pre:playerprops:72607896:1027115,variant=pre:playerprops:72607896:1098708,variant=pre:playerprops:72607896:1336332,variant=pre:playerprops:72607896:1336340,variant=pre:playerprops:72607896:1494443,variant=pre:playerprops:72607896:1504511,variant=pre:playerprops:72607896:1504603,variant=pre:playerprops:72607896:1559920,variant=pre:playerprops:72607896:1748395,variant=pre:playerprops:72607896:1749303,variant=pre:playerprops:72607896:1887524,variant=pre:playerprops:72607896:1945376,variant=pre:playerprops:72607896:1990221,variant=pre:playerprops:72607896:2032351,variant=pre:playerprops:72607896:2044957,variant=pre:playerprops:72607896:2087633,variant=pre:playerprops:72607896:2216916,variant=pre:playerprops:72607896:2364349,variant=pre:playerprops:72607896:2364375,variant=pre:playerprops:72607896:2401561,variant=pre:playerprops:72607896:2407999,variant=pre:playerprops:72607896:2514287,variant=pre:playerprops:72607896:2609773,variant=pre:playerprops:72607896:2751349,variant=pre:playerprops:72607896:2776421,variant=pre:playerprops:72607896:2858697,variant=pre:playerprops:72607896:2990847,variant=pre:playerprops:72607892:94085,variant=pre:playerprops:72607892:109296,variant=pre:playerprops:72607892:118204,variant=pre:playerprops:72607892:135606,variant=pre:playerprops:72607892:187223,variant=pre:playerprops:72607892:280729,variant=pre:playerprops:72607892:318661,variant=pre:playerprops:72607892:318673,variant=pre:playerprops:72607892:325121,variant=pre:playerprops:72607892:548220,variant=pre:playerprops:72607892:897264,variant=pre:playerprops:72607892:917502,variant=pre:playerprops:72607892:992987,variant=pre:playerprops:72607892:1012359,variant=pre:playerprops:72607892:1398039,variant=pre:playerprops:72607892:1402513,variant=pre:playerprops:72607892:1497673,variant=pre:playerprops:72607892:1590852,variant=pre:playerprops:72607892:1601872,variant=pre:playerprops:72607892:1617024,variant=pre:playerprops:72607892:1617078,variant=pre:playerprops:72607892:1748261,variant=pre:playerprops:72607892:1793718,variant=pre:playerprops:72607892:1793720,variant=pre:playerprops:72607892:1945132,variant=pre:playerprops:72607892:1945368,variant=pre:playerprops:72607892:1957443,variant=pre:playerprops:72607892:2098778,variant=pre:playerprops:72607892:2159054,variant=pre:playerprops:72607892:2296791,variant=pre:playerprops:72607892:2309583,variant=pre:playerprops:72607892:2317241,variant=pre:playerprops:72607892:2397539,variant=pre:playerprops:72607892:2563745,variant=pre:playerprops:72607892:2568249,variant=pre:playerprops:72607892:2570329,variant=pre:playerprops:72607892:2731654,variant=pre:playerprops:72607892:2993535,variant=pre:playerprops:66886910:33132,variant=pre:playerprops:66886910:66471,variant=pre:playerprops:66886910:243529,variant=pre:playerprops:66886910:249647,variant=pre:playerprops:66886910:282557,variant=pre:playerprops:66886910:335033,variant=pre:playerprops:66886910:338937,variant=pre:playerprops:66886910:339447,variant=pre:playerprops:66886910:340519,variant=pre:playerprops:66886910:356514,variant=pre:playerprops:66886910:358956,variant=pre:playerprops:66886910:836443,variant=pre:playerprops:66886910:849856,variant=pre:playerprops:66886910:859432,variant=pre:playerprops:66886910:860374,variant=pre:playerprops:66886910:945016,variant=pre:playerprops:66886910:996541,variant=pre:playerprops:66886910:1108419,variant=pre:playerprops:66886910:1233356,variant=pre:playerprops:66886910:1233432,variant=pre:playerprops:66886910:1323014,variant=pre:playerprops:66886910:1407335,variant=pre:playerprops:66886910:1672019,variant=pre:playerprops:66886910:1696453,variant=pre:playerprops:66886910:1730929,variant=pre:playerprops:66886910:1733341,variant=pre:playerprops:66886910:1744171,variant=pre:playerprops:66886910:1875686,variant=pre:playerprops:66886910:1939184,variant=pre:playerprops:66886910:1997511,variant=pre:playerprops:66886910:2018013,variant=pre:playerprops:66886910:2170306,variant=pre:playerprops:66886910:2212066,variant=pre:playerprops:66886910:2387805,variant=pre:playerprops:66886910:2564983,variant=pre:playerprops:66886910:2649191,variant=pre:playerprops:66886910:2946757,variant=pre:playerprops:66886910:2946971,variant=pre:playerprops:66886910:2948109,variant=pre:playerprops:66886910:3178876,variant=pre:playerprops:66886916:221206,variant=pre:playerprops:66886916:241488,variant=pre:playerprops:66886916:363688,variant=pre:playerprops:66886916:551422,variant=pre:playerprops:66886916:594428,variant=pre:playerprops:66886916:854446,variant=pre:playerprops:66886916:884178,variant=pre:playerprops:66886916:919202,variant=pre:playerprops:66886916:962297,variant=pre:playerprops:66886916:964589,variant=pre:playerprops:66886916:1010311,variant=pre:playerprops:66886916:1099401,variant=pre:playerprops:66886916:1134373,variant=pre:playerprops:66886916:1360492,variant=pre:playerprops:66886916:1360598,variant=pre:playerprops:66886916:1372556,variant=pre:playerprops:66886916:1401617,variant=pre:playerprops:66886916:1488818,variant=pre:playerprops:66886916:1547099,variant=pre:playerprops:66886916:1557129,variant=pre:playerprops:66886916:1557261,variant=pre:playerprops:66886916:1602962,variant=pre:playerprops:66886916:1617224,variant=pre:playerprops:66886916:1835232,variant=pre:playerprops:66886916:2051035,variant=pre:playerprops:66886916:2161184,variant=pre:playerprops:66886916:2201842,variant=pre:playerprops:66886916:2322633,variant=pre:playerprops:66886916:2332461,variant=pre:playerprops:66886916:2601307,variant=pre:playerprops:66886916:2639881,variant=pre:playerprops:66886916:3150044,variant=pre:playerprops:66886912:44691,variant=pre:playerprops:66886912:77726,variant=pre:playerprops:66886912:82680,variant=pre:playerprops:66886912:330057,variant=pre:playerprops:66886912:354894,variant=pre:playerprops:66886912:378590,variant=pre:playerprops:66886912:803544,variant=pre:playerprops:66886912:836449,variant=pre:playerprops:66886912:1085626,variant=pre:playerprops:66886912:1133679,variant=pre:playerprops:66886912:1135237,variant=pre:playerprops:66886912:1147012,variant=pre:playerprops:66886912:1273834,variant=pre:playerprops:66886912:1407441,variant=pre:playerprops:66886912:1429353,variant=pre:playerprops:66886912:1527979,variant=pre:playerprops:66886912:1604136,variant=pre:playerprops:66886912:1617216,variant=pre:playerprops:66886912:1671477,variant=pre:playerprops:66886912:1748383,variant=pre:playerprops:66886912:1990003,variant=pre:playerprops:66886912:1997965,variant=pre:playerprops:66886912:2032269,variant=pre:playerprops:66886912:2078515,variant=pre:playerprops:66886912:2083421,variant=pre:playerprops:66886912:2120088,variant=pre:playerprops:66886912:2140330,variant=pre:playerprops:66886912:2148660,variant=pre:playerprops:66886912:2160500,variant=pre:playerprops:66886912:2161538,variant=pre:playerprops:66886912:2161650,variant=pre:playerprops:66886912:2163552,variant=pre:playerprops:66886912:2196544,variant=pre:playerprops:66886912:2285513,variant=pre:playerprops:66886912:2285519,variant=pre:playerprops:66886912:2484785,variant=pre:playerprops:66886912:2766599,variant=pre:playerprops:66886912:2817137,variant=pre:playerprops:66886912:2901923,variant=pre:playerprops:66886912:2970502,variant=pre:playerprops:66886912:3027110,variant=pre:playerprops:69829676:48050,variant=pre:playerprops:69829676:94743,variant=pre:playerprops:69829676:204790,variant=pre:playerprops:69829676:254895,variant=pre:playerprops:69829676:309290,variant=pre:playerprops:69829676:356444,variant=pre:playerprops:69829676:811862,variant=pre:playerprops:69829676:843497,variant=pre:playerprops:69829676:919074,variant=pre:playerprops:69829676:967039,variant=pre:playerprops:69829676:992875,variant=pre:playerprops:69829676:1010313,variant=pre:playerprops:69829676:1323000,variant=pre:playerprops:69829676:1383983,variant=pre:playerprops:69829676:1561106,variant=pre:playerprops:69829676:1722760,variant=pre:playerprops:69829676:1745555,variant=pre:playerprops:69829676:1986143,variant=pre:playerprops:69829676:2140600,variant=pre:playerprops:69829676:2186632,variant=pre:playerprops:69829676:2200522,variant=pre:playerprops:69829676:2289623,variant=pre:playerprops:69829676:2296259,variant=pre:playerprops:69829676:2329251,variant=pre:playerprops:69829676:2520777,variant=pre:playerprops:69829676:2604179,variant=pre:playerprops:69829676:2628467,variant=pre:playerprops:69829676:2847277,variant=pre:playerprops:69829676:3035380,variant=pre:playerprops:69829676:3159004,variant=pre:playerprops:73265154:250339,variant=pre:playerprops:73265154:313250,variant=pre:playerprops:73265154:583978,variant=pre:playerprops:73265154:609736,variant=pre:playerprops:73265154:804184,variant=pre:playerprops:73265154:954552,variant=pre:playerprops:73265154:954872,variant=pre:playerprops:73265154:982837,variant=pre:playerprops:73265154:1051555,variant=pre:playerprops:73265154:1069068,variant=pre:playerprops:73265154:1103603,variant=pre:playerprops:73265154:1603132,variant=pre:playerprops:73265154:1743913,variant=pre:playerprops:73265154:1743925,variant=pre:playerprops:73265154:1743927,variant=pre:playerprops:73265154:1972107,variant=pre:playerprops:73265154:2078887,variant=pre:playerprops:73265154:2091257,variant=pre:playerprops:73265154:2098302,variant=pre:playerprops:73265154:2110008,variant=pre:playerprops:73265154:2116442,variant=pre:playerprops:73265154:2148802,variant=pre:playerprops:73265154:2149438,variant=pre:playerprops:73265154:2219972,variant=pre:playerprops:73265154:2230518,variant=pre:playerprops:73265154:2244835,variant=pre:playerprops:73265154:2279885,variant=pre:playerprops:73265154:2284949,variant=pre:playerprops:73265154:2343085,variant=pre:playerprops:73265154:2366137,variant=pre:playerprops:73265154:2372979,variant=pre:playerprops:73265154:2524227,variant=pre:playerprops:73265154:2533619,variant=pre:playerprops:73265154:2558957,variant=pre:playerprops:73265154:2569819,variant=pre:playerprops:73265154:2588899,variant=pre:playerprops:73265154:2604787,variant=pre:playerprops:73265154:2609615,variant=pre:playerprops:73265154:2756649,variant=pre:playerprops:73265154:2766221,variant=pre:playerprops:73265154:2853545,variant=pre:playerprops:73265154:3094726,variant=pre:playerprops:73265152:93196,variant=pre:playerprops:73265152:107397,variant=pre:playerprops:73265152:155714,variant=pre:playerprops:73265152:239252,variant=pre:playerprops:73265152:249137,variant=pre:playerprops:73265152:249347,variant=pre:playerprops:73265152:295161,variant=pre:playerprops:73265152:546316,variant=pre:playerprops:73265152:546338,variant=pre:playerprops:73265152:579312,variant=pre:playerprops:73265152:802502,variant=pre:playerprops:73265152:802990,variant=pre:playerprops:73265152:841053,variant=pre:playerprops:73265152:1103591,variant=pre:playerprops:73265152:1108191,variant=pre:playerprops:73265152:1145540,variant=pre:playerprops:73265152:1363566,variant=pre:playerprops:73265152:1419179,variant=pre:playerprops:73265152:1476492,variant=pre:playerprops:73265152:1484008,variant=pre:playerprops:73265152:1561328,variant=pre:playerprops:73265152:1699815,variant=pre:playerprops:73265152:1834662,variant=pre:playerprops:73265152:2001185,variant=pre:playerprops:73265152:2021741,variant=pre:playerprops:73265152:2125934,variant=pre:playerprops:73265152:2132342,variant=pre:playerprops:73265152:2217062,variant=pre:playerprops:73265152:2250163,variant=pre:playerprops:73265152:2299715,variant=pre:playerprops:73265152:2327351,variant=pre:playerprops:73265152:2342541,variant=pre:playerprops:73265152:2351633,variant=pre:playerprops:73265152:2549305,variant=pre:playerprops:73265152:2558465,variant=pre:playerprops:73265152:2588897,variant=pre:playerprops:73265152:2644987,variant=pre:playerprops:73265152:2704786,variant=pre:playerprops:73265152:2717340,variant=pre:playerprops:73265152:2774515,variant=pre:playerprops:73265152:2800809,variant=pre:playerprops:73265152:2828471,variant=pre:playerprops:73265152:2935499,variant=pre:playerprops:73265152:2937499,variant=pre:playerprops:73265152:2941325,variant=pre:playerprops:73265152:3056983,variant=pre:playerprops:73265152:3099164,variant=pre:playerprops:73265150:22981,variant=pre:playerprops:73265150:28381,variant=pre:playerprops:73265150:33202,variant=pre:playerprops:73265150:174519,variant=pre:playerprops:73265150:252313,variant=pre:playerprops:73265150:275789,variant=pre:playerprops:73265150:340445,variant=pre:playerprops:73265150:359098,variant=pre:playerprops:73265150:802418,variant=pre:playerprops:73265150:816368,variant=pre:playerprops:73265150:954466,variant=pre:playerprops:73265150:984233,variant=pre:playerprops:73265150:1100637,variant=pre:playerprops:73265150:1111571,variant=pre:playerprops:73265150:1267486,variant=pre:playerprops:73265150:1406243,variant=pre:playerprops:73265150:1509291,variant=pre:playerprops:73265150:1560590,variant=pre:playerprops:73265150:1721874,variant=pre:playerprops:73265150:1968475,variant=pre:playerprops:73265150:2070031,variant=pre:playerprops:73265150:2072607,variant=pre:playerprops:73265150:2089979,variant=pre:playerprops:73265150:2091031,variant=pre:playerprops:73265150:2091211,variant=pre:playerprops:73265150:2091243,variant=pre:playerprops:73265150:2109232,variant=pre:playerprops:73265150:2126126,variant=pre:playerprops:73265150:2148806,variant=pre:playerprops:73265150:2149434,variant=pre:playerprops:73265150:2225034,variant=pre:playerprops:73265150:2226316,variant=pre:playerprops:73265150:2261853,variant=pre:playerprops:73265150:2280919,variant=pre:playerprops:73265150:2315099,variant=pre:playerprops:73265150:2336605,variant=pre:playerprops:73265150:2396775,variant=pre:playerprops:73265150:2610373,variant=pre:playerprops:73265150:2758263,variant=pre:playerprops:73265150:2814147,variant=pre:playerprops:73265150:2859665,variant=pre:playerprops:73265150:2873539,variant=pre:playerprops:73265160:74915,variant=pre:playerprops:73265160:330857,variant=pre:playerprops:73265160:560116,variant=pre:playerprops:73265160:803382,variant=pre:playerprops:73265160:803412,variant=pre:playerprops:73265160:838391,variant=pre:playerprops:73265160:847265,variant=pre:playerprops:73265160:919706,variant=pre:playerprops:73265160:1235578,variant=pre:playerprops:73265160:1403667,variant=pre:playerprops:73265160:1414409,variant=pre:playerprops:73265160:1494097,variant=pre:playerprops:73265160:1707809,variant=pre:playerprops:73265160:1707811,variant=pre:playerprops:73265160:1938652,variant=pre:playerprops:73265160:1975007,variant=pre:playerprops:73265160:2026109,variant=pre:playerprops:73265160:2073011,variant=pre:playerprops:73265160:2098014,variant=pre:playerprops:73265160:2132048,variant=pre:playerprops:73265160:2159326,variant=pre:playerprops:73265160:2225032,variant=pre:playerprops:73265160:2329129,variant=pre:playerprops:73265160:2464991,variant=pre:playerprops:73265160:2615573,variant=pre:playerprops:73265160:2652743,variant=pre:playerprops:73265160:2717344,variant=pre:playerprops:73265160:2717360,variant=pre:playerprops:73265160:2734152,variant=pre:playerprops:73265160:2769215,variant=pre:playerprops:73265160:2809645,variant=pre:playerprops:73265160:2814409,variant=pre:playerprops:73265160:2963899,variant=pre:playerprops:73265160:3020984,variant=pre:playerprops:73265160:3102734,variant=pre:playerprops:73265160:3178400,variant=pre:playerprops:73265160:3186406,variant=pre:playerprops:73265146:174961,variant=pre:playerprops:73265146:220315,variant=pre:playerprops:73265146:248125,variant=pre:playerprops:73265146:255389,variant=pre:playerprops:73265146:312344,variant=pre:playerprops:73265146:333421,variant=pre:playerprops:73265146:333427,variant=pre:playerprops:73265146:358914,variant=pre:playerprops:73265146:365862,variant=pre:playerprops:73265146:579350,variant=pre:playerprops:73265146:843883,variant=pre:playerprops:73265146:954864,variant=pre:playerprops:73265146:954976,variant=pre:playerprops:73265146:1018585,variant=pre:playerprops:73265146:1030231,variant=pre:playerprops:73265146:1248934,variant=pre:playerprops:73265146:1414117,variant=pre:playerprops:73265146:1559076,variant=pre:playerprops:73265146:1630482,variant=pre:playerprops:73265146:1711655,variant=pre:playerprops:73265146:1954516,variant=pre:playerprops:73265146:1957459,variant=pre:playerprops:73265146:2008569,variant=pre:playerprops:73265146:2089205,variant=pre:playerprops:73265146:2090575,variant=pre:playerprops:73265146:2091647,variant=pre:playerprops:73265146:2092956,variant=pre:playerprops:73265146:2107162,variant=pre:playerprops:73265146:2108366,variant=pre:playerprops:73265146:2136800,variant=pre:playerprops:73265146:2324427,variant=pre:playerprops:73265146:2395781,variant=pre:playerprops:73265146:2717346,variant=pre:playerprops:73265146:2784033,variant=pre:playerprops:73265146:2829211,variant=pre:playerprops:73265146:2963875,variant=pre:playerprops:73265146:3088108,variant=pre:playerprops:73265146:3149322,variant=pre:playerprops:73265146:3149324,variant=pre:playerprops:73265146:3193756,variant=pre:playerprops:72202954:94290,variant=pre:playerprops:72202954:237048,variant=pre:playerprops:72202954:247471,variant=pre:playerprops:72202954:358198,variant=pre:playerprops:72202954:578092,variant=pre:playerprops:72202954:815710,variant=pre:playerprops:72202954:918950,variant=pre:playerprops:72202954:1010731,variant=pre:playerprops:72202954:1069012,variant=pre:playerprops:72202954:1134235,variant=pre:playerprops:72202954:1297760,variant=pre:playerprops:72202954:1546603,variant=pre:playerprops:72202954:1631762,variant=pre:playerprops:72202954:1644562,variant=pre:playerprops:72202954:1650161,variant=pre:playerprops:72202954:1696991,variant=pre:playerprops:72202954:1728489,variant=pre:playerprops:72202954:1990745,variant=pre:playerprops:72202954:2021085,variant=pre:playerprops:72202954:2055483,variant=pre:playerprops:72202954:2122190,variant=pre:playerprops:72202954:2160166,variant=pre:playerprops:72202954:2160464,variant=pre:playerprops:72202954:2240061,variant=pre:playerprops:72202954:2240829,variant=pre:playerprops:72202954:2269361,variant=pre:playerprops:72202954:2280089,variant=pre:playerprops:72202954:2316765,variant=pre:playerprops:72202954:2411273,variant=pre:playerprops:72202954:2535799,variant=pre:playerprops:72202954:2568583,variant=pre:playerprops:72202954:2793563,variant=pre:playerprops:72202954:2812593,variant=pre:playerprops:72202954:2842753,variant=pre:playerprops:72202954:2895975,variant=pre:playerprops:72202956:309460,variant=pre:playerprops:72202956:893750,variant=pre:playerprops:72202956:1012657,variant=pre:playerprops:72202956:1015223,variant=pre:playerprops:72202956:1090402,variant=pre:playerprops:72202956:1134293,variant=pre:playerprops:72202956:1296656,variant=pre:playerprops:72202956:1637322,variant=pre:playerprops:72202956:1644584,variant=pre:playerprops:72202956:1852296,variant=pre:playerprops:72202956:1886160,variant=pre:playerprops:72202956:1939306,variant=pre:playerprops:72202956:1973477,variant=pre:playerprops:72202956:1985255,variant=pre:playerprops:72202956:1987607,variant=pre:playerprops:72202956:2128768,variant=pre:playerprops:72202956:2130600,variant=pre:playerprops:72202956:2210824,variant=pre:playerprops:72202956:2243333,variant=pre:playerprops:72202956:2244541,variant=pre:playerprops:72202956:2275035,variant=pre:playerprops:72202956:2283833,variant=pre:playerprops:72202956:2298707,variant=pre:playerprops:72202956:2358163,variant=pre:playerprops:72202956:2393307,variant=pre:playerprops:72202956:2399977,variant=pre:playerprops:72202956:2423159,variant=pre:playerprops:72202956:2498745,variant=pre:playerprops:72202956:2586595,variant=pre:playerprops:72202956:2655825,variant=pre:playerprops:72202956:2675099,variant=pre:playerprops:72202956:2724232,variant=pre:playerprops:72202956:2771863,variant=pre:playerprops:72202956:3017094,variant=pre:playerprops:72202956:3131120,variant=pre:playerprops:72202958:134231,variant=pre:playerprops:72202958:386958,variant=pre:playerprops:72202958:1012505,variant=pre:playerprops:72202958:1095802,variant=pre:playerprops:72202958:1145066,variant=pre:playerprops:72202958:1297428,variant=pre:playerprops:72202958:1948480,variant=pre:playerprops:72202958:1957663,variant=pre:playerprops:72202958:1987619,variant=pre:playerprops:72202958:2243237,variant=pre:playerprops:72202958:2389605,variant=pre:playerprops:72202958:2423737,variant=pre:playerprops:72202958:2650385,variant=pre:playerprops:72202958:3012779,variant=pre:playerprops:67681948:22975,variant=pre:playerprops:67681948:117430,variant=pre:playerprops:67681948:248115,variant=pre:playerprops:67681948:284729,variant=pre:playerprops:67681948:324937,variant=pre:playerprops:67681948:333403,variant=pre:playerprops:67681948:385990,variant=pre:playerprops:67681948:581774,variant=pre:playerprops:67681948:803792,variant=pre:playerprops:67681948:998403,variant=pre:playerprops:67681948:1016821,variant=pre:playerprops:67681948:1103357,variant=pre:playerprops:67681948:1108023,variant=pre:playerprops:67681948:1112863,variant=pre:playerprops:67681948:1318426,variant=pre:playerprops:67681948:1401327,variant=pre:playerprops:67681948:1403199,variant=pre:playerprops:67681948:1403261,variant=pre:playerprops:67681948:1403625,variant=pre:playerprops:67681948:1434687,variant=pre:playerprops:67681948:1556307,variant=pre:playerprops:67681948:1634916,variant=pre:playerprops:67681948:1695251,variant=pre:playerprops:67681948:1957489,variant=pre:playerprops:67681948:2005421,variant=pre:playerprops:67681948:2017949,variant=pre:playerprops:67681948:2073885,variant=pre:playerprops:67681948:2090407,variant=pre:playerprops:67681948:2090555,variant=pre:playerprops:67681948:2107152,variant=pre:playerprops:67681948:2110024,variant=pre:playerprops:67681948:2116118,variant=pre:playerprops:67681948:2265553,variant=pre:playerprops:67681948:2566577,variant=pre:playerprops:67681948:2595905,variant=pre:playerprops:67681948:2777825,variant=pre:playerprops:67681948:2786481,variant=pre:playerprops:67681948:2828903,variant=pre:playerprops:67681948:2881101,variant=pre:playerprops:67681948:2881485,variant=pre:playerprops:67681948:2952145,variant=pre:playerprops:67681948:3081850,variant=pre:playerprops:67681948:3153830,variant=pre:playerprops:67681948:3177512,variant=pre:playerprops:67681948:3234016,variant=pre:playerprops:66886900:17785,variant=pre:playerprops:66886900:34705,variant=pre:playerprops:66886900:143593,variant=pre:playerprops:66886900:221636,variant=pre:playerprops:66886900:243113,variant=pre:playerprops:66886900:312110,variant=pre:playerprops:66886900:548030,variant=pre:playerprops:66886900:599684,variant=pre:playerprops:66886900:753662,variant=pre:playerprops:66886900:803660,variant=pre:playerprops:66886900:839801,variant=pre:playerprops:66886900:1016793,variant=pre:playerprops:66886900:1079412,variant=pre:playerprops:66886900:1104729,variant=pre:playerprops:66886900:1109685,variant=pre:playerprops:66886900:1135049,variant=pre:playerprops:66886900:1248352,variant=pre:playerprops:66886900:1360540,variant=pre:playerprops:66886900:1401671,variant=pre:playerprops:66886900:1557149,variant=pre:playerprops:66886900:1615018,variant=pre:playerprops:66886900:1700231,variant=pre:playerprops:66886900:1730959,variant=pre:playerprops:66886900:1852246,variant=pre:playerprops:66886900:1957471,variant=pre:playerprops:66886900:2057073,variant=pre:playerprops:66886900:2071101,variant=pre:playerprops:66886900:2117582,variant=pre:playerprops:66886900:2138422,variant=pre:playerprops:66886900:2148960,variant=pre:playerprops:66886900:2151204,variant=pre:playerprops:66886900:2154714,variant=pre:playerprops:66886900:2703354,variant=pre:playerprops:66886900:2762249,variant=pre:playerprops:66886900:2829341,variant=pre:playerprops:66886900:2829343,variant=pre:playerprops:66886900:2935291,variant=pre:playerprops:73265144:122634,variant=pre:playerprops:73265144:158249,variant=pre:playerprops:73265144:158583,variant=pre:playerprops:73265144:255881,variant=pre:playerprops:73265144:340897,variant=pre:playerprops:73265144:587148,variant=pre:playerprops:73265144:802574,variant=pre:playerprops:73265144:954716,variant=pre:playerprops:73265144:1016761,variant=pre:playerprops:73265144:1030845,variant=pre:playerprops:73265144:1110793,variant=pre:playerprops:73265144:1141090,variant=pre:playerprops:73265144:1146006,variant=pre:playerprops:73265144:1267462,variant=pre:playerprops:73265144:1385761,variant=pre:playerprops:73265144:1428209,variant=pre:playerprops:73265144:1720566,variant=pre:playerprops:73265144:1860830,variant=pre:playerprops:73265144:1874940,variant=pre:playerprops:73265144:1957415,variant=pre:playerprops:73265144:2010541,variant=pre:playerprops:73265144:2090569,variant=pre:playerprops:73265144:2179564,variant=pre:playerprops:73265144:2186562,variant=pre:playerprops:73265144:2296055,variant=pre:playerprops:73265144:2299781,variant=pre:playerprops:73265144:2328715,variant=pre:playerprops:73265144:2407647,variant=pre:playerprops:73265144:2419681,variant=pre:playerprops:73265144:2440531,variant=pre:playerprops:73265144:2453659,variant=pre:playerprops:73265144:2542027,variant=pre:playerprops:73265144:2586753,variant=pre:playerprops:73265144:2737533,variant=pre:playerprops:73265144:2801595,variant=pre:playerprops:73265144:2806871,variant=pre:playerprops:73265144:2814137,variant=pre:playerprops:73265144:2829207,variant=pre:playerprops:73265144:2829789,variant=pre:playerprops:73265144:3070323,variant=pre:playerprops:73265144:3161672,variant=pre:playerprops:73265140:42450,variant=pre:playerprops:73265140:248987,variant=pre:playerprops:73265140:339933,variant=pre:playerprops:73265140:757762,variant=pre:playerprops:73265140:802004,variant=pre:playerprops:73265140:847259,variant=pre:playerprops:73265140:926312,variant=pre:playerprops:73265140:973473,variant=pre:playerprops:73265140:1046749,variant=pre:playerprops:73265140:1100487,variant=pre:playerprops:73265140:1115605,variant=pre:playerprops:73265140:1143528,variant=pre:playerprops:73265140:1403039,variant=pre:playerprops:73265140:1403327,variant=pre:playerprops:73265140:1559524,variant=pre:playerprops:73265140:1560672,variant=pre:playerprops:73265140:1695113,variant=pre:playerprops:73265140:1947684,variant=pre:playerprops:73265140:1957743,variant=pre:playerprops:73265140:2068021,variant=pre:playerprops:73265140:2073259,variant=pre:playerprops:73265140:2113472,variant=pre:playerprops:73265140:2113510,variant=pre:playerprops:73265140:2153370,variant=pre:playerprops:73265140:2188614,variant=pre:playerprops:73265140:2253617,variant=pre:playerprops:73265140:2372481,variant=pre:playerprops:73265140:2469049,variant=pre:playerprops:73265140:2610907,variant=pre:playerprops:73265140:2652421,variant=pre:playerprops:73265140:2686335,variant=pre:playerprops:73265140:2704004,variant=pre:playerprops:73265140:2752249,variant=pre:playerprops:73265140:2765423,variant=pre:playerprops:73265140:2772287,variant=pre:playerprops:73265140:2784029,variant=pre:playerprops:73265140:2815687,variant=pre:playerprops:73265140:2816097,variant=pre:playerprops:73265140:2834737,variant=pre:playerprops:72041042:116947,variant=pre:playerprops:72041042:339879,variant=pre:playerprops:72041042:793738,variant=pre:playerprops:72041042:824526,variant=pre:playerprops:72041042:841577,variant=pre:playerprops:72041042:918648,variant=pre:playerprops:72041042:934484,variant=pre:playerprops:72041042:942300,variant=pre:playerprops:72041042:1317300,variant=pre:playerprops:72041042:1417957,variant=pre:playerprops:72041042:1543511,variant=pre:playerprops:72041042:1555399,variant=pre:playerprops:72041042:1564070,variant=pre:playerprops:72041042:1612286,variant=pre:playerprops:72041042:1629756,variant=pre:playerprops:72041042:1644296,variant=pre:playerprops:72041042:1795664,variant=pre:playerprops:72041042:1957669,variant=pre:playerprops:72041042:2054699,variant=pre:playerprops:72041042:2059359,variant=pre:playerprops:72041042:2081461,variant=pre:playerprops:72041042:2159234,variant=pre:playerprops:72041042:2210998,variant=pre:playerprops:72041042:2411727,variant=pre:playerprops:72041042:2437803,variant=pre:playerprops:72041042:2657511,variant=pre:playerprops:72041042:2691146,variant=pre:playerprops:72041042:2700214,variant=pre:playerprops:72041042:2735973,variant=pre:playerprops:72041042:2765137,variant=pre:playerprops:72041042:2837585,variant=pre:playerprops:72041042:2847809,variant=pre:playerprops:72041042:2890925,variant=pre:playerprops:72041042:3032588,variant=pre:playerprops:72041042:3040543,variant=pre:playerprops:72041042:3040589,variant=pre:playerprops:72041042:3106296,variant=pre:playerprops:72041044:138842,variant=pre:playerprops:72041044:282975,variant=pre:playerprops:72041044:776391,variant=pre:playerprops:72041044:815712,variant=pre:playerprops:72041044:885844,variant=pre:playerprops:72041044:939960,variant=pre:playerprops:72041044:943504,variant=pre:playerprops:72041044:979087,variant=pre:playerprops:72041044:1060507,variant=pre:playerprops:72041044:1297442,variant=pre:playerprops:72041044:1573416,variant=pre:playerprops:72041044:1589598,variant=pre:playerprops:72041044:1985241,variant=pre:playerprops:72041044:2000067,variant=pre:playerprops:72041044:2043857,variant=pre:playerprops:72041044:2064955,variant=pre:playerprops:72041044:2159238,variant=pre:playerprops:72041044:2159240,variant=pre:playerprops:72041044:2349189,variant=pre:playerprops:72041044:2438225,variant=pre:playerprops:72041044:2461033,variant=pre:playerprops:72041044:2475191,variant=pre:playerprops:72041044:2475393,variant=pre:playerprops:72041044:2525315,variant=pre:playerprops:72041044:2552281,variant=pre:playerprops:72041044:2686991,variant=pre:playerprops:72041044:2804605,variant=pre:playerprops:72041044:2901549,variant=pre:playerprops:72041044:2963913,variant=pre:playerprops:72041044:3141006,variant=pre:playerprops:72041046:46900,variant=pre:playerprops:72041046:88625,variant=pre:playerprops:72041046:97410,variant=pre:playerprops:72041046:100386,variant=pre:playerprops:72041046:226978,variant=pre:playerprops:72041046:333571,variant=pre:playerprops:72041046:355562,variant=pre:playerprops:72041046:758582,variant=pre:playerprops:72041046:808068,variant=pre:playerprops:72041046:978119,variant=pre:playerprops:72041046:1006615,variant=pre:playerprops:72041046:1011757,variant=pre:playerprops:72041046:1015009,variant=pre:playerprops:72041046:1019999,variant=pre:playerprops:72041046:1057465,variant=pre:playerprops:72041046:1086096,variant=pre:playerprops:72041046:1115921,variant=pre:playerprops:72041046:1127829,variant=pre:playerprops:72041046:1413687,variant=pre:playerprops:72041046:1629010,variant=pre:playerprops:72041046:1710347,variant=pre:playerprops:72041046:1794764,variant=pre:playerprops:72041046:1884366,variant=pre:playerprops:72041046:1986033,variant=pre:playerprops:72041046:1988281,variant=pre:playerprops:72041046:2042775,variant=pre:playerprops:72041046:2057299,variant=pre:playerprops:72041046:2060619,variant=pre:playerprops:72041046:2249165,variant=pre:playerprops:72041046:2311483,variant=pre:playerprops:72041046:2326725,variant=pre:playerprops:72041046:2342609,variant=pre:playerprops:72041046:2409407,variant=pre:playerprops:72041046:2412133,variant=pre:playerprops:72041046:2463839,variant=pre:playerprops:72041046:2611495,variant=pre:playerprops:72041046:2698898,variant=pre:playerprops:72041046:2717364,variant=pre:playerprops:72041046:2795019,variant=pre:playerprops:72041046:2839427,variant=pre:playerprops:72041046:2847161,variant=pre:playerprops:72041046:2916455,variant=pre:playerprops:72041046:3040375,variant=pre:playerprops:72041046:3137028,variant=pre:playerprops:72041048:2622,variant=pre:playerprops:72041048:94835,variant=pre:playerprops:72041048:196082,variant=pre:playerprops:72041048:578344,variant=pre:playerprops:72041048:610396,variant=pre:playerprops:72041048:824528,variant=pre:playerprops:72041048:870302,variant=pre:playerprops:72041048:934230,variant=pre:playerprops:72041048:1019995,variant=pre:playerprops:72041048:1380765,variant=pre:playerprops:72041048:1561152,variant=pre:playerprops:72041048:1566906,variant=pre:playerprops:72041048:1836034,variant=pre:playerprops:72041048:1854512,variant=pre:playerprops:72041048:1865204,variant=pre:playerprops:72041048:1938994,variant=pre:playerprops:72041048:1948322,variant=pre:playerprops:72041048:1993895,variant=pre:playerprops:72041048:2046909,variant=pre:playerprops:72041048:2089821,variant=pre:playerprops:72041048:2099326,variant=pre:playerprops:72041048:2102606,variant=pre:playerprops:72041048:2143578,variant=pre:playerprops:72041048:2199954,variant=pre:playerprops:72041048:2256605,variant=pre:playerprops:72041048:2323733,variant=pre:playerprops:72041048:2354405,variant=pre:playerprops:72041048:2639261,variant=pre:playerprops:72041048:2935335,variant=pre:playerprops:72530830:125625,variant=pre:playerprops:72530830:280981,variant=pre:playerprops:72530830:552170,variant=pre:playerprops:72530830:857936,variant=pre:playerprops:72530830:868968,variant=pre:playerprops:72530830:936350,variant=pre:playerprops:72530830:1060885,variant=pre:playerprops:72530830:1091644,variant=pre:playerprops:72530830:1138137,variant=pre:playerprops:72530830:1243310,variant=pre:playerprops:72530830:1299452,variant=pre:playerprops:72530830:1404161,variant=pre:playerprops:72530830:1836316,variant=pre:playerprops:72530830:1860048,variant=pre:playerprops:72530830:1957247,variant=pre:playerprops:72530830:2000165,variant=pre:playerprops:72530830:2011329,variant=pre:playerprops:72530830:2067765,variant=pre:playerprops:72530830:2069995,variant=pre:playerprops:72530830:2199956,variant=pre:playerprops:72530830:2284469,variant=pre:playerprops:72530830:2337811,variant=pre:playerprops:72530830:2354197,variant=pre:playerprops:72530830:2399961,variant=pre:playerprops:72530830:2446729,variant=pre:playerprops:72530830:2447167,variant=pre:playerprops:72530830:2453609,variant=pre:playerprops:72530830:2539187,variant=pre:playerprops:72530830:2582823,variant=pre:playerprops:72530830:2631865,variant=pre:playerprops:72530830:2702730,variant=pre:playerprops:72530830:2759507,variant=pre:playerprops:72530830:2784721,variant=pre:playerprops:72530830:2805241,variant=pre:playerprops:72530830:3019192,variant=pre:playerprops:72530830:3043855,variant=pre:playerprops:72530834:228364,variant=pre:playerprops:72530834:252577,variant=pre:playerprops:72530834:369430,variant=pre:playerprops:72530834:605508,variant=pre:playerprops:72530834:755704,variant=pre:playerprops:72530834:776591,variant=pre:playerprops:72530834:962885,variant=pre:playerprops:72530834:1021107,variant=pre:playerprops:72530834:1046581,variant=pre:playerprops:72530834:1089296,variant=pre:playerprops:72530834:1112533,variant=pre:playerprops:72530834:1248714,variant=pre:playerprops:72530834:1299468,variant=pre:playerprops:72530834:1417969,variant=pre:playerprops:72530834:1561484,variant=pre:playerprops:72530834:1572688,variant=pre:playerprops:72530834:1604836,variant=pre:playerprops:72530834:1644520,variant=pre:playerprops:72530834:1864906,variant=pre:playerprops:72530834:1980053,variant=pre:playerprops:72530834:1987823,variant=pre:playerprops:72530834:2014157,variant=pre:playerprops:72530834:2044393,variant=pre:playerprops:72530834:2110788,variant=pre:playerprops:72530834:2199822,variant=pre:playerprops:72530834:2329171,variant=pre:playerprops:72530834:3130514,variant=pre:playerprops:72530824:72020,variant=pre:playerprops:72530824:110767,variant=pre:playerprops:72530824:352448,variant=pre:playerprops:72530824:611880,variant=pre:playerprops:72530824:935324,variant=pre:playerprops:72530824:937890,variant=pre:playerprops:72530824:962355,variant=pre:playerprops:72530824:1627482,variant=pre:playerprops:72530824:1658075,variant=pre:playerprops:72530824:1660423,variant=pre:playerprops:72530824:1720530,variant=pre:playerprops:72530824:1884840,variant=pre:playerprops:72530824:1948484,variant=pre:playerprops:72530824:1972477,variant=pre:playerprops:72530824:1987387,variant=pre:playerprops:72530824:1987443,variant=pre:playerprops:72530824:1987741,variant=pre:playerprops:72530824:2065213,variant=pre:playerprops:72530824:2079315,variant=pre:playerprops:72530824:2125604,variant=pre:playerprops:72530824:2190412,variant=pre:playerprops:72530824:2199852,variant=pre:playerprops:72530824:2269315,variant=pre:playerprops:72530824:2284063,variant=pre:playerprops:72530824:2394229,variant=pre:playerprops:72530824:2546373,variant=pre:playerprops:72530824:2580149,variant=pre:playerprops:72530824:2667773,variant=pre:playerprops:72530824:2760507,variant=pre:playerprops:72530828:6562,variant=pre:playerprops:72530828:106751,variant=pre:playerprops:72530828:314380,variant=pre:playerprops:72530828:352858,variant=pre:playerprops:72530828:819464,variant=pre:playerprops:72530828:935554,variant=pre:playerprops:72530828:947246,variant=pre:playerprops:72530828:1055947,variant=pre:playerprops:72530828:1115749,variant=pre:playerprops:72530828:1494819,variant=pre:playerprops:72530828:1640732,variant=pre:playerprops:72530828:1646312,variant=pre:playerprops:72530828:1658825,variant=pre:playerprops:72530828:1886668,variant=pre:playerprops:72530828:1939860,variant=pre:playerprops:72530828:2045067,variant=pre:playerprops:72530828:2120934,variant=pre:playerprops:72530828:2202944,variant=pre:playerprops:72530828:2207694,variant=pre:playerprops:72530828:2211412,variant=pre:playerprops:72530828:2229732,variant=pre:playerprops:72530828:2230158,variant=pre:playerprops:72530828:2239889,variant=pre:playerprops:72530828:2407869,variant=pre:playerprops:72530828:2418913,variant=pre:playerprops:72530828:2418933,variant=pre:playerprops:72530828:2561227,variant=pre:playerprops:72530828:2599865,variant=pre:playerprops:72530828:2711838,variant=pre:playerprops:72530828:2782513,variant=pre:playerprops:72530828:2837259,variant=pre:playerprops:72530828:2852775,variant=pre:playerprops:72530828:2935761,variant=pre:playerprops:72530828:3181022,variant=pre:playerprops:72513788:48445,variant=pre:playerprops:72513788:295111,variant=pre:playerprops:72513788:323167,variant=pre:playerprops:72513788:339889,variant=pre:playerprops:72513788:369940,variant=pre:playerprops:72513788:568180,variant=pre:playerprops:72513788:612636,variant=pre:playerprops:72513788:811630,variant=pre:playerprops:72513788:837663,variant=pre:playerprops:72513788:878200,variant=pre:playerprops:72513788:878206,variant=pre:playerprops:72513788:988821,variant=pre:playerprops:72513788:1021425,variant=pre:playerprops:72513788:1047411,variant=pre:playerprops:72513788:1085552,variant=pre:playerprops:72513788:1128453,variant=pre:playerprops:72513788:1275520,variant=pre:playerprops:72513788:1355550,variant=pre:playerprops:72513788:1431915,variant=pre:playerprops:72513788:1508031,variant=pre:playerprops:72513788:1573074,variant=pre:playerprops:72513788:1638384,variant=pre:playerprops:72513788:1731883,variant=pre:playerprops:72513788:1864108,variant=pre:playerprops:72513788:1883434,variant=pre:playerprops:72513788:1957959,variant=pre:playerprops:72513788:2078819,variant=pre:playerprops:72513788:2154196,variant=pre:playerprops:72513788:2168854,variant=pre:playerprops:72513788:2178850,variant=pre:playerprops:72513788:2229168,variant=pre:playerprops:72513788:2268409,variant=pre:playerprops:72513788:2397925,variant=pre:playerprops:72513788:2439749,variant=pre:playerprops:72513788:2610999,variant=pre:playerprops:72513788:3047453,variant=pre:playerprops:72513788:3150408,variant=pre:playerprops:72513794:111969,variant=pre:playerprops:72513794:169215,variant=pre:playerprops:72513794:253679,variant=pre:playerprops:72513794:356062,variant=pre:playerprops:72513794:557600,variant=pre:playerprops:72513794:569976,variant=pre:playerprops:72513794:612558,variant=pre:playerprops:72513794:756334,variant=pre:playerprops:72513794:858672,variant=pre:playerprops:72513794:878328,variant=pre:playerprops:72513794:881028,variant=pre:playerprops:72513794:992575,variant=pre:playerprops:72513794:1021389,variant=pre:playerprops:72513794:1033199,variant=pre:playerprops:72513794:1128279,variant=pre:playerprops:72513794:1134333,variant=pre:playerprops:72513794:1247402,variant=pre:playerprops:72513794:1275668,variant=pre:playerprops:72513794:1338078,variant=pre:playerprops:72513794:1429153,variant=pre:playerprops:72513794:1834686,variant=pre:playerprops:72513794:1957775,variant=pre:playerprops:72513794:2047045,variant=pre:playerprops:72513794:2115968,variant=pre:playerprops:72513794:2116302,variant=pre:playerprops:72513794:2176208,variant=pre:playerprops:72513794:2190956,variant=pre:playerprops:72513794:2210736,variant=pre:playerprops:72513794:2323973,variant=pre:playerprops:72513794:2487291,variant=pre:playerprops:72513794:2538571,variant=pre:playerprops:72513794:2657767,variant=pre:playerprops:72513794:2819091,variant=pre:playerprops:72513794:2884031,variant=pre:playerprops:72513782:116570,variant=pre:playerprops:72513782:148076,variant=pre:playerprops:72513782:168801,variant=pre:playerprops:72513782:231150,variant=pre:playerprops:72513782:296400,variant=pre:playerprops:72513782:352986,variant=pre:playerprops:72513782:542038,variant=pre:playerprops:72513782:572922,variant=pre:playerprops:72513782:877958,variant=pre:playerprops:72513782:937162,variant=pre:playerprops:72513782:939280,variant=pre:playerprops:72513782:960554,variant=pre:playerprops:72513782:970617,variant=pre:playerprops:72513782:1021345,variant=pre:playerprops:72513782:1059333,variant=pre:playerprops:72513782:1130675,variant=pre:playerprops:72513782:1240036,variant=pre:playerprops:72513782:1341036,variant=pre:playerprops:72513782:1554547,variant=pre:playerprops:72513782:1582396,variant=pre:playerprops:72513782:1614084,variant=pre:playerprops:72513782:1937250,variant=pre:playerprops:72513782:1957665,variant=pre:playerprops:72513782:2175870,variant=pre:playerprops:72513782:2186192,variant=pre:playerprops:72513782:2210250,variant=pre:playerprops:72513782:2418131,variant=pre:playerprops:72513782:2438109,variant=pre:playerprops:72513782:2478153,variant=pre:playerprops:72513782:2569111,variant=pre:playerprops:72607894:96339,variant=pre:playerprops:72607894:151440,variant=pre:playerprops:72607894:151967,variant=pre:playerprops:72607894:280601,variant=pre:playerprops:72607894:352714,variant=pre:playerprops:72607894:756256,variant=pre:playerprops:72607894:847035,variant=pre:playerprops:72607894:930502,variant=pre:playerprops:72607894:935400,variant=pre:playerprops:72607894:980419,variant=pre:playerprops:72607894:1047845,variant=pre:playerprops:72607894:1062184,variant=pre:playerprops:72607894:1296740,variant=pre:playerprops:72607894:1336304,variant=pre:playerprops:72607894:1336324,variant=pre:playerprops:72607894:1419013,variant=pre:playerprops:72607894:1484770,variant=pre:playerprops:72607894:1490406,variant=pre:playerprops:72607894:1721496,variant=pre:playerprops:72607894:1986445,variant=pre:playerprops:72607894:2060607,variant=pre:playerprops:72607894:2074061,variant=pre:playerprops:72607894:2080767,variant=pre:playerprops:72607894:2139542,variant=pre:playerprops:72607894:2150160,variant=pre:playerprops:72607894:2253137,variant=pre:playerprops:72607894:2258981,variant=pre:playerprops:72607894:2287775,variant=pre:playerprops:72607894:2312043,variant=pre:playerprops:72607894:2330751,variant=pre:playerprops:72607894:2358145,variant=pre:playerprops:72607894:2416099,variant=pre:playerprops:72607894:2423161,variant=pre:playerprops:72607894:2450143,variant=pre:playerprops:72607894:2498303,variant=pre:playerprops:72607894:2535017,variant=pre:playerprops:72607894:2646115,variant=pre:playerprops:72607894:2660189,variant=pre:playerprops:72607894:2751291,variant=pre:playerprops:72607894:2834855,variant=pre:playerprops:72607894:2935747,variant=pre:playerprops:72607894:2946525,variant=pre:playerprops:72607894:2953913,variant=pre:playerprops:72607894:2955113,variant=pre:playerprops:72607894:3026070,variant=pre:playerprops:72607894:3030814,variant=pre:playerprops:72607894:3057093,variant=pre:playerprops:72607888:68755,variant=pre:playerprops:72607888:109002,variant=pre:playerprops:72607888:151439,variant=pre:playerprops:72607888:156718,variant=pre:playerprops:72607888:188311,variant=pre:playerprops:72607888:225850,variant=pre:playerprops:72607888:314858,variant=pre:playerprops:72607888:338909,variant=pre:playerprops:72607888:361302,variant=pre:playerprops:72607888:361308,variant=pre:playerprops:72607888:756240,variant=pre:playerprops:72607888:756288,variant=pre:playerprops:72607888:769489,variant=pre:playerprops:72607888:867668,variant=pre:playerprops:72607888:896302,variant=pre:playerprops:72607888:897272,variant=pre:playerprops:72607888:903226,variant=pre:playerprops:72607888:975695,variant=pre:playerprops:72607888:1023787,variant=pre:playerprops:72607888:1081892,variant=pre:playerprops:72607888:1118063,variant=pre:playerprops:72607888:1244138,variant=pre:playerprops:72607888:1409825,variant=pre:playerprops:72607888:1568738,variant=pre:playerprops:72607888:1987363,variant=pre:playerprops:72607888:2084699,variant=pre:playerprops:72607888:2266089,variant=pre:playerprops:72607888:2309579,variant=pre:playerprops:72607888:2327079,variant=pre:playerprops:72607888:2358155,variant=pre:playerprops:72607888:2407639,variant=pre:playerprops:72607888:2476419,variant=pre:playerprops:72607888:2564301,variant=pre:playerprops:72607888:2581857,variant=pre:playerprops:72607888:2652731,variant=pre:playerprops:72607888:2686905,variant=pre:playerprops:72607888:2764965,variant=pre:playerprops:72607888:3200396,variant=pre:playerprops:72607890:12194,variant=pre:playerprops:72607890:50502,variant=pre:playerprops:72607890:68905,variant=pre:playerprops:72607890:68925,variant=pre:playerprops:72607890:150790,variant=pre:playerprops:72607890:152973,variant=pre:playerprops:72607890:185671,variant=pre:playerprops:72607890:186017,variant=pre:playerprops:72607890:228462,variant=pre:playerprops:72607890:279505,variant=pre:playerprops:72607890:338575,variant=pre:playerprops:72607890:361286,variant=pre:playerprops:72607890:365878,variant=pre:playerprops:72607890:756302,variant=pre:playerprops:72607890:897276,variant=pre:playerprops:72607890:902194,variant=pre:playerprops:72607890:927024,variant=pre:playerprops:72607890:934816,variant=pre:playerprops:72607890:935394,variant=pre:playerprops:72607890:945302,variant=pre:playerprops:72607890:1005867,variant=pre:playerprops:72607890:1048383,variant=pre:playerprops:72607890:1398839,variant=pre:playerprops:72607890:1411915,variant=pre:playerprops:72607890:1522221,variant=pre:playerprops:72607890:1642956,variant=pre:playerprops:72607890:1750279,variant=pre:playerprops:72607890:1835206,variant=pre:playerprops:72607890:1945370,variant=pre:playerprops:72607890:1985333,variant=pre:playerprops:72607890:1996569,variant=pre:playerprops:72607890:2074071,variant=pre:playerprops:72607890:2117776,variant=pre:playerprops:72607890:2121022,variant=pre:playerprops:72607890:2368263,variant=pre:playerprops:72607890:2700518,variant=pre:playerprops:72607890:2827383,variant=pre:playerprops:72607890:2946525,variant=pre:playerprops:72607884:68819,variant=pre:playerprops:72607884:148659,variant=pre:playerprops:72607884:543094,variant=pre:playerprops:72607884:564088,variant=pre:playerprops:72607884:897282,variant=pre:playerprops:72607884:902018,variant=pre:playerprops:72607884:921126,variant=pre:playerprops:72607884:924150,variant=pre:playerprops:72607884:992675,variant=pre:playerprops:72607884:1120805,variant=pre:playerprops:72607884:1303078,variant=pre:playerprops:72607884:1412665,variant=pre:playerprops:72607884:1591256,variant=pre:playerprops:72607884:1621358,variant=pre:playerprops:72607884:1639858,variant=pre:playerprops:72607884:1641874,variant=pre:playerprops:72607884:1721516,variant=pre:playerprops:72607884:1723938,variant=pre:playerprops:72607884:1738841,variant=pre:playerprops:72607884:1945128,variant=pre:playerprops:72607884:1986503,variant=pre:playerprops:72607884:1988075,variant=pre:playerprops:72607884:1988227,variant=pre:playerprops:72607884:1990993,variant=pre:playerprops:72607884:2056201,variant=pre:playerprops:72607884:2061175,variant=pre:playerprops:72607884:2068367,variant=pre:playerprops:72607884:2125446,variant=pre:playerprops:72607884:2210816,variant=pre:playerprops:72607884:2228816,variant=pre:playerprops:72607884:2331759,variant=pre:playerprops:72607884:2596279,variant=pre:playerprops:72607884:2637047,variant=pre:playerprops:72607884:2646491,variant=pre:playerprops:72607884:2935747,variant=pre:playerprops:72607884:2950689,variant=pre:playerprops:72607884:3129296,variant=pre:playerprops:66886908:25554,variant=pre:playerprops:66886908:76507,variant=pre:playerprops:66886908:243109,variant=pre:playerprops:66886908:245159,variant=pre:playerprops:66886908:260077,variant=pre:playerprops:66886908:263477,variant=pre:playerprops:66886908:329055,variant=pre:playerprops:66886908:336841,variant=pre:playerprops:66886908:377238,variant=pre:playerprops:66886908:559034,variant=pre:playerprops:66886908:604274,variant=pre:playerprops:66886908:611876,variant=pre:playerprops:66886908:838387,variant=pre:playerprops:66886908:919932,variant=pre:playerprops:66886908:954706,variant=pre:playerprops:66886908:992077,variant=pre:playerprops:66886908:1085570,variant=pre:playerprops:66886908:1085604,variant=pre:playerprops:66886908:1115445,variant=pre:playerprops:66886908:1388007,variant=pre:playerprops:66886908:1603612,variant=pre:playerprops:66886908:1610136,variant=pre:playerprops:66886908:1979863,variant=pre:playerprops:66886908:2052951,variant=pre:playerprops:66886908:2098128,variant=pre:playerprops:66886908:2103392,variant=pre:playerprops:66886908:2157876,variant=pre:playerprops:66886908:2284771,variant=pre:playerprops:66886908:2298903,variant=pre:playerprops:66886908:2332875,variant=pre:playerprops:66886908:2423931,variant=pre:playerprops:66886908:2484043,variant=pre:playerprops:66886908:2713952,variant=pre:playerprops:66886908:2852195,variant=pre:playerprops:66886908:2891803,variant=pre:playerprops:66886908:2920901,variant=pre:playerprops:66886908:2942741,variant=pre:playerprops:66886908:3088978,variant=pre:playerprops:66886914:123223,variant=pre:playerprops:66886914:268419,variant=pre:playerprops:66886914:329303,variant=pre:playerprops:66886914:386212,variant=pre:playerprops:66886914:595598,variant=pre:playerprops:66886914:888224,variant=pre:playerprops:66886914:992475,variant=pre:playerprops:66886914:992685,variant=pre:playerprops:66886914:1017635,variant=pre:playerprops:66886914:1079678,variant=pre:playerprops:66886914:1103955,variant=pre:playerprops:66886914:1121709,variant=pre:playerprops:66886914:1143436,variant=pre:playerprops:66886914:1297782,variant=pre:playerprops:66886914:1323032,variant=pre:playerprops:66886914:1403749,variant=pre:playerprops:66886914:1406455,variant=pre:playerprops:66886914:1414409,variant=pre:playerprops:66886914:1417687,variant=pre:playerprops:66886914:1433767,variant=pre:playerprops:66886914:1621238,variant=pre:playerprops:66886914:1713133,variant=pre:playerprops:66886914:1719722,variant=pre:playerprops:66886914:1719744,variant=pre:playerprops:66886914:1834792,variant=pre:playerprops:66886914:2049221,variant=pre:playerprops:66886914:2143112,variant=pre:playerprops:66886914:2150446,variant=pre:playerprops:66886914:2258009,variant=pre:playerprops:66886914:2292261,variant=pre:playerprops:66886914:2307531,variant=pre:playerprops:66886914:2329297,variant=pre:playerprops:66886914:2375177,variant=pre:playerprops:66886914:2387743,variant=pre:playerprops:66886914:2416823,variant=pre:playerprops:66886914:2565573,variant=pre:playerprops:66886914:2773251,variant=pre:playerprops:66886914:2804133,variant=pre:playerprops:66886914:2829405,variant=pre:playerprops:66886914:3007419,variant=pre:playerprops:66886904:124997,variant=pre:playerprops:66886904:128376,variant=pre:playerprops:66886904:220833,variant=pre:playerprops:66886904:285949,variant=pre:playerprops:66886904:331397,variant=pre:playerprops:66886904:339909,variant=pre:playerprops:66886904:345113,variant=pre:playerprops:66886904:822758,variant=pre:playerprops:66886904:860104,variant=pre:playerprops:66886904:862590,variant=pre:playerprops:66886904:1108379,variant=pre:playerprops:66886904:1110033,variant=pre:playerprops:66886904:1133061,variant=pre:playerprops:66886904:1134383,variant=pre:playerprops:66886904:1407479,variant=pre:playerprops:66886904:1408017,variant=pre:playerprops:66886904:1430357,variant=pre:playerprops:66886904:1692807,variant=pre:playerprops:66886904:1728191,variant=pre:playerprops:66886904:1766257,variant=pre:playerprops:66886904:1832684,variant=pre:playerprops:66886904:1835610,variant=pre:playerprops:66886904:1839374,variant=pre:playerprops:66886904:1953362,variant=pre:playerprops:66886904:2000059,variant=pre:playerprops:66886904:2057347,variant=pre:playerprops:66886904:2090299,variant=pre:playerprops:66886904:2090607,variant=pre:playerprops:66886904:2113372,variant=pre:playerprops:66886904:2335991,variant=pre:playerprops:66886904:2609101,variant=pre:playerprops:66886904:2814081,variant=pre:playerprops:66886906:115182,variant=pre:playerprops:66886906:124737,variant=pre:playerprops:66886906:143846,variant=pre:playerprops:66886906:148155,variant=pre:playerprops:66886906:205508,variant=pre:playerprops:66886906:242052,variant=pre:playerprops:66886906:243181,variant=pre:playerprops:66886906:243509,variant=pre:playerprops:66886906:551774,variant=pre:playerprops:66886906:838361,variant=pre:playerprops:66886906:898436,variant=pre:playerprops:66886906:992859,variant=pre:playerprops:66886906:1009157,variant=pre:playerprops:66886906:1040347,variant=pre:playerprops:66886906:1099078,variant=pre:playerprops:66886906:1133047,variant=pre:playerprops:66886906:1138454,variant=pre:playerprops:66886906:1354408,variant=pre:playerprops:66886906:1585474,variant=pre:playerprops:66886906:1586514,variant=pre:playerprops:66886906:1701549,variant=pre:playerprops:66886906:1703581,variant=pre:playerprops:66886906:1746591,variant=pre:playerprops:66886906:1748291,variant=pre:playerprops:66886906:1749999,variant=pre:playerprops:66886906:1750471,variant=pre:playerprops:66886906:2157430,variant=pre:playerprops:66886906:2285505,variant=pre:playerprops:66886906:2288683,variant=pre:playerprops:66886906:2292549,variant=pre:playerprops:66886906:2330491,variant=pre:playerprops:66886906:2342557,variant=pre:playerprops:66886906:2384475,variant=pre:playerprops:66886906:2550889,variant=pre:playerprops:66886906:2947425,variant=pre:playerprops:66886906:3048135,variant=pre:playerprops:66886902:29735,variant=pre:playerprops:66886902:242213,variant=pre:playerprops:66886902:243651,variant=pre:playerprops:66886902:244591,variant=pre:playerprops:66886902:261687,variant=pre:playerprops:66886902:354510,variant=pre:playerprops:66886902:358554,variant=pre:playerprops:66886902:973619,variant=pre:playerprops:66886902:992895,variant=pre:playerprops:66886902:1005437,variant=pre:playerprops:66886902:1104129,variant=pre:playerprops:66886902:1322996,variant=pre:playerprops:66886902:1357724,variant=pre:playerprops:66886902:1401705,variant=pre:playerprops:66886902:1407427,variant=pre:playerprops:66886902:1407483,variant=pre:playerprops:66886902:1417699,variant=pre:playerprops:66886902:1516765,variant=pre:playerprops:66886902:1578478,variant=pre:playerprops:66886902:1582084,variant=pre:playerprops:66886902:1630422,variant=pre:playerprops:66886902:1696483,variant=pre:playerprops:66886902:1722974,variant=pre:playerprops:66886902:1743915,variant=pre:playerprops:66886902:2199874,variant=pre:playerprops:66886902:2222322,variant=pre:playerprops:66886902:2259563,variant=pre:playerprops:66886902:2285183,variant=pre:playerprops:66886902:2313589,variant=pre:playerprops:66886902:2329087,variant=pre:playerprops:66886902:2335541,variant=pre:playerprops:66886902:2647077,variant=pre:playerprops:66886902:2649315,variant=pre:playerprops:66886902:2714238,variant=pre:playerprops:66886902:2739595,variant=pre:playerprops:66886902:2766121,variant=pre:playerprops:66886902:2864695,variant=pre:playerprops:66886902:2905889,variant=pre:playerprops:66886902:2927035,variant=pre:playerprops:66886898:84854,variant=pre:playerprops:66886898:124992,variant=pre:playerprops:66886898:132874,variant=pre:playerprops:66886898:311382,variant=pre:playerprops:66886898:311456,variant=pre:playerprops:66886898:333587,variant=pre:playerprops:66886898:358548,variant=pre:playerprops:66886898:590262,variant=pre:playerprops:66886898:590392,variant=pre:playerprops:66886898:803498,variant=pre:playerprops:66886898:826677,variant=pre:playerprops:66886898:838337,variant=pre:playerprops:66886898:838379,variant=pre:playerprops:66886898:904462,variant=pre:playerprops:66886898:916392,variant=pre:playerprops:66886898:928310,variant=pre:playerprops:66886898:991199,variant=pre:playerprops:66886898:992067,variant=pre:playerprops:66886898:1059985,variant=pre:playerprops:66886898:1111675,variant=pre:playerprops:66886898:1135695,variant=pre:playerprops:66886898:1248386,variant=pre:playerprops:66886898:1266960,variant=pre:playerprops:66886898:1414147,variant=pre:playerprops:66886898:1478974,variant=pre:playerprops:66886898:1557183,variant=pre:playerprops:66886898:1578520,variant=pre:playerprops:66886898:1661857,variant=pre:playerprops:66886898:1859510,variant=pre:playerprops:66886898:2029707,variant=pre:playerprops:66886898:2335187,variant=pre:playerprops:66886898:2456801,variant=pre:playerprops:66886898:2613555,variant=pre:playerprops:66886898:2762265,variant=pre:playerprops:73265136:122638,variant=pre:playerprops:73265136:146416,variant=pre:playerprops:73265136:340509,variant=pre:playerprops:73265136:340775,variant=pre:playerprops:73265136:358924,variant=pre:playerprops:73265136:588618,variant=pre:playerprops:73265136:780178,variant=pre:playerprops:73265136:869420,variant=pre:playerprops:73265136:1103567,variant=pre:playerprops:73265136:1103771,variant=pre:playerprops:73265136:1119131,variant=pre:playerprops:73265136:1121833,variant=pre:playerprops:73265136:1135991,variant=pre:playerprops:73265136:1509277,variant=pre:playerprops:73265136:1558836,variant=pre:playerprops:73265136:1646664,variant=pre:playerprops:73265136:1693083,variant=pre:playerprops:73265136:1694501,variant=pre:playerprops:73265136:2018063,variant=pre:playerprops:73265136:2288845,variant=pre:playerprops:73265136:2289165,variant=pre:playerprops:73265136:2327939,variant=pre:playerprops:73265136:2407605,variant=pre:playerprops:73265136:2439799,variant=pre:playerprops:73265136:2551845,variant=pre:playerprops:73265136:2572341,variant=pre:playerprops:73265136:2753451,variant=pre:playerprops:73265136:2840259,variant=pre:playerprops:73265136:2861975,variant=pre:playerprops:73265136:2865095,variant=pre:playerprops:73265136:2868381,variant=pre:playerprops:73265136:2879557,variant=pre:playerprops:73265136:2879561,variant=pre:playerprops:73265136:2892473,variant=pre:playerprops:73265136:2898545,variant=pre:playerprops:73265136:2981685,variant=pre:playerprops:73265136:2997283,variant=pre:playerprops:73265136:3017840,variant=pre:playerprops:73265136:3030240,variant=pre:playerprops:73265136:3149046,variant=pre:playerprops:73265148:233856,variant=pre:playerprops:73265148:249829,variant=pre:playerprops:73265148:581782,variant=pre:playerprops:73265148:581802,variant=pre:playerprops:73265148:595300,variant=pre:playerprops:73265148:795806,variant=pre:playerprops:73265148:803520,variant=pre:playerprops:73265148:809982,variant=pre:playerprops:73265148:1018121,variant=pre:playerprops:73265148:1079872,variant=pre:playerprops:73265148:1121383,variant=pre:playerprops:73265148:1304818,variant=pre:playerprops:73265148:1474208,variant=pre:playerprops:73265148:1479432,variant=pre:playerprops:73265148:1562066,variant=pre:playerprops:73265148:1699821,variant=pre:playerprops:73265148:1712573,variant=pre:playerprops:73265148:1871380,variant=pre:playerprops:73265148:1957521,variant=pre:playerprops:73265148:2004827,variant=pre:playerprops:73265148:2089333,variant=pre:playerprops:73265148:2090025,variant=pre:playerprops:73265148:2109738,variant=pre:playerprops:73265148:2218878,variant=pre:playerprops:73265148:2227150,variant=pre:playerprops:73265148:2377255,variant=pre:playerprops:73265148:2444849,variant=pre:playerprops:73265148:2553919,variant=pre:playerprops:73265148:2588881,variant=pre:playerprops:73265148:2588887,variant=pre:playerprops:73265148:2785215,variant=pre:playerprops:73265148:2815619,variant=pre:playerprops:73265148:2914013,variant=pre:playerprops:73265148:2948607,variant=pre:playerprops:73265148:3179780,variant=pre:playerprops:73265148:3183244,variant=pre:playerprops:73265148:3234084,variant=pre:playerprops:73265164:122713,variant=pre:playerprops:73265164:249843,variant=pre:playerprops:73265164:285429,variant=pre:playerprops:73265164:340861,variant=pre:playerprops:73265164:351824,variant=pre:playerprops:73265164:584038,variant=pre:playerprops:73265164:804160,variant=pre:playerprops:73265164:872024,variant=pre:playerprops:73265164:955034,variant=pre:playerprops:73265164:992911,variant=pre:playerprops:73265164:1004421,variant=pre:playerprops:73265164:1016091,variant=pre:playerprops:73265164:1029875,variant=pre:playerprops:73265164:1112861,variant=pre:playerprops:73265164:1112963,variant=pre:playerprops:73265164:1134875,variant=pre:playerprops:73265164:1856382,variant=pre:playerprops:73265164:2089339,variant=pre:playerprops:73265164:2090005,variant=pre:playerprops:73265164:2098990,variant=pre:playerprops:73265164:2104216,variant=pre:playerprops:73265164:2108302,variant=pre:playerprops:73265164:2109216,variant=pre:playerprops:73265164:2113516,variant=pre:playerprops:73265164:2136340,variant=pre:playerprops:73265164:2187250,variant=pre:playerprops:73265164:2289125,variant=pre:playerprops:73265164:2308079,variant=pre:playerprops:73265164:2407621,variant=pre:playerprops:73265164:2410909,variant=pre:playerprops:73265164:2454927,variant=pre:playerprops:73265164:2539015,variant=pre:playerprops:73265164:2764101,variant=pre:playerprops:73265164:2815613,variant=pre:playerprops:73265164:2828297,variant=pre:playerprops:73265164:3074877,variant=pre:playerprops:73265158:46998,variant=pre:playerprops:73265158:247959,variant=pre:playerprops:73265158:295159,variant=pre:playerprops:73265158:558790,variant=pre:playerprops:73265158:918932,variant=pre:playerprops:73265158:954536,variant=pre:playerprops:73265158:956070,variant=pre:playerprops:73265158:966335,variant=pre:playerprops:73265158:976053,variant=pre:playerprops:73265158:1086668,variant=pre:playerprops:73265158:1103565,variant=pre:playerprops:73265158:1328854,variant=pre:playerprops:73265158:1372424,variant=pre:playerprops:73265158:1403539,variant=pre:playerprops:73265158:1404089,variant=pre:playerprops:73265158:1417701,variant=pre:playerprops:73265158:1641710,variant=pre:playerprops:73265158:1712895,variant=pre:playerprops:73265158:1727874,variant=pre:playerprops:73265158:1747237,variant=pre:playerprops:73265158:1835604,variant=pre:playerprops:73265158:1975017,variant=pre:playerprops:73265158:2012055,variant=pre:playerprops:73265158:2070033,variant=pre:playerprops:73265158:2090929,variant=pre:playerprops:73265158:2113364,variant=pre:playerprops:73265158:2142970,variant=pre:playerprops:73265158:2149894,variant=pre:playerprops:73265158:2220180,variant=pre:playerprops:73265158:2288133,variant=pre:playerprops:73265158:2312449,variant=pre:playerprops:73265158:2343043,variant=pre:playerprops:73265158:2381471,variant=pre:playerprops:73265158:2443645,variant=pre:playerprops:73265158:2714324,variant=pre:playerprops:73265158:2795993,variant=pre:playerprops:73265158:2807641,variant=pre:playerprops:73265158:2885385,variant=pre:playerprops:73265158:3088172,variant=pre:playerprops:72202960:94300,variant=pre:playerprops:72202960:135647,variant=pre:playerprops:72202960:156663,variant=pre:playerprops:72202960:190401,variant=pre:playerprops:72202960:338869,variant=pre:playerprops:72202960:783478,variant=pre:playerprops:72202960:814670,variant=pre:playerprops:72202960:907872,variant=pre:playerprops:72202960:943420,variant=pre:playerprops:72202960:1115923,variant=pre:playerprops:72202960:1120733,variant=pre:playerprops:72202960:1317794,variant=pre:playerprops:72202960:1514981,variant=pre:playerprops:72202960:1624500,variant=pre:playerprops:72202960:1850742,variant=pre:playerprops:72202960:1988299,variant=pre:playerprops:72202960:2057021,variant=pre:playerprops:72202960:2059953,variant=pre:playerprops:72202960:2191918,variant=pre:playerprops:72202960:2202332,variant=pre:playerprops:72202960:2271497,variant=pre:playerprops:72202960:2283423,variant=pre:playerprops:72202960:2331761,variant=pre:playerprops:72202960:2400493,variant=pre:playerprops:72202960:2419457,variant=pre:playerprops:72202960:2575623,variant=pre:playerprops:72202960:2758289,variant=pre:playerprops:72202960:2940101,variant=pre:playerprops:72202960:3099108,variant=pre:playerprops:72202962:45946,variant=pre:playerprops:72202962:354046,variant=pre:playerprops:72202962:361726,variant=pre:playerprops:72202962:556200,variant=pre:playerprops:72202962:783278,variant=pre:playerprops:72202962:862556,variant=pre:playerprops:72202962:914060,variant=pre:playerprops:72202962:918954,variant=pre:playerprops:72202962:1012055,variant=pre:playerprops:72202962:1058823,variant=pre:playerprops:72202962:1059037,variant=pre:playerprops:72202962:1237486,variant=pre:playerprops:72202962:1337872,variant=pre:playerprops:72202962:1484072,variant=pre:playerprops:72202962:1575928,variant=pre:playerprops:72202962:1738839,variant=pre:playerprops:72202962:1794512,variant=pre:playerprops:72202962:1871558,variant=pre:playerprops:72202962:2056979,variant=pre:playerprops:72202962:2087641,variant=pre:playerprops:72202962:2117772,variant=pre:playerprops:72202962:2131994,variant=pre:playerprops:72202962:2178782,variant=pre:playerprops:72202962:2189810,variant=pre:playerprops:72202962:2233972,variant=pre:playerprops:72202962:2311481,variant=pre:playerprops:72202962:2405115,variant=pre:playerprops:72202962:2408589,variant=pre:playerprops:72202962:2427361,variant=pre:playerprops:72202962:2450029,variant=pre:playerprops:72202962:2464463,variant=pre:playerprops:72202962:2569107,variant=pre:playerprops:72202962:2631123,variant=pre:playerprops:72202962:2796203,variant=pre:playerprops:72202962:2869775,variant=pre:playerprops:72202962:2882899,variant=pre:playerprops:72202962:3051419,variant=pre:playerprops:72202964:70961,variant=pre:playerprops:72202964:122399,variant=pre:playerprops:72202964:138546,variant=pre:playerprops:72202964:802438,variant=pre:playerprops:72202964:1058953,variant=pre:playerprops:72202964:1062128,variant=pre:playerprops:72202964:1091112,variant=pre:playerprops:72202964:1107735,variant=pre:playerprops:72202964:1295900,variant=pre:playerprops:72202964:1297570,variant=pre:playerprops:72202964:1322112,variant=pre:playerprops:72202964:1344800,variant=pre:playerprops:72202964:1382089,variant=pre:playerprops:72202964:1382937,variant=pre:playerprops:72202964:1555615,variant=pre:playerprops:72202964:1612012,variant=pre:playerprops:72202964:1644568,variant=pre:playerprops:72202964:1700683,variant=pre:playerprops:72202964:1704363,variant=pre:playerprops:72202964:1833778,variant=pre:playerprops:72202964:1987157,variant=pre:playerprops:72202964:2057577,variant=pre:playerprops:72202964:2106852,variant=pre:playerprops:72202964:2161486,variant=pre:playerprops:72202964:2274979,variant=pre:playerprops:72202964:2400055,variant=pre:playerprops:72202964:2404325,variant=pre:playerprops:72202964:2423143,variant=pre:playerprops:72202964:2462373,variant=pre:playerprops:72202964:2466299,variant=pre:playerprops:72202964:2652385,variant=pre:playerprops:72202964:2811575,variant=pre:playerprops:72202964:2831473,variant=pre:playerprops:72202964:3021662,variant=pre:playerprops:72202964:3029424,variant=pre:playerprops:72202964:3172094,variant=pre:playerprops:72202966:134248,variant=pre:playerprops:72202966:936434,variant=pre:playerprops:72202966:1554411,variant=pre:playerprops:72202966:1744901,variant=pre:playerprops:72202966:1884972,variant=pre:playerprops:72202966:1958803,variant=pre:playerprops:72202966:2026097,variant=pre:playerprops:72202966:2312397,variant=pre:playerprops:72202966:2400041,variant=pre:playerprops:72202966:2434763,variant=pre:playerprops:72202966:2567287,variant=pre:playerprops:72202966:2691292,variant=pre:playerprops:72202966:2859505,variant=pre:playerprops:72202966:3082072,variant=pre:playerprops:72202966:3197786"
Team Assists,173,931,1,0.0204,0.8709,
Player Fouls Won,167,15512,1,0.0015,0.9983,
Will There Be Overtime,165,2,1,0.0132,0.9868,
Overtime & Goal,164,2,1,0.0093,0.9868,
To Qualify,164,2,1,0.001,0.9895,
Will There Be A P. S.,161,2,1,0.0093,0.9868,
Shots on Target Over/Under,147,26,13,0.0909,0.9066,"total=3.5,total=4.5,total=5.5,total=6.5,total=7.5,total=8.5,total=9.5,total=10.5,total=11.5,total=12.5,total=13.5,total=14.5,total=15.5"
Player 1st half shots on target,143,8600,1,0.0004,0.7317,
Player 2nd half shots on target,143,9428,1,0.0001,0.8402,
Team 2nd half shots on target,143,1046,1,0.0342,0.924,
Match Penalty Scored,130,1,1,0.1431,0.4021,
Match Shots Outside Box,130,13,1,0.1038,0.7426,
To Score From Outside the Box,130,3121,1,0.0006,0.2272,
Shots Over/Under,117,32,16,0.1606,0.8394,"total=18.5,total=19.5,total=20.5,total=21.5,total=22.5,total=23.5,total=24.5,total=25.5,total=26.5,total=27.5,total=28.5,total=29.5,total=17.5,total=30.5,total=31.5,total=32.5"
First Player Carded,115,3113,1,0.0053,0.1332,
Player To Be Sent Off,115,3121,1,0.0011,0.1297,
BG - 1st Half - Correct Score,111,26,1,0.001,0.3812,
BG - 2nd Half - Correct Score,111,26,1,0.001,0.3101,
Winning Method,93,6,1,0.0025,0.9797,
Away Team Shots on Target O/U,91,14,7,0.1897,0.8103,"total=2.5,total=3.5,total=4.5,total=5.5,total=6.5,total=7.5,total=1.5"
Match 2nd half shots on target,90,8,1,0.0822,0.8379,
Home Team Shots on Target O/U,87,20,10,0.1616,0.8384,"total=2.5,total=3.5,total=4.5,total=5.5,total=1.5,total=6.5,total=7.5,total=8.5,total=9.5,total=10.5"
1st Half - Away Exact Bookings,84,4,1,0.0111,0.665,
1st Half - Booking 1X2,84,3,1,0.1481,0.5361,
1st Half - Exact Bookings,84,7,1,0.0005,0.4603,
1st Half - Home Exact Bookings,84,4,1,0.007,0.7198,
1st Half - Total Booking Points,84,8,4,0.0374,0.9626,"total=5.5,total=15.5,total=25.5,total=35.5"
1st Half - Total Bookings,84,8,4,0.0374,0.9626,"total=0.5,total=1.5,total=2.5,total=3.5"
1st Half - Xth Booking,84,3,1,0.1092,0.5071,bookingnr=1
Away Team Exact Bookings,84,4,1,0.0329,0.6647,
Bookings 1X2,84,3,1,0.1448,0.662,
Exact Bookings,84,10,1,0.0001,0.7806,
Home Team Exact Bookings,84,4,1,0.0191,0.7488,
Total Booking Points,84,16,8,0.0543,0.9457,"total=5.5,total=15.5,total=25.5,total=35.5,total=45.5,total=55.5,total=65.5,total=75.5"
Xth Booking,84,3,1,0.0005,0.6313,bookingnr=1
Player to be carded,83,1642,2024,0.061,0.5605,"variant=pre:playerprops:53452519:108579,variant=pre:playerprops:53452519:152077,variant=pre:playerprops:53452519:192442,variant=pre:playerprops:53452519:555386,variant=pre:playerprops:53452519:903830,variant=pre:playerprops:53452519:907908,variant=pre:playerprops:53452519:916194,variant=pre:playerprops:53452519:934552,variant=pre:playerprops:53452519:936120,variant=pre:playerprops:53452519:942488,variant=pre:playerprops:53452519:965655,variant=pre:playerprops:53452519:1006387,variant=pre:playerprops:53452519:1020079,variant=pre:playerprops:53452519:1088470,variant=pre:playerprops:53452519:1090000,variant=pre:playerprops:53452519:1140070,variant=pre:playerprops:53452519:1300742,variant=pre:playerprops:53452519:1373595,variant=pre:playerprops:53452519:1379523,variant=pre:playerprops:53452519:1410557,variant=pre:playerprops:53452519:1479630,variant=pre:playerprops:53452519:1496869,variant=pre:playerprops:53452519:1556313,variant=pre:playerprops:53452519:1564490,variant=pre:playerprops:53452519:1577506,variant=pre:playerprops:53452519:1635776,variant=pre:playerprops:53452519:1832352,variant=pre:playerprops:53452519:1848612,variant=pre:playerprops:53452519:1939988,variant=pre:playerprops:53452519:2029737,variant=pre:playerprops:53452519:2187596,variant=pre:playerprops:53452519:2265485,variant=pre:playerprops:53452519:2601949,variant=pre:playerprops:53452519:2843497,variant=pre:playerprops:53452513:750,variant=pre:playerprops:53452513:138892,variant=pre:playerprops:53452513:149734,variant=pre:playerprops:53452513:252821,variant=pre:playerprops:53452513:280955,variant=pre:playerprops:53452513:280979,variant=pre:playerprops:53452513:288205,variant=pre:playerprops:53452513:318941,variant=pre:playerprops:53452513:331209,variant=pre:playerprops:53452513:353138,variant=pre:playerprops:53452513:592010,variant=pre:playerprops:53452513:769505,variant=pre:playerprops:53452513:784655,variant=pre:playerprops:53452513:800314,variant=pre:playerprops:53452513:844073,variant=pre:playerprops:53452513:924002,variant=pre:playerprops:53452513:936026,variant=pre:playerprops:53452513:936382,variant=pre:playerprops:53452513:974071,variant=pre:playerprops:53452513:1050565,variant=pre:playerprops:53452513:1055229,variant=pre:playerprops:53452513:1115745,variant=pre:playerprops:53452513:1115761,variant=pre:playerprops:53452513:1340446,variant=pre:playerprops:53452513:1363568,variant=pre:playerprops:53452513:1479784,variant=pre:playerprops:53452513:1644520,variant=pre:playerprops:53452513:1725982,variant=pre:playerprops:53452513:1834794,variant=pre:playerprops:53452513:1860180,variant=pre:playerprops:53452513:1951416,variant=pre:playerprops:53452513:2203428,variant=pre:playerprops:53452513:2240523,variant=pre:playerprops:53452513:2265643,variant=pre:playerprops:53452513:2439417,variant=pre:playerprops:53452513:2487317,variant=pre:playerprops:53452515:70996,variant=pre:playerprops:53452515:78893,variant=pre:playerprops:53452515:118085,variant=pre:playerprops:53452515:118179,variant=pre:playerprops:53452515:128587,variant=pre:playerprops:53452515:135666,variant=pre:playerprops:53452515:248331,variant=pre:playerprops:53452515:329417,variant=pre:playerprops:53452515:331737,variant=pre:playerprops:53452515:369430,variant=pre:playerprops:53452515:809758,variant=pre:playerprops:53452515:809778,variant=pre:playerprops:53452515:867054,variant=pre:playerprops:53452515:918650,variant=pre:playerprops:53452515:1047121,variant=pre:playerprops:53452515:1056851,variant=pre:playerprops:53452515:1062126,variant=pre:playerprops:53452515:1094740,variant=pre:playerprops:53452515:1241930,variant=pre:playerprops:53452515:1297614,variant=pre:playerprops:53452515:1322038,variant=pre:playerprops:53452515:1398657,variant=pre:playerprops:53452515:1399755,variant=pre:playerprops:53452515:1402475,variant=pre:playerprops:53452515:1428079,variant=pre:playerprops:53452515:1479646,variant=pre:playerprops:53452515:1512315,variant=pre:playerprops:53452515:1624310,variant=pre:playerprops:53452515:1624316,variant=pre:playerprops:53452515:1646402,variant=pre:playerprops:53452515:1699623,variant=pre:playerprops:53452515:1770378,variant=pre:playerprops:53452515:1832348,variant=pre:playerprops:53452515:1985243,variant=pre:playerprops:53452515:2000065,variant=pre:playerprops:53452515:2152840,variant=pre:playerprops:53452515:2240507,variant=pre:playerprops:53452515:2303541,variant=pre:playerprops:53452515:2565249,variant=pre:playerprops:53452521:12994,variant=pre:playerprops:53452521:74915,variant=pre:playerprops:53452521:158243,variant=pre:playerprops:53452521:159665,variant=pre:playerprops:53452521:249399,variant=pre:playerprops:53452521:255389,variant=pre:playerprops:53452521:295339,variant=pre:playerprops:53452521:295361,variant=pre:playerprops:53452521:333441,variant=pre:playerprops:53452521:547494,variant=pre:playerprops:53452521:577736,variant=pre:playerprops:53452521:858082,variant=pre:playerprops:53452521:919706,variant=pre:playerprops:53452521:925842,variant=pre:playerprops:53452521:952278,variant=pre:playerprops:53452521:962405,variant=pre:playerprops:53452521:1080112,variant=pre:playerprops:53452521:1107697,variant=pre:playerprops:53452521:1134755,variant=pre:playerprops:53452521:1245194,variant=pre:playerprops:53452521:1296654,variant=pre:playerprops:53452521:1404479,variant=pre:playerprops:53452521:1404521,variant=pre:playerprops:53452521:1549189,variant=pre:playerprops:53452521:1555943,variant=pre:playerprops:53452521:1558544,variant=pre:playerprops:53452521:1627210,variant=pre:playerprops:53452521:1630398,variant=pre:playerprops:53452521:1696477,variant=pre:playerprops:53452521:1977841,variant=pre:playerprops:53452521:2005145,variant=pre:playerprops:53452521:2113372,variant=pre:playerprops:53452521:2203382,variant=pre:playerprops:53452521:2269333,variant=pre:playerprops:53452521:2550777,variant=pre:playerprops:53452521:2631687,variant=pre:playerprops:53452521:2634035,variant=pre:playerprops:53452521:3094906,variant=pre:playerprops:53452523:67769,variant=pre:playerprops:53452523:107414,variant=pre:playerprops:53452523:115516,variant=pre:playerprops:53452523:117777,variant=pre:playerprops:53452523:157377,variant=pre:playerprops:53452523:158583,variant=pre:playerprops:53452523:221162,variant=pre:playerprops:53452523:282229,variant=pre:playerprops:53452523:344847,variant=pre:playerprops:53452523:352290,variant=pre:playerprops:53452523:352296,variant=pre:playerprops:53452523:355652,variant=pre:playerprops:53452523:355796,variant=pre:playerprops:53452523:383560,variant=pre:playerprops:53452523:566102,variant=pre:playerprops:53452523:566110,variant=pre:playerprops:53452523:770677,variant=pre:playerprops:53452523:775475,variant=pre:playerprops:53452523:964583,variant=pre:playerprops:53452523:1046377,variant=pre:playerprops:53452523:1105877,variant=pre:playerprops:53452523:1108227,variant=pre:playerprops:53452523:1115523,variant=pre:playerprops:53452523:1134923,variant=pre:playerprops:53452523:1234234,variant=pre:playerprops:53452523:1408017,variant=pre:playerprops:53452523:1425267,variant=pre:playerprops:53452523:1437554,variant=pre:playerprops:53452523:1556269,variant=pre:playerprops:53452523:1832252,variant=pre:playerprops:53452523:2014157,variant=pre:playerprops:53452523:2048839,variant=pre:playerprops:53452523:2276533,variant=pre:playerprops:53452523:2305933,variant=pre:playerprops:53452523:2637209,variant=pre:playerprops:66886840:124712,variant=pre:playerprops:66886840:273329,variant=pre:playerprops:66886840:992895,variant=pre:playerprops:66886840:1005437,variant=pre:playerprops:66886840:1109685,variant=pre:playerprops:66886840:1135049,variant=pre:playerprops:66886840:1401705,variant=pre:playerprops:66886840:1417699,variant=pre:playerprops:66886840:1516765,variant=pre:playerprops:66886840:1582084,variant=pre:playerprops:66886840:1650269,variant=pre:playerprops:66886840:1957471,variant=pre:playerprops:66886840:1975017,variant=pre:playerprops:66886840:2117582,variant=pre:playerprops:66886840:2608587,variant=pre:playerprops:66886840:2762249,variant=pre:playerprops:66886840:2829343,variant=pre:playerprops:66886854:329303,variant=pre:playerprops:66886854:772393,variant=pre:playerprops:66886854:826677,variant=pre:playerprops:66886854:904462,variant=pre:playerprops:66886854:992685,variant=pre:playerprops:66886854:1017635,variant=pre:playerprops:66886854:1103955,variant=pre:playerprops:66886854:1121709,variant=pre:playerprops:66886854:1266960,variant=pre:playerprops:66886854:1557119,variant=pre:playerprops:66886854:1557183,variant=pre:playerprops:66886854:1725670,variant=pre:playerprops:66886854:2143112,variant=pre:playerprops:66886854:2258009,variant=pre:playerprops:66886854:2292261,variant=pre:playerprops:66886854:2565573,variant=pre:playerprops:66886854:2613555,variant=pre:playerprops:66886854:2762265,variant=pre:playerprops:66299236:155827,variant=pre:playerprops:66299236:314128,variant=pre:playerprops:66299236:858226,variant=pre:playerprops:66299236:1005611,variant=pre:playerprops:66299236:1006355,variant=pre:playerprops:66299236:1134269,variant=pre:playerprops:66299236:1407451,variant=pre:playerprops:66299236:1642334,variant=pre:playerprops:66299236:1831226,variant=pre:playerprops:66299236:1957275,variant=pre:playerprops:66299236:2119022,variant=pre:playerprops:66299236:2138790,variant=pre:playerprops:66299236:2138950,variant=pre:playerprops:66299236:2212330,variant=pre:playerprops:66299236:2242501,variant=pre:playerprops:66299236:2285549,variant=pre:playerprops:66299236:2511691,variant=pre:playerprops:66299236:2612305,variant=pre:playerprops:66299236:2723866,variant=pre:playerprops:66299236:2743073,variant=pre:playerprops:66299236:2754921,variant=pre:playerprops:66299236:3014023,variant=pre:playerprops:66299236:3159078,variant=pre:playerprops:66299238:159593,variant=pre:playerprops:66299238:279513,variant=pre:playerprops:66299238:328247,variant=pre:playerprops:66299238:546416,variant=pre:playerprops:66299238:595576,variant=pre:playerprops:66299238:934936,variant=pre:playerprops:66299238:977319,variant=pre:playerprops:66299238:1061079,variant=pre:playerprops:66299238:1107259,variant=pre:playerprops:66299238:1414113,variant=pre:playerprops:66299238:1419259,variant=pre:playerprops:66299238:1557267,variant=pre:playerprops:66299238:1709505,variant=pre:playerprops:66299238:1751431,variant=pre:playerprops:66299238:1955674,variant=pre:playerprops:66299238:1957287,variant=pre:playerprops:66299238:1997703,variant=pre:playerprops:66299238:2000063,variant=pre:playerprops:66299238:2000065,variant=pre:playerprops:66299238:2133284,variant=pre:playerprops:66299238:2144396,variant=pre:playerprops:66299238:2438353,variant=pre:playerprops:66299238:2714204,variant=pre:playerprops:66299238:2769229,variant=pre:playerprops:66299238:2895283,variant=pre:playerprops:66299238:2917011,variant=pre:playerprops:66299238:2946749,variant=pre:playerprops:66299238:3005321,variant=pre:playerprops:66299240:280025,variant=pre:playerprops:66299240:575498,variant=pre:playerprops:66299240:753026,variant=pre:playerprops:66299240:832179,variant=pre:playerprops:66299240:861932,variant=pre:playerprops:66299240:934952,variant=pre:playerprops:66299240:1319492,variant=pre:playerprops:66299240:1697229,variant=pre:playerprops:66299240:1722806,variant=pre:playerprops:66299240:1740375,variant=pre:playerprops:66299240:1951058,variant=pre:playerprops:66299240:2119492,variant=pre:playerprops:66299240:2119514,variant=pre:playerprops:66299240:2254209,variant=pre:playerprops:66299240:2278885,variant=pre:playerprops:66299240:2301703,variant=pre:playerprops:66299240:2434773,variant=pre:playerprops:66299240:2564625,variant=pre:playerprops:66299240:2604177,variant=pre:playerprops:66299240:2778097,variant=pre:playerprops:66299240:2816105,variant=pre:playerprops:66299240:2827977,variant=pre:playerprops:66299240:2831987,variant=pre:playerprops:66299240:2907567,variant=pre:playerprops:66299240:2928363,variant=pre:playerprops:66299240:3124466,variant=pre:playerprops:72055030:250009,variant=pre:playerprops:72055030:1073494,variant=pre:playerprops:72055030:1108105,variant=pre:playerprops:72055030:1240500,variant=pre:playerprops:72055030:1372424,variant=pre:playerprops:72055030:1430081,variant=pre:playerprops:72055030:1496867,variant=pre:playerprops:72055030:1687637,variant=pre:playerprops:72055030:1711063,variant=pre:playerprops:72055030:1735145,variant=pre:playerprops:72055030:1930220,variant=pre:playerprops:72055030:1957497,variant=pre:playerprops:72055030:1957551,variant=pre:playerprops:72055030:1957757,variant=pre:playerprops:72055030:1977679,variant=pre:playerprops:72055030:2051901,variant=pre:playerprops:72055030:2101484,variant=pre:playerprops:72055030:2148994,variant=pre:playerprops:72055030:2284363,variant=pre:playerprops:72055030:2412115,variant=pre:playerprops:72055030:2523033,variant=pre:playerprops:72055030:2596445,variant=pre:playerprops:72055030:2601947,variant=pre:playerprops:72055030:2720076,variant=pre:playerprops:72055030:2764107,variant=pre:playerprops:72055030:2823195,variant=pre:playerprops:72055030:2928747,variant=pre:playerprops:72055030:2941373,variant=pre:playerprops:72055030:3135184,variant=pre:playerprops:72339638:46620,variant=pre:playerprops:72339638:888224,variant=pre:playerprops:72339638:1406455,variant=pre:playerprops:72339638:1417687,variant=pre:playerprops:72339638:1433767,variant=pre:playerprops:72339638:1621238,variant=pre:playerprops:72339638:1713133,variant=pre:playerprops:72339638:1834792,variant=pre:playerprops:72339638:1979555,variant=pre:playerprops:72339638:2196544,variant=pre:playerprops:72339638:2773251,variant=pre:playerprops:72339638:3153230,variant=pre:playerprops:66886838:243113,variant=pre:playerprops:66886838:548030,variant=pre:playerprops:66886838:803660,variant=pre:playerprops:66886838:1016793,variant=pre:playerprops:66886838:1099078,variant=pre:playerprops:66886838:1104729,variant=pre:playerprops:66886838:1631054,variant=pre:playerprops:66886838:1701549,variant=pre:playerprops:66886838:1730959,variant=pre:playerprops:66886838:2071101,variant=pre:playerprops:66886838:2154714,variant=pre:playerprops:66886838:2157430,variant=pre:playerprops:66886838:2288683,variant=pre:playerprops:66886846:66471,variant=pre:playerprops:66886846:82576,variant=pre:playerprops:66886846:243109,variant=pre:playerprops:66886846:339447,variant=pre:playerprops:66886846:945016,variant=pre:playerprops:66886846:1051565,variant=pre:playerprops:66886846:1610136,variant=pre:playerprops:66886846:1733341,variant=pre:playerprops:66886846:2018013,variant=pre:playerprops:66886846:2332875,variant=pre:playerprops:66886846:2649191,variant=pre:playerprops:66299242:134903,variant=pre:playerprops:66299242:155953,variant=pre:playerprops:66299242:243967,variant=pre:playerprops:66299242:539306,variant=pre:playerprops:66299242:583526,variant=pre:playerprops:66299242:588630,variant=pre:playerprops:66299242:772421,variant=pre:playerprops:66299242:1107253,variant=pre:playerprops:66299242:1122737,variant=pre:playerprops:66299242:1129431,variant=pre:playerprops:66299242:1129443,variant=pre:playerprops:66299242:1412069,variant=pre:playerprops:66299242:1412683,variant=pre:playerprops:66299242:1414099,variant=pre:playerprops:66299242:1561376,variant=pre:playerprops:66299242:1672165,variant=pre:playerprops:66299242:1709723,variant=pre:playerprops:66299242:1952750,variant=pre:playerprops:66299242:1957509,variant=pre:playerprops:66299242:2000513,variant=pre:playerprops:66299242:2090289,variant=pre:playerprops:66299242:2155520,variant=pre:playerprops:66299242:2271921,variant=pre:playerprops:66299242:2346843,variant=pre:playerprops:66299242:2752581,variant=pre:playerprops:66299242:2774593,variant=pre:playerprops:66299242:2938741,variant=pre:playerprops:66299242:3032630,variant=pre:playerprops:66299244:221350,variant=pre:playerprops:66299244:324353,variant=pre:playerprops:66299244:333373,variant=pre:playerprops:66299244:335747,variant=pre:playerprops:66299244:545976,variant=pre:playerprops:66299244:558698,variant=pre:playerprops:66299244:590832,variant=pre:playerprops:66299244:803026,variant=pre:playerprops:66299244:901402,variant=pre:playerprops:66299244:951366,variant=pre:playerprops:66299244:1026223,variant=pre:playerprops:66299244:1045869,variant=pre:playerprops:66299244:1129495,variant=pre:playerprops:66299244:1796354,variant=pre:playerprops:66299244:1829264,variant=pre:playerprops:66299244:2122164,variant=pre:playerprops:66299244:2127564,variant=pre:playerprops:66299244:2157878,variant=pre:playerprops:66299244:2244207,variant=pre:playerprops:66299244:2301791,variant=pre:playerprops:66299244:2583827,variant=pre:playerprops:66299244:2625891,variant=pre:playerprops:66299244:2645737,variant=pre:playerprops:66299244:2717258,variant=pre:playerprops:66299244:2780417,variant=pre:playerprops:66299244:2916997,variant=pre:playerprops:66299244:2960275,variant=pre:playerprops:66299244:3156804,variant=pre:playerprops:72055032:16424,variant=pre:playerprops:72055032:155636,variant=pre:playerprops:72055032:155974,variant=pre:playerprops:72055032:285915,variant=pre:playerprops:72055032:316152,variant=pre:playerprops:72055032:339141,variant=pre:playerprops:72055032:802138,variant=pre:playerprops:72055032:1047709,variant=pre:playerprops:72055032:1107569,variant=pre:playerprops:72055032:1109995,variant=pre:playerprops:72055032:1265020,variant=pre:playerprops:72055032:1303084,variant=pre:playerprops:72055032:1403739,variant=pre:playerprops:72055032:1514077,variant=pre:playerprops:72055032:1630486,variant=pre:playerprops:72055032:1661881,variant=pre:playerprops:72055032:1693219,variant=pre:playerprops:72055032:1710069,variant=pre:playerprops:72055032:1720818,variant=pre:playerprops:72055032:1832914,variant=pre:playerprops:72055032:1836088,variant=pre:playerprops:72055032:1837890,variant=pre:playerprops:72055032:1856050,variant=pre:playerprops:72055032:1983807,variant=pre:playerprops:72055032:2056277,variant=pre:playerprops:72055032:2091451,variant=pre:playerprops:72055032:2120036,variant=pre:playerprops:72055032:2173094,variant=pre:playerprops:72055032:2305747,variant=pre:playerprops:72055032:2583405,variant=pre:playerprops:72055032:2638247,variant=pre:playerprops:72055032:2769133,variant=pre:playerprops:72055032:2843497,variant=pre:playerprops:53452539:96538,variant=pre:playerprops:53452539:108579,variant=pre:playerprops:53452539:152077,variant=pre:playerprops:53452539:250737,variant=pre:playerprops:53452539:361350,variant=pre:playerprops:53452539:555386,variant=pre:playerprops:53452539:769139,variant=pre:playerprops:53452539:772113,variant=pre:playerprops:53452539:796046,variant=pre:playerprops:53452539:903830,variant=pre:playerprops:53452539:934552,variant=pre:playerprops:53452539:936120,variant=pre:playerprops:53452539:936572,variant=pre:playerprops:53452539:940560,variant=pre:playerprops:53452539:942488,variant=pre:playerprops:53452539:1027583,variant=pre:playerprops:53452539:1070898,variant=pre:playerprops:53452539:1088470,variant=pre:playerprops:53452539:1132173,variant=pre:playerprops:53452539:1140070,variant=pre:playerprops:53452539:1300742,variant=pre:playerprops:53452539:1373595,variant=pre:playerprops:53452539:1479630,variant=pre:playerprops:53452539:1564490,variant=pre:playerprops:53452539:1577506,variant=pre:playerprops:53452539:1601352,variant=pre:playerprops:53452539:1635776,variant=pre:playerprops:53452539:1693879,variant=pre:playerprops:53452539:1717779,variant=pre:playerprops:53452539:1848612,variant=pre:playerprops:53452539:1939988,variant=pre:playerprops:53452539:1948356,variant=pre:playerprops:53452539:1948364,variant=pre:playerprops:53452539:2265485,variant=pre:playerprops:53452539:2304851,variant=pre:playerprops:66299246:24248,variant=pre:playerprops:66299246:37092,variant=pre:playerprops:66299246:111505,variant=pre:playerprops:66299246:150582,variant=pre:playerprops:66299246:234890,variant=pre:playerprops:66299246:254159,variant=pre:playerprops:66299246:277437,variant=pre:playerprops:66299246:539390,variant=pre:playerprops:66299246:539882,variant=pre:playerprops:66299246:760618,variant=pre:playerprops:66299246:809752,variant=pre:playerprops:66299246:937172,variant=pre:playerprops:66299246:962781,variant=pre:playerprops:66299246:1054339,variant=pre:playerprops:66299246:1296602,variant=pre:playerprops:66299246:1396719,variant=pre:playerprops:66299246:1496965,variant=pre:playerprops:66299246:1694887,variant=pre:playerprops:66299246:1706345,variant=pre:playerprops:66299246:1995643,variant=pre:playerprops:66299246:1995657,variant=pre:playerprops:66299246:2013257,variant=pre:playerprops:66299246:2267715,variant=pre:playerprops:66299246:2602005,variant=pre:playerprops:66299246:2761591,variant=pre:playerprops:66299246:2815261,variant=pre:playerprops:66299246:2936723,variant=pre:playerprops:66299246:2938781,variant=pre:playerprops:72055034:51723,variant=pre:playerprops:72055034:123208,variant=pre:playerprops:72055034:129861,variant=pre:playerprops:72055034:340537,variant=pre:playerprops:72055034:589306,variant=pre:playerprops:72055034:918668,variant=pre:playerprops:72055034:948680,variant=pre:playerprops:72055034:1013189,variant=pre:playerprops:72055034:1030235,variant=pre:playerprops:72055034:1056655,variant=pre:playerprops:72055034:1134901,variant=pre:playerprops:72055034:1142642,variant=pre:playerprops:72055034:1338144,variant=pre:playerprops:72055034:1359946,variant=pre:playerprops:72055034:1399973,variant=pre:playerprops:72055034:1432977,variant=pre:playerprops:72055034:1646416,variant=pre:playerprops:72055034:1649242,variant=pre:playerprops:72055034:1710109,variant=pre:playerprops:72055034:1837402,variant=pre:playerprops:72055034:1996411,variant=pre:playerprops:72055034:2046303,variant=pre:playerprops:72055034:2116454,variant=pre:playerprops:72055034:2138662,variant=pre:playerprops:72055034:2144622,variant=pre:playerprops:72055034:2284865,variant=pre:playerprops:72055034:2389273,variant=pre:playerprops:72055034:2548685,variant=pre:playerprops:72055034:2686743,variant=pre:playerprops:72055034:2716990,variant=pre:playerprops:72055034:2876507,variant=pre:playerprops:72055034:2929841,variant=pre:playerprops:72055036:105961,variant=pre:playerprops:72055036:155633,variant=pre:playerprops:72055036:270311,variant=pre:playerprops:72055036:305732,variant=pre:playerprops:72055036:339265,variant=pre:playerprops:72055036:363748,variant=pre:playerprops:72055036:780262,variant=pre:playerprops:72055036:918164,variant=pre:playerprops:72055036:938154,variant=pre:playerprops:72055036:951910,variant=pre:playerprops:72055036:956074,variant=pre:playerprops:72055036:981633,variant=pre:playerprops:72055036:1018121,variant=pre:playerprops:72055036:1100017,variant=pre:playerprops:72055036:1108309,variant=pre:playerprops:72055036:1240512,variant=pre:playerprops:72055036:1241236,variant=pre:playerprops:72055036:1403527,variant=pre:playerprops:72055036:1411159,variant=pre:playerprops:72055036:1514111,variant=pre:playerprops:72055036:1571292,variant=pre:playerprops:72055036:1600932,variant=pre:playerprops:72055036:1706803,variant=pre:playerprops:72055036:1707667,variant=pre:playerprops:72055036:1830696,variant=pre:playerprops:72055036:1979861,variant=pre:playerprops:72055036:2018063,variant=pre:playerprops:72055036:2116398,variant=pre:playerprops:72055036:2388533,variant=pre:playerprops:72055036:2545605,variant=pre:playerprops:72055036:2653129,variant=pre:playerprops:72055036:2831315,variant=pre:playerprops:72055036:2902343,variant=pre:playerprops:72055038:355872,variant=pre:playerprops:72055038:810198,variant=pre:playerprops:72055038:914452,variant=pre:playerprops:72055038:1016817,variant=pre:playerprops:72055038:1023777,variant=pre:playerprops:72055038:1057655,variant=pre:playerprops:72055038:1073496,variant=pre:playerprops:72055038:1090078,variant=pre:playerprops:72055038:1105481,variant=pre:playerprops:72055038:1134891,variant=pre:playerprops:72055038:1407171,variant=pre:playerprops:72055038:1543901,variant=pre:playerprops:72055038:1581514,variant=pre:playerprops:72055038:1604148,variant=pre:playerprops:72055038:1708931,variant=pre:playerprops:72055038:1720200,variant=pre:playerprops:72055038:1873920,variant=pre:playerprops:72055038:1979865,variant=pre:playerprops:72055038:2031445,variant=pre:playerprops:72055038:2115362,variant=pre:playerprops:72055038:2232766,variant=pre:playerprops:72055038:2311279,variant=pre:playerprops:72055038:2318455,variant=pre:playerprops:72055038:2546649,variant=pre:playerprops:72055038:2637475,variant=pre:playerprops:72055038:2666935,variant=pre:playerprops:72055038:2817031,variant=pre:playerprops:72055038:2822785,variant=pre:playerprops:72055038:3081348,variant=pre:playerprops:72055040:35532,variant=pre:playerprops:72055040:253415,variant=pre:playerprops:72055040:286015,variant=pre:playerprops:72055040:338849,variant=pre:playerprops:72055040:358530,variant=pre:playerprops:72055040:358942,variant=pre:playerprops:72055040:359074,variant=pre:playerprops:72055040:810218,variant=pre:playerprops:72055040:964557,variant=pre:playerprops:72055040:966393,variant=pre:playerprops:72055040:996543,variant=pre:playerprops:72055040:1108221,variant=pre:playerprops:72055040:1240880,variant=pre:playerprops:72055040:1374085,variant=pre:playerprops:72055040:1693415,variant=pre:playerprops:72055040:1719092,variant=pre:playerprops:72055040:1957453,variant=pre:playerprops:72055040:1957513,variant=pre:playerprops:72055040:2094530,variant=pre:playerprops:72055040:2211442,variant=pre:playerprops:72055040:2286725,variant=pre:playerprops:72055040:2389021,variant=pre:playerprops:72055040:2543827,variant=pre:playerprops:72055040:2636933,variant=pre:playerprops:72055040:2636939,variant=pre:playerprops:72055040:2642299,variant=pre:playerprops:72055040:2716972,variant=pre:playerprops:72055040:2757461,variant=pre:playerprops:72055040:2823803,variant=pre:playerprops:72055040:2947871,variant=pre:playerprops:53452537:12994,variant=pre:playerprops:53452537:74915,variant=pre:playerprops:53452537:149734,variant=pre:playerprops:53452537:158243,variant=pre:playerprops:53452537:249399,variant=pre:playerprops:53452537:255389,variant=pre:playerprops:53452537:353138,variant=pre:playerprops:53452537:592010,variant=pre:playerprops:53452537:769505,variant=pre:playerprops:53452537:784655,variant=pre:playerprops:53452537:800314,variant=pre:playerprops:53452537:844073,variant=pre:playerprops:53452537:858082,variant=pre:playerprops:53452537:919706,variant=pre:playerprops:53452537:924002,variant=pre:playerprops:53452537:925842,variant=pre:playerprops:53452537:936026,variant=pre:playerprops:53452537:952278,variant=pre:playerprops:53452537:962405,variant=pre:playerprops:53452537:1080112,variant=pre:playerprops:53452537:1115745,variant=pre:playerprops:53452537:1134755,variant=pre:playerprops:53452537:1245194,variant=pre:playerprops:53452537:1296654,variant=pre:playerprops:53452537:1340446,variant=pre:playerprops:53452537:1363568,variant=pre:playerprops:53452537:1558544,variant=pre:playerprops:53452537:1630398,variant=pre:playerprops:53452537:1696477,variant=pre:playerprops:53452537:1725982,variant=pre:playerprops:53452537:1860180,variant=pre:playerprops:53452537:2112956,variant=pre:playerprops:53452537:2203382,variant=pre:playerprops:53452537:2203428,variant=pre:playerprops:53452537:2269333,variant=pre:playerprops:53452537:2439417,variant=pre:playerprops:53452537:2487317,variant=pre:playerprops:72055044:123906,variant=pre:playerprops:72055044:155702,variant=pre:playerprops:72055044:155802,variant=pre:playerprops:72055044:156580,variant=pre:playerprops:72055044:191176,variant=pre:playerprops:72055044:221148,variant=pre:playerprops:72055044:231776,variant=pre:playerprops:72055044:255167,variant=pre:playerprops:72055044:314096,variant=pre:playerprops:72055044:341939,variant=pre:playerprops:72055044:583332,variant=pre:playerprops:72055044:769515,variant=pre:playerprops:72055044:810168,variant=pre:playerprops:72055044:962435,variant=pre:playerprops:72055044:982607,variant=pre:playerprops:72055044:1010229,variant=pre:playerprops:72055044:1060001,variant=pre:playerprops:72055044:1101119,variant=pre:playerprops:72055044:1253958,variant=pre:playerprops:72055044:1627560,variant=pre:playerprops:72055044:1646640,variant=pre:playerprops:72055044:1833140,variant=pre:playerprops:72055044:1957405,variant=pre:playerprops:72055044:1972113,variant=pre:playerprops:72055044:2090819,variant=pre:playerprops:72055044:2138766,variant=pre:playerprops:72055044:2154808,variant=pre:playerprops:72055044:2546639,variant=pre:playerprops:72055044:2645057,variant=pre:playerprops:72055044:2709302,variant=pre:playerprops:72055044:2716996,variant=pre:playerprops:72055042:134449,variant=pre:playerprops:72055042:155629,variant=pre:playerprops:72055042:205790,variant=pre:playerprops:72055042:359080,variant=pre:playerprops:72055042:792077,variant=pre:playerprops:72055042:919600,variant=pre:playerprops:72055042:972955,variant=pre:playerprops:72055042:1098188,variant=pre:playerprops:72055042:1329084,variant=pre:playerprops:72055042:1368726,variant=pre:playerprops:72055042:1389661,variant=pre:playerprops:72055042:1399351,variant=pre:playerprops:72055042:1400225,variant=pre:playerprops:72055042:1543237,variant=pre:playerprops:72055042:1543883,variant=pre:playerprops:72055042:1743381,variant=pre:playerprops:72055042:1944314,variant=pre:playerprops:72055042:1957475,variant=pre:playerprops:72055042:1957525,variant=pre:playerprops:72055042:2021473,variant=pre:playerprops:72055042:2065521,variant=pre:playerprops:72055042:2089541,variant=pre:playerprops:72055042:2181540,variant=pre:playerprops:72055042:2200174,variant=pre:playerprops:72055042:2309099,variant=pre:playerprops:72055042:2327809,variant=pre:playerprops:72055042:2601951,variant=pre:playerprops:72055042:2716942,variant=pre:playerprops:72055042:2757235,variant=pre:playerprops:72055042:2817137,variant=pre:playerprops:72055042:3025000,variant=pre:playerprops:72055046:139421,variant=pre:playerprops:72055046:255643,variant=pre:playerprops:72055046:269089,variant=pre:playerprops:72055046:588782,variant=pre:playerprops:72055046:605802,variant=pre:playerprops:72055046:755408,variant=pre:playerprops:72055046:804872,variant=pre:playerprops:72055046:957322,variant=pre:playerprops:72055046:1012001,variant=pre:playerprops:72055046:1013183,variant=pre:playerprops:72055046:1322082,variant=pre:playerprops:72055046:1406565,variant=pre:playerprops:72055046:1426421,variant=pre:playerprops:72055046:1865592,variant=pre:playerprops:72055046:1868416,variant=pre:playerprops:72055046:1957557,variant=pre:playerprops:72055046:1999395,variant=pre:playerprops:72055046:2065527,variant=pre:playerprops:72055046:2084411,variant=pre:playerprops:72055046:2087125,variant=pre:playerprops:72055046:2161270,variant=pre:playerprops:72055046:2460763,variant=pre:playerprops:72055046:2471071,variant=pre:playerprops:72055046:2534221,variant=pre:playerprops:72055046:2563617,variant=pre:playerprops:72055046:2645427,variant=pre:playerprops:72055046:2689111,variant=pre:playerprops:72055046:2717220,variant=pre:playerprops:72055046:2945647,variant=pre:playerprops:66886848:241488,variant=pre:playerprops:66886848:888224,variant=pre:playerprops:66886848:919202,variant=pre:playerprops:66886848:964589,variant=pre:playerprops:66886848:1099401,variant=pre:playerprops:66886848:1134373,variant=pre:playerprops:66886848:1406455,variant=pre:playerprops:66886848:1417687,variant=pre:playerprops:66886848:1433767,variant=pre:playerprops:66886848:1621238,variant=pre:playerprops:66886848:1713133,variant=pre:playerprops:66886848:1834792,variant=pre:playerprops:66886848:1979555,variant=pre:playerprops:66886848:2051035,variant=pre:playerprops:66886848:2161184,variant=pre:playerprops:66886848:2543351,variant=pre:playerprops:66886848:2639881,variant=pre:playerprops:66886848:2773251,variant=pre:playerprops:72055048:340537,variant=pre:playerprops:72055048:914452,variant=pre:playerprops:72055048:918668,variant=pre:playerprops:72055048:1013189,variant=pre:playerprops:72055048:1030235,variant=pre:playerprops:72055048:1090078,variant=pre:playerprops:72055048:1134901,variant=pre:playerprops:72055048:1142642,variant=pre:playerprops:72055048:1399973,variant=pre:playerprops:72055048:1407171,variant=pre:playerprops:72055048:1496869,variant=pre:playerprops:72055048:1543901,variant=pre:playerprops:72055048:1649242,variant=pre:playerprops:72055048:1649484,variant=pre:playerprops:72055048:1708931,variant=pre:playerprops:72055048:1710109,variant=pre:playerprops:72055048:1837402,variant=pre:playerprops:72055048:1996411,variant=pre:playerprops:72055048:2031445,variant=pre:playerprops:72055048:2046303,variant=pre:playerprops:72055048:2085107,variant=pre:playerprops:72055048:2115362,variant=pre:playerprops:72055048:2116454,variant=pre:playerprops:72055048:2138662,variant=pre:playerprops:72055048:2218560,variant=pre:playerprops:72055048:2311279,variant=pre:playerprops:72055048:2637475,variant=pre:playerprops:72055048:2686743,variant=pre:playerprops:72055048:2716990,variant=pre:playerprops:72055048:2817031,variant=pre:playerprops:72055048:2822785,variant=pre:playerprops:66886852:220833,variant=pre:playerprops:66886852:285949,variant=pre:playerprops:66886852:331397,variant=pre:playerprops:66886852:1110033,variant=pre:playerprops:66886852:1407441,variant=pre:playerprops:66886852:1408017,variant=pre:playerprops:66886852:1728161,variant=pre:playerprops:66886852:1766257,variant=pre:playerprops:66886852:1839374,variant=pre:playerprops:66886852:2113372,variant=pre:playerprops:66886852:2148952,variant=pre:playerprops:66886852:2161538,variant=pre:playerprops:66886852:2335991,variant=pre:playerprops:66886852:2609101,variant=pre:playerprops:66886852:2714246,variant=pre:playerprops:66886852:2814093,variant=pre:playerprops:72055050:155629,variant=pre:playerprops:72055050:253415,variant=pre:playerprops:72055050:358942,variant=pre:playerprops:72055050:359074,variant=pre:playerprops:72055050:590700,variant=pre:playerprops:72055050:792077,variant=pre:playerprops:72055050:908706,variant=pre:playerprops:72055050:972955,variant=pre:playerprops:72055050:1006665,variant=pre:playerprops:72055050:1098188,variant=pre:playerprops:72055050:1108221,variant=pre:playerprops:72055050:1240880,variant=pre:playerprops:72055050:1389661,variant=pre:playerprops:72055050:1400225,variant=pre:playerprops:72055050:1693415,variant=pre:playerprops:72055050:1719092,variant=pre:playerprops:72055050:1737769,variant=pre:playerprops:72055050:1944314,variant=pre:playerprops:72055050:1957453,variant=pre:playerprops:72055050:1957475,variant=pre:playerprops:72055050:2065525,variant=pre:playerprops:72055050:2089541,variant=pre:playerprops:72055050:2200174,variant=pre:playerprops:72055050:2286725,variant=pre:playerprops:72055050:2389021,variant=pre:playerprops:72055050:2823803,variant=pre:playerprops:66886856:46620,variant=pre:playerprops:66886856:84854,variant=pre:playerprops:66886856:116955,variant=pre:playerprops:66886856:124992,variant=pre:playerprops:66886856:132874,variant=pre:playerprops:66886856:311456,variant=pre:playerprops:66886856:358548,variant=pre:playerprops:66886856:590392,variant=pre:playerprops:66886856:838379,variant=pre:playerprops:66886856:916392,variant=pre:playerprops:66886856:1059985,variant=pre:playerprops:66886856:1121369,variant=pre:playerprops:66886856:1414147,variant=pre:playerprops:66886856:1859510,variant=pre:playerprops:66886856:2196544,variant=pre:playerprops:66886856:2335187,variant=pre:playerprops:66886856:3153230,variant=pre:playerprops:66886842:44760,variant=pre:playerprops:66886842:82943,variant=pre:playerprops:66886842:282557,variant=pre:playerprops:66886842:340519,variant=pre:playerprops:66886842:1323014,variant=pre:playerprops:66886842:1407335,variant=pre:playerprops:66886842:1407483,variant=pre:playerprops:66886842:1543879,variant=pre:playerprops:66886842:1696453,variant=pre:playerprops:66886842:1722974,variant=pre:playerprops:66886842:1743915,variant=pre:playerprops:66886842:1744171,variant=pre:playerprops:66886842:1939184,variant=pre:playerprops:66886842:1997511,variant=pre:playerprops:66886842:2150852,variant=pre:playerprops:66886842:2170306,variant=pre:playerprops:66886842:2222322,variant=pre:playerprops:66886850:124997,variant=pre:playerprops:66886850:128376,variant=pre:playerprops:66886850:245159,variant=pre:playerprops:66886850:260077,variant=pre:playerprops:66886850:263477,variant=pre:playerprops:66886850:345113,variant=pre:playerprops:66886850:358550,variant=pre:playerprops:66886850:604274,variant=pre:playerprops:66886850:992077,variant=pre:playerprops:66886850:1124571,variant=pre:playerprops:66886850:1134383,variant=pre:playerprops:66886850:1388007,variant=pre:playerprops:66886850:1407479,variant=pre:playerprops:66886850:1713493,variant=pre:playerprops:66886850:1832684,variant=pre:playerprops:66886850:1835610,variant=pre:playerprops:66886850:2713952,variant=pre:playerprops:66299250:235460,variant=pre:playerprops:66299250:284605,variant=pre:playerprops:66299250:287833,variant=pre:playerprops:66299250:316024,variant=pre:playerprops:66299250:551568,variant=pre:playerprops:66299250:861432,variant=pre:playerprops:66299250:945180,variant=pre:playerprops:66299250:1115503,variant=pre:playerprops:66299250:1244748,variant=pre:playerprops:66299250:1705495,variant=pre:playerprops:66299250:1712815,variant=pre:playerprops:66299250:1957831,variant=pre:playerprops:66299250:2051453,variant=pre:playerprops:66299250:2139054,variant=pre:playerprops:66299250:2286841,variant=pre:playerprops:66299250:2306927,variant=pre:playerprops:66299250:2310339,variant=pre:playerprops:66299250:2318031,variant=pre:playerprops:66299250:2463263,variant=pre:playerprops:66299250:2563395,variant=pre:playerprops:66299250:2566255,variant=pre:playerprops:66299250:2717274,variant=pre:playerprops:66299250:2856091,variant=pre:playerprops:66299250:2947777,variant=pre:playerprops:66299250:2960325,variant=pre:playerprops:66299250:3155858,variant=pre:playerprops:66299248:35166,variant=pre:playerprops:66299248:330485,variant=pre:playerprops:66299248:540004,variant=pre:playerprops:66299248:546416,variant=pre:playerprops:66299248:901380,variant=pre:playerprops:66299248:918706,variant=pre:playerprops:66299248:934936,variant=pre:playerprops:66299248:1082692,variant=pre:playerprops:66299248:1125583,variant=pre:playerprops:66299248:1126343,variant=pre:playerprops:66299248:1236980,variant=pre:playerprops:66299248:1414113,variant=pre:playerprops:66299248:1419259,variant=pre:playerprops:66299248:1557267,variant=pre:playerprops:66299248:1739999,variant=pre:playerprops:66299248:2000065,variant=pre:playerprops:66299248:2091687,variant=pre:playerprops:66299248:2133284,variant=pre:playerprops:66299248:2327493,variant=pre:playerprops:66299248:2389965,variant=pre:playerprops:66299248:2438353,variant=pre:playerprops:66299248:2533083,variant=pre:playerprops:66299248:2615215,variant=pre:playerprops:66299248:2714204,variant=pre:playerprops:66299248:2792227,variant=pre:playerprops:66299248:2895283,variant=pre:playerprops:66299248:2917011,variant=pre:playerprops:66299248:2945541,variant=pre:playerprops:66299248:3008759,variant=pre:playerprops:66299252:16943,variant=pre:playerprops:66299252:159593,variant=pre:playerprops:66299252:279513,variant=pre:playerprops:66299252:328247,variant=pre:playerprops:66299252:777892,variant=pre:playerprops:66299252:871084,variant=pre:playerprops:66299252:1061079,variant=pre:playerprops:66299252:1107259,variant=pre:playerprops:66299252:1707813,variant=pre:playerprops:66299252:1709505,variant=pre:playerprops:66299252:1955674,variant=pre:playerprops:66299252:1957423,variant=pre:playerprops:66299252:1997703,variant=pre:playerprops:66299252:2000063,variant=pre:playerprops:66299252:2122580,variant=pre:playerprops:66299252:2133062,variant=pre:playerprops:66299252:2148928,variant=pre:playerprops:66299252:2160190,variant=pre:playerprops:66299252:2583823,variant=pre:playerprops:66299252:2748499,variant=pre:playerprops:66299252:2769229,variant=pre:playerprops:66299252:2828675,variant=pre:playerprops:66299252:2946749,variant=pre:playerprops:66299252:3005321,variant=pre:playerprops:66299252:3057301,variant=pre:playerprops:66299254:149277,variant=pre:playerprops:66299254:254895,variant=pre:playerprops:66299254:314128,variant=pre:playerprops:66299254:590324,variant=pre:playerprops:66299254:811862,variant=pre:playerprops:66299254:858226,variant=pre:playerprops:66299254:950636,variant=pre:playerprops:66299254:1005611,variant=pre:playerprops:66299254:1094748,variant=pre:playerprops:66299254:1134269,variant=pre:playerprops:66299254:1561106,variant=pre:playerprops:66299254:1642334,variant=pre:playerprops:66299254:1722760,variant=pre:playerprops:66299254:1957275,variant=pre:playerprops:66299254:1957303,variant=pre:playerprops:66299254:1986143,variant=pre:playerprops:66299254:1995667,variant=pre:playerprops:66299254:2125648,variant=pre:playerprops:66299254:2289623,variant=pre:playerprops:66299254:2628467,variant=pre:playerprops:66299254:2723866,variant=pre:playerprops:66299254:2754921,variant=pre:playerprops:66299254:2847277,variant=pre:playerprops:66299254:2947781,variant=pre:playerprops:66299254:3014023,variant=pre:playerprops:66299254:3159078,variant=pre:playerprops:66299256:545988,variant=pre:playerprops:66299256:805020,variant=pre:playerprops:66299256:1766637,variant=pre:playerprops:66299256:1848588,variant=pre:playerprops:66299256:1995563,variant=pre:playerprops:66299256:1998587,variant=pre:playerprops:66299256:2003149,variant=pre:playerprops:66299256:2043833,variant=pre:playerprops:66299256:2144710,variant=pre:playerprops:66299256:2184806,variant=pre:playerprops:66299256:2240831,variant=pre:playerprops:66299256:2302797,variant=pre:playerprops:66299256:2584539,variant=pre:playerprops:66299256:2601927,variant=pre:playerprops:66299256:2631099,variant=pre:playerprops:66299256:2679629,variant=pre:playerprops:66299256:2771235,variant=pre:playerprops:66299256:2800655,variant=pre:playerprops:66299256:2828919,variant=pre:playerprops:66299256:2912923,variant=pre:playerprops:66299256:2929017,variant=pre:playerprops:66299256:3049217,variant=pre:playerprops:66299258:49647,variant=pre:playerprops:66299258:118179,variant=pre:playerprops:66299258:324353,variant=pre:playerprops:66299258:333373,variant=pre:playerprops:66299258:545976,variant=pre:playerprops:66299258:809766,variant=pre:playerprops:66299258:901402,variant=pre:playerprops:66299258:1026223,variant=pre:playerprops:66299258:1045869,variant=pre:playerprops:66299258:1108159,variant=pre:playerprops:66299258:1346410,variant=pre:playerprops:66299258:1369420,variant=pre:playerprops:66299258:1634026,variant=pre:playerprops:66299258:1995601,variant=pre:playerprops:66299258:2129828,variant=pre:playerprops:66299258:2199874,variant=pre:playerprops:66299258:2244207,variant=pre:playerprops:66299258:2566165,variant=pre:playerprops:66299258:2583827,variant=pre:playerprops:66299258:2645737,variant=pre:playerprops:66299258:2776289,variant=pre:playerprops:66299258:2916997,variant=pre:playerprops:66299258:2960275,variant=pre:playerprops:66299258:3053799,variant=pre:playerprops:66299258:3154982,variant=pre:playerprops:66299262:48050,variant=pre:playerprops:66299262:204790,variant=pre:playerprops:66299262:309290,variant=pre:playerprops:66299262:356444,variant=pre:playerprops:66299262:756252,variant=pre:playerprops:66299262:772907,variant=pre:playerprops:66299262:843497,variant=pre:playerprops:66299262:902096,variant=pre:playerprops:66299262:954954,variant=pre:playerprops:66299262:992875,variant=pre:playerprops:66299262:992939,variant=pre:playerprops:66299262:1030831,variant=pre:playerprops:66299262:1383035,variant=pre:playerprops:66299262:1383983,variant=pre:playerprops:66299262:1388005,variant=pre:playerprops:66299262:1557205,variant=pre:playerprops:66299262:1707265,variant=pre:playerprops:66299262:1736977,variant=pre:playerprops:66299262:1882892,variant=pre:playerprops:66299262:2140600,variant=pre:playerprops:66299262:2186632,variant=pre:playerprops:66299262:2200522,variant=pre:playerprops:66299262:2302429,variant=pre:playerprops:66299262:2334049,variant=pre:playerprops:66299262:2748855,variant=pre:playerprops:66299262:2768193,variant=pre:playerprops:66299262:3124456,variant=pre:playerprops:66299262:3159004,variant=pre:playerprops:66299266:118178,variant=pre:playerprops:66299266:155827,variant=pre:playerprops:66299266:169375,variant=pre:playerprops:66299266:221350,variant=pre:playerprops:66299266:558698,variant=pre:playerprops:66299266:590832,variant=pre:playerprops:66299266:940680,variant=pre:playerprops:66299266:951366,variant=pre:playerprops:66299266:1006355,variant=pre:playerprops:66299266:1129495,variant=pre:playerprops:66299266:1132195,variant=pre:playerprops:66299266:1407451,variant=pre:playerprops:66299266:1796354,variant=pre:playerprops:66299266:1829264,variant=pre:playerprops:66299266:1831226,variant=pre:playerprops:66299266:2119022,variant=pre:playerprops:66299266:2124702,variant=pre:playerprops:66299266:2127564,variant=pre:playerprops:66299266:2138790,variant=pre:playerprops:66299266:2138950,variant=pre:playerprops:66299266:2212330,variant=pre:playerprops:66299266:2242501,variant=pre:playerprops:66299266:2285549,variant=pre:playerprops:66299266:2511691,variant=pre:playerprops:66299266:2612305,variant=pre:playerprops:66299266:2717258,variant=pre:playerprops:66299266:2743073,variant=pre:playerprops:66299264:38624,variant=pre:playerprops:66299264:314104,variant=pre:playerprops:66299264:922740,variant=pre:playerprops:66299264:934952,variant=pre:playerprops:66299264:1091602,variant=pre:playerprops:66299264:1271314,variant=pre:playerprops:66299264:1420807,variant=pre:playerprops:66299264:1562438,variant=pre:playerprops:66299264:1697229,variant=pre:playerprops:66299264:1722806,variant=pre:playerprops:66299264:1733329,variant=pre:playerprops:66299264:1951058,variant=pre:playerprops:66299264:2079403,variant=pre:playerprops:66299264:2119492,variant=pre:playerprops:66299264:2119514,variant=pre:playerprops:66299264:2125946,variant=pre:playerprops:66299264:2238268,variant=pre:playerprops:66299264:2271903,variant=pre:playerprops:66299264:2272719,variant=pre:playerprops:66299264:2303625,variant=pre:playerprops:66299264:2318341,variant=pre:playerprops:66299264:2604177,variant=pre:playerprops:66299264:2831987,variant=pre:playerprops:66299264:2907567,variant=pre:playerprops:66299264:2917013,variant=pre:playerprops:66299264:2928363,variant=pre:playerprops:66299264:3047427,variant=pre:playerprops:66299264:3124466,variant=pre:playerprops:66299260:128613,variant=pre:playerprops:66299260:134903,variant=pre:playerprops:66299260:155953,variant=pre:playerprops:66299260:226958,variant=pre:playerprops:66299260:329165,variant=pre:playerprops:66299260:772421,variant=pre:playerprops:66299260:822932,variant=pre:playerprops:66299260:887874,variant=pre:playerprops:66299260:1070792,variant=pre:playerprops:66299260:1107253,variant=pre:playerprops:66299260:1109669,variant=pre:playerprops:66299260:1129431,variant=pre:playerprops:66299260:1129443,variant=pre:playerprops:66299260:1412183,variant=pre:playerprops:66299260:1414099,variant=pre:playerprops:66299260:1708349,variant=pre:playerprops:66299260:1709723,variant=pre:playerprops:66299260:1952750,variant=pre:playerprops:66299260:1987053,variant=pre:playerprops:66299260:1995669,variant=pre:playerprops:66299260:2000513,variant=pre:playerprops:66299260:2057211,variant=pre:playerprops:66299260:2218634,variant=pre:playerprops:66299260:2551579,variant=pre:playerprops:66299260:2717264,variant=pre:playerprops:66299260:2734152,variant=pre:playerprops:66299260:2752581,variant=pre:playerprops:66299260:2774593,variant=pre:playerprops:66299260:3032630,variant=pre:playerprops:66299260:3074909,variant=pre:playerprops:66299268:228336,variant=pre:playerprops:66299268:280721,variant=pre:playerprops:66299268:756440,variant=pre:playerprops:66299268:821198,variant=pre:playerprops:66299268:914072,variant=pre:playerprops:66299268:951330,variant=pre:playerprops:66299268:1070072,variant=pre:playerprops:66299268:1087492,variant=pre:playerprops:66299268:1711223,variant=pre:playerprops:66299268:1724650,variant=pre:playerprops:66299268:1957599,variant=pre:playerprops:66299268:2006255,variant=pre:playerprops:66299268:2010757,variant=pre:playerprops:66299268:2051329,variant=pre:playerprops:66299268:2114250,variant=pre:playerprops:66299268:2133480,variant=pre:playerprops:66299268:2308775,variant=pre:playerprops:66299268:2312833,variant=pre:playerprops:66299268:2343059,variant=pre:playerprops:66299268:2610149,variant=pre:playerprops:66299268:2717266,variant=pre:playerprops:66299268:2717272,variant=pre:playerprops:66299268:2767385,variant=pre:playerprops:66299268:2799039,variant=pre:playerprops:66299268:2857937,variant=pre:playerprops:66299268:2917007,variant=pre:playerprops:66299268:2940645,variant=pre:playerprops:66299268:3159010,variant=pre:playerprops:72339642:772393,variant=pre:playerprops:72339642:826677,variant=pre:playerprops:72339642:904462,variant=pre:playerprops:72339642:1109685,variant=pre:playerprops:72339642:1135049,variant=pre:playerprops:72339642:1266960,variant=pre:playerprops:72339642:1557183,variant=pre:playerprops:72339642:1957471,variant=pre:playerprops:72339642:2117582,variant=pre:playerprops:72339642:2608587,variant=pre:playerprops:72339642:2613555,variant=pre:playerprops:72339642:2762249,variant=pre:playerprops:72339642:2762265,variant=pre:playerprops:72339642:2829343,variant=pre:playerprops:66886844:115182,variant=pre:playerprops:66886844:148155,variant=pre:playerprops:66886844:205508,variant=pre:playerprops:66886844:243181,variant=pre:playerprops:66886844:1040347,variant=pre:playerprops:66886844:1245264,variant=pre:playerprops:66886844:1703581,variant=pre:playerprops:66886844:1749999,variant=pre:playerprops:66886844:1835232,variant=pre:playerprops:66886844:2292549,variant=pre:playerprops:66886844:2384475,variant=pre:playerprops:66886844:3048135,variant=pre:playerprops:66299272:111505,variant=pre:playerprops:66299272:234890,variant=pre:playerprops:66299272:277437,variant=pre:playerprops:66299272:286001,variant=pre:playerprops:66299272:314040,variant=pre:playerprops:66299272:539390,variant=pre:playerprops:66299272:539882,variant=pre:playerprops:66299272:760618,variant=pre:playerprops:66299272:1054339,variant=pre:playerprops:66299272:1109671,variant=pre:playerprops:66299272:1244580,variant=pre:playerprops:66299272:1295912,variant=pre:playerprops:66299272:1396719,variant=pre:playerprops:66299272:1433965,variant=pre:playerprops:66299272:1496965,variant=pre:playerprops:66299272:1708369,variant=pre:playerprops:66299272:1708595,variant=pre:playerprops:66299272:1744851,variant=pre:playerprops:66299272:1995643,variant=pre:playerprops:66299272:1995657,variant=pre:playerprops:66299272:2227204,variant=pre:playerprops:66299272:2302859,variant=pre:playerprops:66299272:2367105,variant=pre:playerprops:66299272:2602005,variant=pre:playerprops:66299272:2704396,variant=pre:playerprops:66299272:2704398,variant=pre:playerprops:66299272:2877003,variant=pre:playerprops:66299272:2912925,variant=pre:playerprops:66299272:3149256,variant=pre:playerprops:66299270:24248,variant=pre:playerprops:66299270:37092,variant=pre:playerprops:66299270:88981,variant=pre:playerprops:66299270:150582,variant=pre:playerprops:66299270:280025,variant=pre:playerprops:66299270:575498,variant=pre:playerprops:66299270:753026,variant=pre:playerprops:66299270:809752,variant=pre:playerprops:66299270:832179,variant=pre:playerprops:66299270:962781,variant=pre:playerprops:66299270:1296602,variant=pre:playerprops:66299270:1319492,variant=pre:playerprops:66299270:1694887,variant=pre:playerprops:66299270:1740375,variant=pre:playerprops:66299270:2013257,variant=pre:playerprops:66299270:2209126,variant=pre:playerprops:66299270:2254209,variant=pre:playerprops:66299270:2278885,variant=pre:playerprops:66299270:2284473,variant=pre:playerprops:66299270:2301703,variant=pre:playerprops:66299270:2434773,variant=pre:playerprops:66299270:2563907,variant=pre:playerprops:66299270:2564625,variant=pre:playerprops:66299270:2761591,variant=pre:playerprops:66299270:2827977,variant=pre:playerprops:66299270:2936723,variant=pre:playerprops:66299270:2938781,variant=pre:playerprops:66299274:47278,variant=pre:playerprops:66299274:539306,variant=pre:playerprops:66299274:577012,variant=pre:playerprops:66299274:583526,variant=pre:playerprops:66299274:588630,variant=pre:playerprops:66299274:791969,variant=pre:playerprops:66299274:1094914,variant=pre:playerprops:66299274:1133349,variant=pre:playerprops:66299274:1412683,variant=pre:playerprops:66299274:1561376,variant=pre:playerprops:66299274:1651327,variant=pre:playerprops:66299274:1672165,variant=pre:playerprops:66299274:1723248,variant=pre:playerprops:66299274:1829858,variant=pre:playerprops:66299274:1957439,variant=pre:playerprops:66299274:1957509,variant=pre:playerprops:66299274:2090289,variant=pre:playerprops:66299274:2155520,variant=pre:playerprops:66299274:2271921,variant=pre:playerprops:66299274:2346843,variant=pre:playerprops:66299274:2375195,variant=pre:playerprops:66299274:2548559,variant=pre:playerprops:66299274:2551435,variant=pre:playerprops:66299274:2748575,variant=pre:playerprops:66299274:2938741,variant=pre:playerprops:66299276:85859,variant=pre:playerprops:66299276:116130,variant=pre:playerprops:66299276:547242,variant=pre:playerprops:66299276:860958,variant=pre:playerprops:66299276:990859,variant=pre:playerprops:66299276:1017853,variant=pre:playerprops:66299276:1064128,variant=pre:playerprops:66299276:1096270,variant=pre:playerprops:66299276:1115577,variant=pre:playerprops:66299276:1238264,variant=pre:playerprops:66299276:1240478,variant=pre:playerprops:66299276:1414095,variant=pre:playerprops:66299276:1438138,variant=pre:playerprops:66299276:1708311,variant=pre:playerprops:66299276:1995663,variant=pre:playerprops:66299276:2127566,variant=pre:playerprops:66299276:2288365,variant=pre:playerprops:66299276:2304157,variant=pre:playerprops:66299276:2328741,variant=pre:playerprops:66299276:2344095,variant=pre:playerprops:66299276:2531197,variant=pre:playerprops:66299276:2717268,variant=pre:playerprops:66299276:2748487,variant=pre:playerprops:66299276:2748537,variant=pre:playerprops:66299276:2778159,variant=pre:playerprops:66299276:2917877,variant=pre:playerprops:66299276:2931475,variant=pre:playerprops:66299276:2943269,variant=pre:playerprops:66299276:2943273,variant=pre:playerprops:66299276:2947387,variant=pre:playerprops:66299276:3152894,variant=pre:playerprops:66299276:3154946,variant=pre:playerprops:66886886:243109,variant=pre:playerprops:66886886:1051565,variant=pre:playerprops:66886886:1610136,variant=pre:playerprops:66886886:1835232,variant=pre:playerprops:66886886:2098128,variant=pre:playerprops:66886886:2332875,variant=pre:playerprops:66886886:2484043,variant=pre:playerprops:66886890:84854,variant=pre:playerprops:66886890:116955,variant=pre:playerprops:66886890:124992,variant=pre:playerprops:66886890:124997,variant=pre:playerprops:66886890:128376,variant=pre:playerprops:66886890:132874,variant=pre:playerprops:66886890:311456,variant=pre:playerprops:66886890:339909,variant=pre:playerprops:66886890:345113,variant=pre:playerprops:66886890:358548,variant=pre:playerprops:66886890:590262,variant=pre:playerprops:66886890:590392,variant=pre:playerprops:66886890:838379,variant=pre:playerprops:66886890:916392,variant=pre:playerprops:66886890:1059985,variant=pre:playerprops:66886890:1121369,variant=pre:playerprops:66886890:1134383,variant=pre:playerprops:66886890:1407479,variant=pre:playerprops:66886890:1713493,variant=pre:playerprops:66886890:1832684,variant=pre:playerprops:66886890:1835610,variant=pre:playerprops:66886890:1859510,variant=pre:playerprops:66886890:2090299,variant=pre:playerprops:66886890:2335187,variant=pre:playerprops:66886884:106142,variant=pre:playerprops:66886884:115182,variant=pre:playerprops:66886884:138833,variant=pre:playerprops:66886884:205508,variant=pre:playerprops:66886884:243181,variant=pre:playerprops:66886884:1040347,variant=pre:playerprops:66886884:1407483,variant=pre:playerprops:66886884:1696483,variant=pre:playerprops:66886884:1703581,variant=pre:playerprops:66886884:1722974,variant=pre:playerprops:66886884:1743915,variant=pre:playerprops:66886884:1749999,variant=pre:playerprops:66886884:2090565,variant=pre:playerprops:66886884:2292549,variant=pre:playerprops:66886884:2384475,variant=pre:playerprops:66886884:3048135,variant=pre:playerprops:66886892:245159,variant=pre:playerprops:66886892:260077,variant=pre:playerprops:66886892:263477,variant=pre:playerprops:66886892:604274,variant=pre:playerprops:66886892:992077,variant=pre:playerprops:66886892:1124571,variant=pre:playerprops:66886892:1357814,variant=pre:playerprops:66886892:1388007,variant=pre:playerprops:66886892:1603612,variant=pre:playerprops:66886892:2161538,variant=pre:playerprops:66886892:2285513,variant=pre:playerprops:66886892:2766599,variant=pre:playerprops:72041032:1173154,variant=pre:playerprops:72041032:1557590,variant=pre:playerprops:72041032:1644848,variant=pre:playerprops:72041032:1730619,variant=pre:playerprops:72041032:1864902,variant=pre:playerprops:72041032:1986657,variant=pre:playerprops:72041032:2073473,variant=pre:playerprops:72041032:2076209,variant=pre:playerprops:72041032:2190628,variant=pre:playerprops:72041032:2191282,variant=pre:playerprops:72041032:2200880,variant=pre:playerprops:72041032:2233064,variant=pre:playerprops:72041032:2275719,variant=pre:playerprops:72041032:2277961,variant=pre:playerprops:72041032:2298737,variant=pre:playerprops:72041032:2316371,variant=pre:playerprops:72041032:2334665,variant=pre:playerprops:72041032:2437943,variant=pre:playerprops:72041032:2536393,variant=pre:playerprops:72041032:2660049,variant=pre:playerprops:72041032:2661205,variant=pre:playerprops:72041032:2680699,variant=pre:playerprops:72041032:2691136,variant=pre:playerprops:72041032:2722474,variant=pre:playerprops:72041032:2837261,variant=pre:playerprops:72041032:2837269,variant=pre:playerprops:72041032:2839431,variant=pre:playerprops:72041032:2883167,variant=pre:playerprops:72041032:2901385,variant=pre:playerprops:72041032:2944619,variant=pre:playerprops:72041032:2954827,variant=pre:playerprops:72041032:2968866,variant=pre:playerprops:72041032:3118816,variant=pre:playerprops:72041032:3124472,variant=pre:playerprops:72530822:936580,variant=pre:playerprops:72530822:978127,variant=pre:playerprops:72530822:979097,variant=pre:playerprops:72530822:1050271,variant=pre:playerprops:72530822:1057649,variant=pre:playerprops:72530822:1057937,variant=pre:playerprops:72530822:1428493,variant=pre:playerprops:72530822:1620126,variant=pre:playerprops:72530822:1710501,variant=pre:playerprops:72530822:1724786,variant=pre:playerprops:72530822:1953482,variant=pre:playerprops:72530822:2208688,variant=pre:playerprops:72530822:2240499,variant=pre:playerprops:72530822:2346603,variant=pre:playerprops:72530822:2355101,variant=pre:playerprops:72530822:2608367,variant=pre:playerprops:72530822:2659405,variant=pre:playerprops:72530822:2782573,variant=pre:playerprops:72530822:2952673,variant=pre:playerprops:72530822:3034594,variant=pre:playerprops:72041034:35208,variant=pre:playerprops:72041034:47753,variant=pre:playerprops:72041034:76160,variant=pre:playerprops:72041034:355572,variant=pre:playerprops:72041034:385300,variant=pre:playerprops:72041034:385708,variant=pre:playerprops:72041034:906702,variant=pre:playerprops:72041034:943502,variant=pre:playerprops:72041034:962589,variant=pre:playerprops:72041034:1264976,variant=pre:playerprops:72041034:1407143,variant=pre:playerprops:72041034:1604754,variant=pre:playerprops:72041034:1986899,variant=pre:playerprops:72041034:2265649,variant=pre:playerprops:72041034:2278447,variant=pre:playerprops:72041034:2295759,variant=pre:playerprops:72041034:2297559,variant=pre:playerprops:72041034:2351311,variant=pre:playerprops:72041034:2354415,variant=pre:playerprops:72041034:2411121,variant=pre:playerprops:72041034:2424155,variant=pre:playerprops:72041034:2469757,variant=pre:playerprops:72041034:2535747,variant=pre:playerprops:72041034:2692882,variant=pre:playerprops:72041034:2718844,variant=pre:playerprops:72041034:2748933,variant=pre:playerprops:72041034:2837221,variant=pre:playerprops:72041034:2904907,variant=pre:playerprops:72041034:3040811,variant=pre:playerprops:72041034:3233968,variant=pre:playerprops:72041036:361788,variant=pre:playerprops:72041036:756260,variant=pre:playerprops:72041036:823298,variant=pre:playerprops:72041036:860072,variant=pre:playerprops:72041036:924822,variant=pre:playerprops:72041036:966407,variant=pre:playerprops:72041036:1060527,variant=pre:playerprops:72041036:1245276,variant=pre:playerprops:72041036:1297602,variant=pre:playerprops:72041036:1423483,variant=pre:playerprops:72041036:1436960,variant=pre:playerprops:72041036:1624442,variant=pre:playerprops:72041036:1793398,variant=pre:playerprops:72041036:1882766,variant=pre:playerprops:72041036:1948330,variant=pre:playerprops:72041036:1969767,variant=pre:playerprops:72041036:2044461,variant=pre:playerprops:72041036:2062395,variant=pre:playerprops:72041036:2084213,variant=pre:playerprops:72041036:2135192,variant=pre:playerprops:72041036:2152824,variant=pre:playerprops:72041036:2297939,variant=pre:playerprops:72041036:2354399,variant=pre:playerprops:72041036:2361735,variant=pre:playerprops:72041036:2386865,variant=pre:playerprops:72041036:2587691,variant=pre:playerprops:72041036:2713066,variant=pre:playerprops:72041036:2804685,variant=pre:playerprops:72041036:2837267,variant=pre:playerprops:72041036:2886185,variant=pre:playerprops:72041036:2905055,variant=pre:playerprops:72041036:3035102,variant=pre:playerprops:72041038:38710,variant=pre:playerprops:72041038:78730,variant=pre:playerprops:72041038:366942,variant=pre:playerprops:72041038:893738,variant=pre:playerprops:72041038:934212,variant=pre:playerprops:72041038:1013617,variant=pre:playerprops:72041038:1046071,variant=pre:playerprops:72041038:1083456,variant=pre:playerprops:72041038:1253708,variant=pre:playerprops:72041038:1322038,variant=pre:playerprops:72041038:1396437,variant=pre:playerprops:72041038:1425285,variant=pre:playerprops:72041038:1629762,variant=pre:playerprops:72041038:1726548,variant=pre:playerprops:72041038:1770378,variant=pre:playerprops:72041038:1979549,variant=pre:playerprops:72041038:1983697,variant=pre:playerprops:72041038:2049241,variant=pre:playerprops:72041038:2064961,variant=pre:playerprops:72041038:2067857,variant=pre:playerprops:72041038:2136418,variant=pre:playerprops:72041038:2150366,variant=pre:playerprops:72041038:2199952,variant=pre:playerprops:72041038:2200034,variant=pre:playerprops:72041038:2264579,variant=pre:playerprops:72041038:2297035,variant=pre:playerprops:72041038:2333599,variant=pre:playerprops:72041038:2360171,variant=pre:playerprops:72041038:2366215,variant=pre:playerprops:72041038:2691848,variant=pre:playerprops:72041038:2851971,variant=pre:playerprops:72041038:3040163,variant=pre:playerprops:72041040:163539,variant=pre:playerprops:72041040:943512,variant=pre:playerprops:72041040:1336444,variant=pre:playerprops:72041040:1382075,variant=pre:playerprops:72041040:1396571,variant=pre:playerprops:72041040:1428689,variant=pre:playerprops:72041040:1606442,variant=pre:playerprops:72041040:1638358,variant=pre:playerprops:72041040:1957397,variant=pre:playerprops:72041040:1988289,variant=pre:playerprops:72041040:2018333,variant=pre:playerprops:72041040:2060647,variant=pre:playerprops:72041040:2062259,variant=pre:playerprops:72041040:2064627,variant=pre:playerprops:72041040:2091607,variant=pre:playerprops:72041040:2166290,variant=pre:playerprops:72041040:2242611,variant=pre:playerprops:72041040:2275953,variant=pre:playerprops:72041040:2288105,variant=pre:playerprops:72041040:2297937,variant=pre:playerprops:72041040:2327033,variant=pre:playerprops:72041040:2342825,variant=pre:playerprops:72041040:2450991,variant=pre:playerprops:72041040:2595747,variant=pre:playerprops:72041040:2601949,variant=pre:playerprops:72041040:2611489,variant=pre:playerprops:72041040:2619455,variant=pre:playerprops:72041040:2687017,variant=pre:playerprops:72041040:2689842,variant=pre:playerprops:72041040:2837591,variant=pre:playerprops:72041040:2842947,variant=pre:playerprops:72041040:2884531,variant=pre:playerprops:72530826:125039,variant=pre:playerprops:72530826:149667,variant=pre:playerprops:72530826:157023,variant=pre:playerprops:72530826:158597,variant=pre:playerprops:72530826:190151,variant=pre:playerprops:72530826:282233,variant=pre:playerprops:72530826:892610,variant=pre:playerprops:72530826:936176,variant=pre:playerprops:72530826:1248164,variant=pre:playerprops:72530826:1299390,variant=pre:playerprops:72530826:1300458,variant=pre:playerprops:72530826:2014211,variant=pre:playerprops:72530826:2065569,variant=pre:playerprops:72530826:2191294,variant=pre:playerprops:72530826:2221526,variant=pre:playerprops:72530826:2297027,variant=pre:playerprops:72530826:2661635,variant=pre:playerprops:72530826:2872337,variant=pre:playerprops:72530836:328455,variant=pre:playerprops:72530836:1016765,variant=pre:playerprops:72530836:1414135,variant=pre:playerprops:72530836:1604382,variant=pre:playerprops:72530836:1643612,variant=pre:playerprops:72530836:1743261,variant=pre:playerprops:72530836:1766015,variant=pre:playerprops:72530836:1953626,variant=pre:playerprops:72530836:2042807,variant=pre:playerprops:72530836:2062283,variant=pre:playerprops:72530836:2124454,variant=pre:playerprops:72530836:2149556,variant=pre:playerprops:72530836:2156574,variant=pre:playerprops:72530836:2286909,variant=pre:playerprops:72530836:2592853,variant=pre:playerprops:72530836:2661703,variant=pre:playerprops:72530836:2698836,variant=pre:playerprops:72530836:2870277,variant=pre:playerprops:72530820:945280,variant=pre:playerprops:72530820:1057265,variant=pre:playerprops:72530820:1380805,variant=pre:playerprops:72530820:1417763,variant=pre:playerprops:72530820:1423903,variant=pre:playerprops:72530820:1437554,variant=pre:playerprops:72530820:1557103,variant=pre:playerprops:72530820:1663301,variant=pre:playerprops:72530820:1795386,variant=pre:playerprops:72530820:1833216,variant=pre:playerprops:72530820:1957241,variant=pre:playerprops:72530820:2050613,variant=pre:playerprops:72530820:2066855,variant=pre:playerprops:72530820:2070457,variant=pre:playerprops:72530820:2157718,variant=pre:playerprops:72530820:2240519,variant=pre:playerprops:72530820:2270821,variant=pre:playerprops:72530820:2272667,variant=pre:playerprops:72530820:2298655,variant=pre:playerprops:72530820:2333737,variant=pre:playerprops:72530820:2439065,variant=pre:playerprops:72530820:2662093,variant=pre:playerprops:72530820:2697472,variant=pre:playerprops:72530820:2945155,variant=pre:playerprops:72530820:3147640,variant=pre:playerprops:66886910:66471,variant=pre:playerprops:66886910:249647,variant=pre:playerprops:66886910:282557,variant=pre:playerprops:66886910:338937,variant=pre:playerprops:66886910:340519,variant=pre:playerprops:66886910:358956,variant=pre:playerprops:66886910:945016,variant=pre:playerprops:66886910:1108419,variant=pre:playerprops:66886910:1323014,variant=pre:playerprops:66886910:1407335,variant=pre:playerprops:66886910:1733341,variant=pre:playerprops:66886910:1744171,variant=pre:playerprops:66886910:1939184,variant=pre:playerprops:66886910:2018013,variant=pre:playerprops:66886910:2170306,variant=pre:playerprops:66886910:2649191,variant=pre:playerprops:66886916:241488,variant=pre:playerprops:66886916:919202,variant=pre:playerprops:66886916:964589,variant=pre:playerprops:66886916:1134373,variant=pre:playerprops:66886916:1372556,variant=pre:playerprops:66886916:1835232,variant=pre:playerprops:66886916:2051035,variant=pre:playerprops:66886916:2161184,variant=pre:playerprops:66886916:2543351,variant=pre:playerprops:66886916:2639881,variant=pre:playerprops:66886912:46620,variant=pre:playerprops:66886912:1407441,variant=pre:playerprops:66886912:2161538,variant=pre:playerprops:66886912:2285513,variant=pre:playerprops:69829676:48050,variant=pre:playerprops:69829676:149277,variant=pre:playerprops:69829676:204790,variant=pre:playerprops:69829676:254895,variant=pre:playerprops:69829676:309290,variant=pre:playerprops:69829676:356444,variant=pre:playerprops:69829676:756252,variant=pre:playerprops:69829676:811862,variant=pre:playerprops:69829676:843497,variant=pre:playerprops:69829676:919074,variant=pre:playerprops:69829676:954954,variant=pre:playerprops:69829676:992875,variant=pre:playerprops:69829676:1030831,variant=pre:playerprops:69829676:1094748,variant=pre:playerprops:69829676:1323000,variant=pre:playerprops:69829676:1383983,variant=pre:playerprops:69829676:1561106,variant=pre:playerprops:69829676:1722760,variant=pre:playerprops:69829676:1986143,variant=pre:playerprops:69829676:1995667,variant=pre:playerprops:69829676:2140600,variant=pre:playerprops:69829676:2186632,variant=pre:playerprops:69829676:2200522,variant=pre:playerprops:69829676:2289623,variant=pre:playerprops:69829676:2296259,variant=pre:playerprops:69829676:2329251,variant=pre:playerprops:69829676:2520777,variant=pre:playerprops:69829676:2628467,variant=pre:playerprops:69829676:2847277,variant=pre:playerprops:69829676:2947781,variant=pre:playerprops:69829676:3159004,variant=pre:playerprops:66886900:33238,variant=pre:playerprops:66886900:243113,variant=pre:playerprops:66886900:548030,variant=pre:playerprops:66886900:803660,variant=pre:playerprops:66886900:1016793,variant=pre:playerprops:66886900:1104729,variant=pre:playerprops:66886900:1109685,variant=pre:playerprops:66886900:1135049,variant=pre:playerprops:66886900:1615018,variant=pre:playerprops:66886900:1730959,variant=pre:playerprops:66886900:1852246,variant=pre:playerprops:66886900:1957471,variant=pre:playerprops:66886900:2071101,variant=pre:playerprops:66886900:2117582,variant=pre:playerprops:66886900:2154714,variant=pre:playerprops:66886900:2762249,variant=pre:playerprops:66886900:2829343,variant=pre:playerprops:72041042:99960,variant=pre:playerprops:72041042:339879,variant=pre:playerprops:72041042:793738,variant=pre:playerprops:72041042:824526,variant=pre:playerprops:72041042:841577,variant=pre:playerprops:72041042:853672,variant=pre:playerprops:72041042:934208,variant=pre:playerprops:72041042:1317300,variant=pre:playerprops:72041042:1417957,variant=pre:playerprops:72041042:1543511,variant=pre:playerprops:72041042:1564070,variant=pre:playerprops:72041042:1644296,variant=pre:playerprops:72041042:1954418,variant=pre:playerprops:72041042:1957669,variant=pre:playerprops:72041042:2054699,variant=pre:playerprops:72041042:2059359,variant=pre:playerprops:72041042:2081461,variant=pre:playerprops:72041042:2159234,variant=pre:playerprops:72041042:2210998,variant=pre:playerprops:72041042:2268949,variant=pre:playerprops:72041042:2411727,variant=pre:playerprops:72041042:2657511,variant=pre:playerprops:72041042:2691146,variant=pre:playerprops:72041042:2700214,variant=pre:playerprops:72041042:2765137,variant=pre:playerprops:72041042:2837585,variant=pre:playerprops:72041042:2847809,variant=pre:playerprops:72041042:3032588,variant=pre:playerprops:72041042:3040543,variant=pre:playerprops:72041042:3040589,variant=pre:playerprops:72041042:3106296,variant=pre:playerprops:72041044:318745,variant=pre:playerprops:72041044:776391,variant=pre:playerprops:72041044:815712,variant=pre:playerprops:72041044:939960,variant=pre:playerprops:72041044:943504,variant=pre:playerprops:72041044:979087,variant=pre:playerprops:72041044:1060507,variant=pre:playerprops:72041044:1297442,variant=pre:playerprops:72041044:1573416,variant=pre:playerprops:72041044:1589598,variant=pre:playerprops:72041044:1651155,variant=pre:playerprops:72041044:2000067,variant=pre:playerprops:72041044:2043857,variant=pre:playerprops:72041044:2064955,variant=pre:playerprops:72041044:2159238,variant=pre:playerprops:72041044:2159240,variant=pre:playerprops:72041044:2240473,variant=pre:playerprops:72041044:2310981,variant=pre:playerprops:72041044:2349189,variant=pre:playerprops:72041044:2438225,variant=pre:playerprops:72041044:2450903,variant=pre:playerprops:72041044:2461033,variant=pre:playerprops:72041044:2475393,variant=pre:playerprops:72041044:2525315,variant=pre:playerprops:72041044:2552281,variant=pre:playerprops:72041044:2686991,variant=pre:playerprops:72041044:2714812,variant=pre:playerprops:72041044:2761031,variant=pre:playerprops:72041044:2804605,variant=pre:playerprops:72041044:2901549,variant=pre:playerprops:72041044:3141006,variant=pre:playerprops:72041044:3155296,variant=pre:playerprops:72041046:44864,variant=pre:playerprops:72041046:46900,variant=pre:playerprops:72041046:97410,variant=pre:playerprops:72041046:100386,variant=pre:playerprops:72041046:226978,variant=pre:playerprops:72041046:333571,variant=pre:playerprops:72041046:355562,variant=pre:playerprops:72041046:758582,variant=pre:playerprops:72041046:978119,variant=pre:playerprops:72041046:1011757,variant=pre:playerprops:72041046:1015009,variant=pre:playerprops:72041046:1019999,variant=pre:playerprops:72041046:1086096,variant=pre:playerprops:72041046:1115921,variant=pre:playerprops:72041046:1402465,variant=pre:playerprops:72041046:1629010,variant=pre:playerprops:72041046:1794764,variant=pre:playerprops:72041046:1884366,variant=pre:playerprops:72041046:1988281,variant=pre:playerprops:72041046:2042775,variant=pre:playerprops:72041046:2057299,variant=pre:playerprops:72041046:2060619,variant=pre:playerprops:72041046:2286677,variant=pre:playerprops:72041046:2311483,variant=pre:playerprops:72041046:2326725,variant=pre:playerprops:72041046:2332671,variant=pre:playerprops:72041046:2342609,variant=pre:playerprops:72041046:2661749,variant=pre:playerprops:72041046:2698898,variant=pre:playerprops:72041046:2717364,variant=pre:playerprops:72041046:2795019,variant=pre:playerprops:72041046:2916455,variant=pre:playerprops:72041046:3040791,variant=pre:playerprops:72041048:196082,variant=pre:playerprops:72041048:252215,variant=pre:playerprops:72041048:578344,variant=pre:playerprops:72041048:824528,variant=pre:playerprops:72041048:934230,variant=pre:playerprops:72041048:1019995,variant=pre:playerprops:72041048:1380765,variant=pre:playerprops:72041048:1561152,variant=pre:playerprops:72041048:1566906,variant=pre:playerprops:72041048:1836034,variant=pre:playerprops:72041048:1854512,variant=pre:playerprops:72041048:1938994,variant=pre:playerprops:72041048:2089821,variant=pre:playerprops:72041048:2099326,variant=pre:playerprops:72041048:2101360,variant=pre:playerprops:72041048:2143578,variant=pre:playerprops:72041048:2159052,variant=pre:playerprops:72041048:2199954,variant=pre:playerprops:72041048:2231850,variant=pre:playerprops:72041048:2323733,variant=pre:playerprops:72041048:2982025,variant=pre:playerprops:72530830:125625,variant=pre:playerprops:72530830:190159,variant=pre:playerprops:72530830:286085,variant=pre:playerprops:72530830:868968,variant=pre:playerprops:72530830:972585,variant=pre:playerprops:72530830:1060885,variant=pre:playerprops:72530830:1067262,variant=pre:playerprops:72530830:1091644,variant=pre:playerprops:72530830:1243310,variant=pre:playerprops:72530830:1404161,variant=pre:playerprops:72530830:1836316,variant=pre:playerprops:72530830:1860048,variant=pre:playerprops:72530830:2067765,variant=pre:playerprops:72530830:2069995,variant=pre:playerprops:72530830:2150162,variant=pre:playerprops:72530830:2399961,variant=pre:playerprops:72530830:2446729,variant=pre:playerprops:72530830:2447167,variant=pre:playerprops:72530830:2450045,variant=pre:playerprops:72530830:2453609,variant=pre:playerprops:72530830:2631865,variant=pre:playerprops:72530830:3043855,variant=pre:playerprops:72530834:191986,variant=pre:playerprops:72530834:228364,variant=pre:playerprops:72530834:369430,variant=pre:playerprops:72530834:755704,variant=pre:playerprops:72530834:962885,variant=pre:playerprops:72530834:1021107,variant=pre:playerprops:72530834:1046581,variant=pre:playerprops:72530834:1089296,variant=pre:playerprops:72530834:1112533,variant=pre:playerprops:72530834:1298054,variant=pre:playerprops:72530834:1561484,variant=pre:playerprops:72530834:1570098,variant=pre:playerprops:72530834:1572688,variant=pre:playerprops:72530834:1604836,variant=pre:playerprops:72530834:1611700,variant=pre:playerprops:72530834:1640692,variant=pre:playerprops:72530834:1644520,variant=pre:playerprops:72530834:1864906,variant=pre:playerprops:72530834:1987823,variant=pre:playerprops:72530834:2014157,variant=pre:playerprops:72530834:2044393,variant=pre:playerprops:72530834:2051513,variant=pre:playerprops:72530834:2110788,variant=pre:playerprops:72530834:2329171,variant=pre:playerprops:72530834:3130514,variant=pre:playerprops:72530824:72020,variant=pre:playerprops:72530824:352448,variant=pre:playerprops:72530824:611880,variant=pre:playerprops:72530824:935324,variant=pre:playerprops:72530824:937890,variant=pre:playerprops:72530824:1380783,variant=pre:playerprops:72530824:1587514,variant=pre:playerprops:72530824:1658075,variant=pre:playerprops:72530824:1884840,variant=pre:playerprops:72530824:1948484,variant=pre:playerprops:72530824:1971153,variant=pre:playerprops:72530824:1987741,variant=pre:playerprops:72530824:2065213,variant=pre:playerprops:72530824:2079315,variant=pre:playerprops:72530824:2264881,variant=pre:playerprops:72530824:2269315,variant=pre:playerprops:72530824:2284063,variant=pre:playerprops:72530824:2418983,variant=pre:playerprops:72530824:2645735,variant=pre:playerprops:72530824:2667773,variant=pre:playerprops:72530824:2760507,variant=pre:playerprops:72530828:314380,variant=pre:playerprops:72530828:819464,variant=pre:playerprops:72530828:935554,variant=pre:playerprops:72530828:1115749,variant=pre:playerprops:72530828:1646312,variant=pre:playerprops:72530828:1886668,variant=pre:playerprops:72530828:1939860,variant=pre:playerprops:72530828:2044995,variant=pre:playerprops:72530828:2045067,variant=pre:playerprops:72530828:2094712,variant=pre:playerprops:72530828:2202944,variant=pre:playerprops:72530828:2211412,variant=pre:playerprops:72530828:2239889,variant=pre:playerprops:72530828:2561227,variant=pre:playerprops:72530828:2711838,variant=pre:playerprops:72530828:3150466,variant=pre:playerprops:66886908:243109,variant=pre:playerprops:66886908:245159,variant=pre:playerprops:66886908:260077,variant=pre:playerprops:66886908:263477,variant=pre:playerprops:66886908:604274,variant=pre:playerprops:66886908:992077,variant=pre:playerprops:66886908:1051565,variant=pre:playerprops:66886908:1388007,variant=pre:playerprops:66886908:1603612,variant=pre:playerprops:66886908:1610136,variant=pre:playerprops:66886908:2098128,variant=pre:playerprops:66886908:2332875,variant=pre:playerprops:66886908:2484043,variant=pre:playerprops:66886908:2713952,variant=pre:playerprops:66886914:329303,variant=pre:playerprops:66886914:888224,variant=pre:playerprops:66886914:992685,variant=pre:playerprops:66886914:1017635,variant=pre:playerprops:66886914:1103955,variant=pre:playerprops:66886914:1121709,variant=pre:playerprops:66886914:1323032,variant=pre:playerprops:66886914:1417687,variant=pre:playerprops:66886914:1433767,variant=pre:playerprops:66886914:1621238,variant=pre:playerprops:66886914:1725670,variant=pre:playerprops:66886914:1834792,variant=pre:playerprops:66886914:2150446,variant=pre:playerprops:66886914:2258009,variant=pre:playerprops:66886914:2292261,variant=pre:playerprops:66886914:2329297,variant=pre:playerprops:66886914:2565573,variant=pre:playerprops:66886914:2773251,variant=pre:playerprops:66886904:124997,variant=pre:playerprops:66886904:128376,variant=pre:playerprops:66886904:152276,variant=pre:playerprops:66886904:285949,variant=pre:playerprops:66886904:331397,variant=pre:playerprops:66886904:339909,variant=pre:playerprops:66886904:345113,variant=pre:playerprops:66886904:862590,variant=pre:playerprops:66886904:1108379,variant=pre:playerprops:66886904:1110033,variant=pre:playerprops:66886904:1134383,variant=pre:playerprops:66886904:1407479,variant=pre:playerprops:66886904:1408017,variant=pre:playerprops:66886904:1713493,variant=pre:playerprops:66886904:1766257,variant=pre:playerprops:66886904:1832684,variant=pre:playerprops:66886904:1835610,variant=pre:playerprops:66886904:1839374,variant=pre:playerprops:66886904:2000059,variant=pre:playerprops:66886904:2090299,variant=pre:playerprops:66886904:2113372,variant=pre:playerprops:66886904:2332863,variant=pre:playerprops:66886904:2335991,variant=pre:playerprops:66886904:2609101,variant=pre:playerprops:66886904:2814093,variant=pre:playerprops:66886906:115182,variant=pre:playerprops:66886906:138833,variant=pre:playerprops:66886906:148155,variant=pre:playerprops:66886906:205508,variant=pre:playerprops:66886906:243181,variant=pre:playerprops:66886906:1040347,variant=pre:playerprops:66886906:1099078,variant=pre:playerprops:66886906:1701549,variant=pre:playerprops:66886906:1703581,variant=pre:playerprops:66886906:1748291,variant=pre:playerprops:66886906:1749999,variant=pre:playerprops:66886906:2157430,variant=pre:playerprops:66886906:2288683,variant=pre:playerprops:66886906:2292549,variant=pre:playerprops:66886906:2384475,variant=pre:playerprops:66886906:3048135,variant=pre:playerprops:66886902:273329,variant=pre:playerprops:66886902:992895,variant=pre:playerprops:66886902:1005437,variant=pre:playerprops:66886902:1401705,variant=pre:playerprops:66886902:1407483,variant=pre:playerprops:66886902:1417699,variant=pre:playerprops:66886902:1516765,variant=pre:playerprops:66886902:1582084,variant=pre:playerprops:66886902:1650269,variant=pre:playerprops:66886902:1696483,variant=pre:playerprops:66886902:1722974,variant=pre:playerprops:66886902:1743915,variant=pre:playerprops:66886898:84854,variant=pre:playerprops:66886898:116955,variant=pre:playerprops:66886898:124992,variant=pre:playerprops:66886898:132874,variant=pre:playerprops:66886898:311382,variant=pre:playerprops:66886898:311456,variant=pre:playerprops:66886898:333587,variant=pre:playerprops:66886898:590262,variant=pre:playerprops:66886898:590392,variant=pre:playerprops:66886898:826677,variant=pre:playerprops:66886898:838379,variant=pre:playerprops:66886898:904462,variant=pre:playerprops:66886898:916392,variant=pre:playerprops:66886898:928310,variant=pre:playerprops:66886898:1059985,variant=pre:playerprops:66886898:1266960,variant=pre:playerprops:66886898:1557183,variant=pre:playerprops:66886898:1859510,variant=pre:playerprops:66886898:2335187,variant=pre:playerprops:66886898:2564479,variant=pre:playerprops:66886898:2613555,variant=pre:playerprops:66886898:2762265"
Bookings - Over/Under,82,16,8,0.0543,0.9457,"total=0.5,total=1.5,total=2.5,total=3.5,total=4.5,total=5.5,total=6.5,total=7.5"
1st Half - Away Total Bookings,64,6,3,0.021,0.9733,"total=0.5,total=1.5,total=2.5"
1st Half - Home Total Bookings,64,6,3,0.0196,0.9702,"total=0.5,total=1.5,total=2.5"
Away Team Total Bookings,64,12,6,0.0148,0.9726,"total=0.5,total=1.5,total=2.5,total=3.5,total=4.5,total=5.5"
Bookings Handicap,63,14,7,0.0544,0.9456,"hcp=-1.5,hcp=-0.5,hcp=0.5,hcp=1.5,hcp=2.5,hcp=-2.5,hcp=3.5"
Home Team Total Bookings,63,12,6,0.0138,0.9745,"total=0.5,total=1.5,total=2.5,total=3.5,total=4.5,total=5.5"
Shots on Target 1X2,59,3,1,0.062,0.8451,
Away Team Shots Over/Under,57,26,13,0.2857,0.7143,"total=15.5,total=11.5,total=12.5,total=13.5,total=14.5,total=16.5,total=10.5,total=5.5,total=6.5,total=7.5,total=8.5,total=9.5,total=17.5"
Shots 1X2,57,3,1,0.0277,0.9095,
Home Team Shots Over/Under,56,28,14,0.3005,0.6995,"total=7.5,total=8.5,total=9.5,total=10.5,total=11.5,total=12.5,total=13.5,total=14.5,total=15.5,total=16.5,total=17.5,total=19.5,total=20.5,total=18.5"
Home Offsides Over/Under,42,10,5,0.0889,0.9111,"total=0.5,total=1.5,total=2.5,total=3.5,total=4.5"
Away Offsides Over/Under,41,12,6,0.0889,0.9111,"total=0.5,total=1.5,total=2.5,total=3.5,total=4.5,total=5.5"
Away Team Fouls Over/Under,33,22,11,0.1667,0.8333,"total=8.5,total=9.5,total=10.5,total=11.5,total=12.5,total=13.5,total=14.5,total=15.5,total=16.5,total=17.5,total=18.5"
Home Team Fouls Over/Under,33,22,11,0.2168,0.7832,"total=10.5,total=11.5,total=12.5,total=13.5,total=14.5,total=15.5,total=6.5,total=7.5,total=8.5,total=9.5,total=16.5"
Any Team To Win From Behind,22,2,1,0.0974,0.9026,
1st Half - Away Sending Off,18,2,1,0.0123,0.9877,
1st Half - Home Team Sending Off,18,2,1,0.0123,0.9877,
1st Half - Sending Off,18,2,1,0.0217,0.9783,
Offsides Over/Under,16,14,7,0.1373,0.8628,"total=1.5,total=2.5,total=3.5,total=4.5,total=5.5,total=6.5,total=7.5"
1X2 Offsides,15,3,1,0.1329,0.6736,
Fouls Over/Under,15,36,18,0.2604,0.7396,"total=19.5,total=20.5,total=21.5,total=22.5,total=23.5,total=24.5,total=25.5,total=26.5,total=27.5,total=15.5,total=16.5,total=17.5,total=18.5,total=28.5,total=29.5,total=30.5,total=31.5,total=32.5"
Fouls 1X2,14,3,1,0.0403,0.8848,
Away Team Sending Off,11,2,1,0.0461,0.9539,
Home Team Sending Off,11,2,1,0.0436,0.9564,
Sending Off,11,2,1,0.0873,0.9127,
1st Half Substitutions O/U,8,2,1,0.1707,0.8293,total=0.5
Goal Scored by a Substitution,8,2,1,0.3263,0.6727,
1X2 Posts and Crossbars,7,3,1,0.0918,0.6624,
1st H Away Shots on Target O/U,7,6,3,0.1094,0.8906,"total=1.5,total=2.5,total=0.5"
1st H Home Shots on Target O/U,7,8,4,0.2235,0.7765,"total=0.5,total=1.5,total=2.5,total=3.5"
1st Half Away Offsides O/U,7,6,3,0.1009,0.8991,"total=0.5,total=1.5,total=2.5"
1st Half Away Team Fouls Total,7,8,4,0.3609,0.6391,"total=4.5,total=5.5,total=6.5,total=7.5"
1st Half Away Team Shots O/U,7,10,5,0.3687,0.6313,"total=5.5,total=6.5,total=3.5,total=7.5,total=4.5"
1st Half Away Throw-Ins Total,7,8,4,0.3747,0.6253,"total=7.5,total=8.5,total=9.5,total=10.5"
1st Half Fouls 1X2,7,3,1,0.1246,0.5648,
1st Half Fouls Over/Under,7,14,7,0.343,0.6569,"total=9.5,total=10.5,total=11.5,total=12.5,total=7.5,total=8.5,total=13.5"
1st Half Goal Kicks 1X2,7,3,1,0.1177,0.6043,
1st Half Goal Kicks Over/Under,7,10,5,0.323,0.677,"total=5.5,total=6.5,total=7.5,total=8.5,total=9.5"
1st Half Home Offsides O/U,7,6,3,0.1134,0.8879,"total=0.5,total=1.5,total=2.5"
1st Half Home Team Fouls Total,7,8,4,0.3373,0.6627,"total=5.5,total=6.5,total=3.5,total=4.5"
1st Half Home Team Shots O/U,7,8,4,0.3671,0.6329,"total=4.5,total=5.5,total=6.5,total=7.5"
1st Half Home Throw-Ins Total,7,8,4,0.3747,0.6253,"total=8.5,total=9.5,total=6.5,total=7.5"
1st Half Offsides Over/Under,7,8,4,0.1409,0.8591,"total=1.5,total=2.5,total=3.5,total=0.5"
1st Half Posts and Crossbars 1X2,7,3,1,0.0563,0.8102,
1st Half Posts and Crossbars O/U,7,2,1,0.1887,0.8113,total=0.5
1st Half Shots 1X2,7,3,1,0.0801,0.8007,
1st Half Shots On Target 1X2,7,3,1,0.1359,0.7038,
1st Half Shots On Target Total,7,6,3,0.2986,0.7014,"total=2.5,total=3.5,total=4.5"
1st Half Shots Over/Under,7,10,5,0.4465,0.5535,"total=9.5,total=10.5,total=11.5,total=12.5,total=8.5"
1st Half Throw-Ins 1X2,7,3,1,0.0904,0.548,
1st Half Throw-Ins Over/Under,7,14,7,0.3782,0.6218,"total=16.5,total=17.5,total=18.5,total=19.5,total=13.5,total=14.5,total=15.5"
Asian Handicap Offsides,7,14,7,0.1085,0.8915,"hcp=-2.5,hcp=-1.5,hcp=1.5,hcp=2.5,hcp=-3.5,hcp=3.5,hcp=4.5"
Away Posts and Crossbars O/U,7,2,1,0.1537,0.8463,total=0.5
Away Team Goal Kicks Over/Under,7,16,8,0.1731,0.8269,"total=4.5,total=5.5,total=6.5,total=7.5,total=8.5,total=9.5,total=10.5,total=11.5"
Away Team Tackles Over/Under,7,12,6,0.4642,0.5358,"total=13.5,total=14.5,total=15.5,total=17.5,total=18.5,total=16.5"
Away Team Throw-Ins Over/Under,7,16,8,0.3844,0.6156,"total=15.5,total=16.5,total=17.5,total=18.5,total=13.5,total=14.5,total=19.5,total=20.5"
First Half Offsides 1X2,7,3,1,0.1483,0.5264,
Goal Kicks 1x2,7,3,1,0.1011,0.7105,
Goal Kicks Over/Under,7,24,12,0.1399,0.8601,"total=11.5,total=12.5,total=13.5,total=14.5,total=15.5,total=16.5,total=17.5,total=18.5,total=19.5,total=20.5,total=10.5,total=9.5"
Home Posts and Crossbars O/U,7,2,1,0.1744,0.8256,total=0.5
Home Team Goal Kicks Over/Under,7,18,9,0.1642,0.8358,"total=5.5,total=6.5,total=7.5,total=8.5,total=9.5,total=10.5,total=2.5,total=3.5,total=4.5"
Home Team Tackles Over/Under,7,8,4,0.4562,0.5438,"total=14.5,total=15.5,total=16.5,total=17.5"
Home Team Throw-Ins Over/Under,7,16,8,0.3927,0.6073,"total=16.5,total=17.5,total=18.5,total=19.5,total=12.5,total=13.5,total=14.5,total=15.5"
Tackles Over/Under,7,14,7,0.4291,0.5709,"total=29.5,total=30.5,total=31.5,total=28.5,total=32.5,total=33.5,total=34.5"
Throw-Ins 1X2,7,3,1,0.0721,0.5841,
Throw-Ins Over/Under,7,32,16,0.3039,0.6961,"total=30.5,total=31.5,total=32.5,total=33.5,total=34.5,total=35.5,total=36.5,total=37.5,total=38.5,total=39.5,total=25.5,total=26.5,total=27.5,total=28.5,total=29.5,total=40.5"
Posts and Crossbars O/U,6,2,1,0.3531,0.6469,total=0.5
Saves Over/Under,6,14,7,0.1338,0.8662,"total=2.5,total=3.5,total=4.5,total=5.5,total=6.5,total=7.5,total=8.5"
1st Half Away Goal Kicks Total,5,4,2,0.4531,0.5469,"total=2.5,total=3.5"
1st Half Saves Over/Under,5,6,3,0.2633,0.7367,"total=1.5,total=2.5,total=3.5"
Substitutions – Over/Under,5,4,2,0.382,0.6174,"total=8.5,total=9.5"
1st Half Home Goal Kicks Total,3,4,2,0.4624,0.5376,"total=3.5,total=2.5"
1st Half Away Saves Over/Under,2,4,2,0.376,0.624,"total=0.5,total=1.5"
1st Half Home Saves Over/Under,2,2,1,0.3779,0.6221,total=1.5
1st Half Saves 1X2,2,3,1,0.1923,0.474,
Away Team Saves Over/Under,2,6,3,0.26,0.74,"total=1.5,total=2.5,total=3.5"
Home Team Saves Over/Under,2,8,4,0.26,0.74,"total=2.5,total=3.5,total=4.5,total=1.5"
Saves 1X2,2,3,1,0.1723,0.5534,
1st Half Away Team Exact Corners,1,6,1,0.0373,0.3602,
1st Half Home Team Exact Corners,1,6,1,0.0112,0.394,
Which Team Will Win The Final,1,2,1,0.4183,0.5817,
Who Will Win The 3rd Place Final,1,2,1,0.3541,0.6459,
