event_id,home_team,away_team,match,tournament,kickoff,target,pick,model_prob_%,implied_prob_%,edge_%,decimal_odds,model_auc,has_odds_match,hit_rate_%
sr:match:72055150,Atlas FC,Atlante FC,Atlas FC vs Atlante FC,Liga MX,2026-09-06 04:00,target__away_clean_sheet,Away Clean Sheet,27.8,24.4,3.4,4.1,0.6508,True,23.0
sr:match:74231214,Broadmeadow Magic FC,Maitland FC,Broadmeadow Magic FC vs Maitland FC,Northern NSW NPL,2026-09-06 06:00,target__away_clean_sheet,Away Clean Sheet,21.8,18.5,3.3,5.4,0.6508,True,23.0
sr:match:74201978,Sunshine Coast Wanderers,Ipswich FC,Sunshine Coast Wanderers vs Ipswich FC,U23 Queensland Premier League 1,2026-09-06 07:00,target__away_clean_sheet,Away Clean Sheet,29.1,25.0,4.1,4.0,0.6508,True,23.0
sr:match:72559038,RC Deportivo Fabril,CP Cacereno SAD,RC Deportivo Fabril vs CP Cacereno SAD,Primera Federacion,2026-09-06 11:00,target__away_clean_sheet,Away Clean Sheet,47.3,39.2,8.1,2.55,0.6508,True,23.0
sr:match:72334308,FC Orenburg,FK Akron Tolyatti,FC Orenburg vs FK Akron Tolyatti,Premier League,2026-09-06 12:00,target__away_clean_sheet,Away Clean Sheet,31.4,20.8,10.6,4.8,0.6508,True,23.0
sr:match:68995374,Yunnan Yukun,Liaoning Tieren FC,Yunnan Yukun vs Liaoning Tieren FC,Chinese Super League,2026-09-06 12:35,target__away_clean_sheet,Away Clean Sheet,21.8,15.9,5.9,6.3,0.6508,True,23.0
sr:match:72387970,FC Petrolul Ploiesti,FC Corvinul Hunedoara 1921,FC Petrolul Ploiesti vs FC Corvinul Hunedoara 1921,Superliga,2026-09-06 13:00,target__away_clean_sheet,Away Clean Sheet,47.3,34.5,12.8,2.9,0.6508,True,23.0
sr:match:72685776,HPS,HJK Helsinki,HPS vs HJK Helsinki,"Suomen Cup, Women",2026-09-06 13:00,target__away_clean_sheet,Away Clean Sheet,47.3,38.5,8.8,2.6,0.6508,True,23.0
sr:match:72041118,SC Telstar,SC Cambuur,SC Telstar vs SC Cambuur,Eredivisie,2026-09-06 13:30,target__away_clean_sheet,Away Clean Sheet,21.8,15.2,6.6,6.6,0.6508,True,23.0
sr:match:73092902,Juve Stabia,SC Pisa,Juve Stabia vs SC Pisa,Serie B,2026-09-06 14:00,target__away_clean_sheet,Away Clean Sheet,47.3,36.4,10.9,2.75,0.6508,True,23.0
sr:match:72607952,FK Jablonec,FC Slovan Liberec,FK Jablonec vs FC Slovan Liberec,1. Liga,2026-09-06 14:00,target__away_clean_sheet,Away Clean Sheet,38.5,33.3,5.1,3.0,0.6508,True,23.0
sr:match:73945164,FC BKMA Yerevan,FC Urartu Yerevan,FC BKMA Yerevan vs FC Urartu Yerevan,Premier League,2026-09-06 14:00,target__away_clean_sheet,Away Clean Sheet,47.3,40.8,6.5,2.45,0.6508,True,23.0
sr:match:71925006,Odense Boldklub,Copenhagen,Odense Boldklub vs Copenhagen,Superliga,2026-09-06 15:00,target__away_clean_sheet,Away Clean Sheet,38.5,33.3,5.1,3.0,0.6508,True,23.0
sr:match:67915826,Lorenskog IF,IK Junkeren,Lorenskog IF vs IK Junkeren,2nd Division Group 2,2026-09-06 15:00,target__away_clean_sheet,Away Clean Sheet,21.8,18.5,3.3,5.4,0.6508,True,23.0
sr:match:67993696,HB Torshavn II,B71 Sandoy,HB Torshavn II vs B71 Sandoy,1st deild,2026-09-06 15:00,target__away_clean_sheet,Away Clean Sheet,47.3,42.6,4.7,2.35,0.6508,True,23.0
sr:match:72478542,Valencia,Barcelona,Valencia vs Barcelona,LaLiga,2026-09-06 15:15,target__away_clean_sheet,Away Clean Sheet,47.3,43.5,3.8,2.3,0.6508,True,23.0
sr:match:67126750,IF Brommapojkarna,IF Elfsborg,IF Brommapojkarna vs IF Elfsborg,Allsvenskan,2026-09-06 15:30,target__away_clean_sheet,Away Clean Sheet,38.5,33.3,5.1,3.0,0.6508,True,23.0
sr:match:72176932,FC Sion,FC Thun,FC Sion vs FC Thun,Super League,2026-09-06 15:30,target__away_clean_sheet,Away Clean Sheet,21.8,17.2,4.6,5.8,0.6508,True,23.0
sr:match:73287454,SC/ESV Parndorf 1919,Wolfsberger AC,SC/ESV Parndorf 1919 vs Wolfsberger AC,OFB Cup,2026-09-06 16:00,target__away_clean_sheet,Away Clean Sheet,47.3,40.8,6.5,2.45,0.6508,True,23.0
sr:match:72415524,SK Sokol Brozany,MFK Chrudim,SK Sokol Brozany vs MFK Chrudim,CFL,2026-09-06 16:00,target__away_clean_sheet,Away Clean Sheet,31.4,27.8,3.7,3.6,0.6508,True,23.0
sr:match:72036146,Angers,Rennes,Angers vs Rennes,Ligue 1,2026-09-06 16:15,target__away_clean_sheet,Away Clean Sheet,38.5,33.9,4.6,2.95,0.6508,True,23.0
sr:match:71925008,Broendby IF,Randers FC,Broendby IF vs Randers FC,Superliga,2026-09-06 17:00,target__away_clean_sheet,Away Clean Sheet,21.8,16.9,4.8,5.9,0.6508,True,23.0
sr:match:72477364,CD Castellon,Albacete Balompie,CD Castellon vs Albacete Balompie,LALIGA HYPERMOTION,2026-09-06 17:30,target__away_clean_sheet,Away Clean Sheet,21.8,18.2,3.6,5.5,0.6508,True,23.0
sr:match:72491300,Cdef Logrono,Athletic Bilbao,Cdef Logrono vs Athletic Bilbao,Primera Division Women,2026-09-06 17:30,target__away_clean_sheet,Away Clean Sheet,47.3,37.0,10.2,2.7,0.6508,True,23.0
sr:match:73184894,AD Sarchi,AD Rosario,AD Sarchi vs AD Rosario,Liga de Ascenso,2026-09-06 18:00,target__away_clean_sheet,Away Clean Sheet,21.8,16.9,4.8,5.9,0.6508,True,23.0
sr:match:74244300,Floresta EC CE,Maringa FC PR,Floresta EC CE vs Maringa FC PR,Brasileiro Serie C,2026-09-06 20:00,target__away_clean_sheet,Away Clean Sheet,47.3,42.6,4.7,2.35,0.6508,True,23.0
sr:match:73998838,CA Guemes,Gimnasia Y Tiro de Salta,CA Guemes vs Gimnasia Y Tiro de Salta,Primera Nacional,2026-09-06 21:00,target__away_clean_sheet,Away Clean Sheet,47.3,42.6,4.7,2.35,0.6508,True,23.0
sr:match:73204560,Queretaro FC,Cruz Azul,Queretaro FC vs Cruz Azul,"Liga MX, Women",2026-09-06 23:00,target__away_clean_sheet,Away Clean Sheet,47.3,39.2,8.1,2.55,0.6508,True,23.0
sr:match:66299488,Vancouver Whitecaps FC,Saint Louis City SC,Vancouver Whitecaps FC vs Saint Louis City SC,MLS,2026-09-06 03:30,target__away_win,Away Win,29.5,15.6,14.0,6.43,0.7237,True,32.7
sr:match:67172222,Av Alta FC,One Knoxville SC,Av Alta FC vs One Knoxville SC,USL League One,2026-09-06 03:30,target__away_win,Away Win,50.0,46.5,3.5,2.15,0.7237,True,32.7
sr:match:74298814,Sydney United 58 FC,Manly United FC,Sydney United 58 FC vs Manly United FC,NSW NPL 1,2026-09-06 05:00,target__away_win,Away Win,23.6,19.0,4.5,5.25,0.7237,True,32.7
sr:match:111111113657779,Taroona,Launceston United,Taroona vs Launceston United,"Tasmania Super League, Women",2026-09-06 05:30,target__away_win,Away Win,56.2,46.5,9.7,2.15,0.7237,True,32.7
sr:match:74298816,APIA Leichhardt,NWS Spirit,APIA Leichhardt vs NWS Spirit,NSW NPL 1,2026-09-06 07:00,target__away_win,Away Win,23.6,19.6,4.0,5.1,0.7237,True,32.7
sr:match:72149708,Fagiano Okayama,Sanfrecce Hiroshima,Fagiano Okayama vs Sanfrecce Hiroshima,J1 League,2026-09-06 10:00,target__away_win,Away Win,56.2,50.8,5.4,1.97,0.7237,True,32.7
sr:match:72149702,Nagoya Grampus,Machida Zelvia,Nagoya Grampus vs Machida Zelvia,J1 League,2026-09-06 10:00,target__away_win,Away Win,50.0,44.2,5.8,2.26,0.7237,True,32.7
sr:match:73323798,Csm Satu Mare,Stinta Poli Timisoara,Csm Satu Mare vs Stinta Poli Timisoara,Liga 2,2026-09-06 10:30,target__away_win,Away Win,74.3,65.8,8.5,1.52,0.7237,True,32.7
sr:match:72149698,Kashiwa Reysol,Yokohama F Marinos,Kashiwa Reysol vs Yokohama F Marinos,J1 League,2026-09-06 11:00,target__away_win,Away Win,23.6,19.5,4.1,5.13,0.7237,True,32.7
sr:match:67817854,FC Anyang,Gangwon FC,FC Anyang vs Gangwon FC,K-League 1,2026-09-06 11:00,target__away_win,Away Win,50.0,45.5,4.5,2.2,0.7237,True,32.7
sr:match:68046730,Suwon Bluewings,Chungnam Asan FC,Suwon Bluewings vs Chungnam Asan FC,K-League 2,2026-09-06 11:00,target__away_win,Away Win,24.1,20.0,4.1,5.0,0.7237,True,32.7
sr:match:72398656,Slask II Wroclaw,Olimpia Grudziadz,Slask II Wroclaw vs Olimpia Grudziadz,II Liga,2026-09-06 11:00,target__away_win,Away Win,56.2,50.8,5.4,1.97,0.7237,True,32.7
sr:match:72467450,Feyenoord Rotterdam,PSV Eindhoven,Feyenoord Rotterdam vs PSV Eindhoven,"Eredivisie, Women",2026-09-06 11:15,target__away_win,Away Win,74.3,62.5,11.8,1.6,0.7237,True,32.7
sr:match:72149700,FC Tokyo,Kyoto Sanga FC,FC Tokyo vs Kyoto Sanga FC,J1 League,2026-09-06 11:30,target__away_win,Away Win,23.6,19.0,4.6,5.26,0.7237,True,32.7
sr:match:73976138,Juventus Turin W,AC Milan,Juventus Turin W vs AC Milan,"Serie A Cup, Women",2026-09-06 11:30,target__away_win,Away Win,23.6,20.0,3.6,5.0,0.7237,True,32.7
sr:match:68344820,Staffenstorp United,FK Karlskrona,Staffenstorp United vs FK Karlskrona,Division 2,2026-09-06 12:00,target__away_win,Away Win,74.3,66.7,7.7,1.5,0.7237,True,32.7
sr:match:72513848,Greuther Furth,Heidenheim,Greuther Furth vs Heidenheim,2. Bundesliga,2026-09-06 12:30,target__away_win,Away Win,56.2,43.5,12.7,2.3,0.7237,True,32.7
sr:match:73549434,Lion City Sailors FC,BG Tampines Rovers,Lion City Sailors FC vs BG Tampines Rovers,Community Shield,2026-09-06 12:30,target__away_win,Away Win,24.1,20.0,4.1,5.0,0.7237,True,32.7
sr:match:68995374,Yunnan Yukun,Liaoning Tieren FC,Yunnan Yukun vs Liaoning Tieren FC,Chinese Super League,2026-09-06 12:35,target__away_win,Away Win,30.6,25.0,5.6,4.0,0.7237,True,32.7
sr:match:72685776,HPS,HJK Helsinki,HPS vs HJK Helsinki,"Suomen Cup, Women",2026-09-06 13:00,target__away_win,Away Win,74.3,68.5,5.8,1.46,0.7237,True,32.7
sr:match:72398646,MKS Znicz Pruszkow,KS Hutnik Krakow SSA,MKS Znicz Pruszkow vs KS Hutnik Krakow SSA,II Liga,2026-09-06 13:30,target__away_win,Away Win,37.9,30.3,7.6,3.3,0.7237,True,32.7
sr:match:71945232,Frosinone,Venezia FC,Frosinone vs Venezia FC,Serie A,2026-09-06 14:00,target__away_win,Away Win,50.0,37.7,12.3,2.65,0.7237,True,32.7
sr:match:73092900,Virtus Entella,L.R. Vicenza,Virtus Entella vs L.R. Vicenza,Serie B,2026-09-06 14:00,target__away_win,Away Win,30.6,27.0,3.6,3.7,0.7237,True,32.7
sr:match:67915818,Ullensaker/Kisa,Levanger FK,Ullensaker/Kisa vs Levanger FK,2nd Division Group 2,2026-09-06 14:00,target__away_win,Away Win,82.5,70.9,11.6,1.41,0.7237,True,32.7
sr:match:71901870,FK Transinvest,FK Suduva Marijampole,FK Transinvest vs FK Suduva Marijampole,TOPLYGA,2026-09-06 14:00,target__away_win,Away Win,50.0,45.5,4.5,2.2,0.7237,True,32.7
sr:match:74078144,FC Vaajakoski,JS Hercules,FC Vaajakoski vs JS Hercules,Kakkonen,2026-09-06 14:00,target__away_win,Away Win,29.5,22.7,6.8,4.4,0.7237,True,32.7
sr:match:74077998,Union Plaani,Puistolan Urheilijat,Union Plaani vs Puistolan Urheilijat,Kakkonen,2026-09-06 14:00,target__away_win,Away Win,42.4,39.2,3.2,2.55,0.7237,True,32.7
sr:match:73345992,Charlton Athletic,Liverpool LFC,Charlton Athletic vs Liverpool LFC,Super League Women,2026-09-06 14:00,target__away_win,Away Win,74.3,59.2,15.2,1.69,0.7237,True,32.7
sr:match:72513176,Hamburger SV,Mainz,Hamburger SV vs Mainz,Bundesliga,2026-09-06 14:30,target__away_win,Away Win,50.0,39.4,10.6,2.54,0.7237,True,32.7
sr:match:72302606,Zalaegerszeg TE,Puskas Akademia FC Felcsut,Zalaegerszeg TE vs Puskas Akademia FC Felcsut,NB I,2026-09-06 14:30,target__away_win,Away Win,50.0,40.8,9.2,2.45,0.7237,True,32.7
sr:match:72201626,Heart of Midlothian FC,Dundee FC,Heart of Midlothian FC vs Dundee FC,Premiership,2026-09-06 15:00,target__away_win,Away Win,24.1,16.8,7.2,5.94,0.7237,True,32.7
sr:match:72201630,St. Johnstone FC,Hibernian FC,St. Johnstone FC vs Hibernian FC,Premiership,2026-09-06 15:00,target__away_win,Away Win,42.4,38.9,3.5,2.57,0.7237,True,32.7
sr:match:72203032,KV Kortrijk,SV Zulte Waregem,KV Kortrijk vs SV Zulte Waregem,Pro League,2026-09-06 15:00,target__away_win,Away Win,50.0,45.7,4.3,2.19,0.7237,True,32.7
sr:match:67915826,Lorenskog IF,IK Junkeren,Lorenskog IF vs IK Junkeren,2nd Division Group 2,2026-09-06 15:00,target__away_win,Away Win,29.5,25.6,3.9,3.9,0.7237,True,32.7
sr:match:68194818,Thor Akureyri,FH Hafnarfjordur,Thor Akureyri vs FH Hafnarfjordur,Besta deild,2026-09-06 15:00,target__away_win,Away Win,56.4,47.6,8.8,2.1,0.7237,True,32.7
sr:match:68194824,Vikingur Reykjavik,Fram Reykjavik,Vikingur Reykjavik vs Fram Reykjavik,Besta deild,2026-09-06 15:00,target__away_win,Away Win,23.6,19.6,4.0,5.1,0.7237,True,32.7
sr:match:72837134,Arnavutkoy Belediyesi Genclik Ve Spor,Aliaga Futbol,Arnavutkoy Belediyesi Genclik Ve Spor vs Aliaga Futbol,2. Lig,2026-09-06 15:00,target__away_win,Away Win,74.3,64.1,10.2,1.56,0.7237,True,32.7
sr:match:72963744,F91 Dudelange,Racing Union Luxembourg,F91 Dudelange vs Racing Union Luxembourg,Division Nationale,2026-09-06 15:00,target__away_win,Away Win,42.4,33.3,9.1,3.0,0.7237,True,32.7
sr:match:72963740,FC Progres Niederkorn,US Rumelange,FC Progres Niederkorn vs US Rumelange,Division Nationale,2026-09-06 15:00,target__away_win,Away Win,23.6,20.4,3.2,4.9,0.7237,True,32.7
sr:match:69343096,Tobol Kostanay,Ulytau FC,Tobol Kostanay vs Ulytau FC,Premier League,2026-09-06 15:00,target__away_win,Away Win,29.5,25.0,4.5,4.0,0.7237,True,32.7
sr:match:73409244,Turan Tovuz,Sumgayit FK,Turan Tovuz vs Sumgayit FK,Premier League,2026-09-06 15:00,target__away_win,Away Win,23.6,20.0,3.6,5.0,0.7237,True,32.7
sr:match:72044624,MVV Maastricht,Roda JC Kerkrade,MVV Maastricht vs Roda JC Kerkrade,Eerste Divisie,2026-09-06 15:45,target__away_win,Away Win,50.0,46.5,3.5,2.15,0.7237,True,32.7
sr:match:72467452,PEC Zwolle,ADO Den Haag,PEC Zwolle vs ADO Den Haag,"Eredivisie, Women",2026-09-06 15:45,target__away_win,Away Win,23.6,20.0,3.6,5.0,0.7237,True,32.7
sr:match:72042250,FK Kosice,MFk Dukla Banska Bystrica,FK Kosice vs MFk Dukla Banska Bystrica,Superliga,2026-09-06 16:00,target__away_win,Away Win,29.5,21.3,8.2,4.7,0.7237,True,32.7
sr:match:72517214,AKS 1947 Busko Zdroj,Wislanie Skawina,AKS 1947 Busko Zdroj vs Wislanie Skawina,"III Liga, Group 4",2026-09-06 16:00,target__away_win,Away Win,74.3,64.1,10.2,1.56,0.7237,True,32.7
sr:match:72517220,KS Wisloka Debica,MKS Podlasie Biala Podlaska,KS Wisloka Debica vs MKS Podlasie Biala Podlaska,"III Liga, Group 4",2026-09-06 16:00,target__away_win,Away Win,50.0,39.2,10.8,2.55,0.7237,True,32.7
sr:match:73334374,Hearts of Oak,Berekum Chelsea,Hearts of Oak vs Berekum Chelsea,Premier League,2026-09-06 16:00,target__away_win,Away Win,23.6,19.6,4.0,5.1,0.7237,True,32.7
sr:match:72036146,Angers,Rennes,Angers vs Rennes,Ligue 1,2026-09-06 16:15,target__away_win,Away Win,56.2,51.3,4.9,1.95,0.7237,True,32.7
sr:match:72221232,Arsenal,Chelsea,Arsenal vs Chelsea,Premier League,2026-09-06 16:30,target__away_win,Away Win,24.1,20.2,3.9,4.95,0.7237,True,32.7
sr:match:67916100,Bjarg,Arendal FK,Bjarg vs Arendal FK,2nd Division Group 1,2026-09-06 16:30,target__away_win,Away Win,29.5,25.0,4.5,4.0,0.7237,True,32.7
sr:match:73954152,Al-Salmiya SC,Al Sahel,Al-Salmiya SC vs Al Sahel,Premier League,2026-09-06 16:35,target__away_win,Away Win,23.9,20.4,3.5,4.9,0.7237,True,32.7
sr:match:71925008,Broendby IF,Randers FC,Broendby IF vs Randers FC,Superliga,2026-09-06 17:00,target__away_win,Away Win,23.6,17.9,5.7,5.6,0.7237,True,32.7
sr:match:73160364,Nea Salamina Famagusta,AEK Larnaca,Nea Salamina Famagusta vs AEK Larnaca,1st Division,2026-09-06 17:00,target__away_win,Away Win,66.7,62.9,3.8,1.59,0.7237,True,32.7
sr:match:72498230,Birkirkara FC,Sliema Wanderers,Birkirkara FC vs Sliema Wanderers,Premier League,2026-09-06 17:00,target__away_win,Away Win,42.4,39.2,3.2,2.55,0.7237,True,32.7
sr:match:72466496,FC Yantra Gabrovo,Marek Dupnica,FC Yantra Gabrovo vs Marek Dupnica,Vtora Liga,2026-09-06 17:00,target__away_win,Away Win,24.1,21.1,3.0,4.75,0.7237,True,32.7
sr:match:73068004,Real Murcia CF,CD Teruel,Real Murcia CF vs CD Teruel,Primera Federacion,2026-09-06 17:15,target__away_win,Away Win,23.6,19.6,4.0,5.1,0.7237,True,32.7
sr:match:72477364,CD Castellon,Albacete Balompie,CD Castellon vs Albacete Balompie,LALIGA HYPERMOTION,2026-09-06 17:30,target__away_win,Away Win,24.1,17.9,6.2,5.6,0.7237,True,32.7
sr:match:72203034,RSC Anderlecht,Genk,RSC Anderlecht vs Genk,Pro League,2026-09-06 17:30,target__away_win,Away Win,42.4,35.2,7.2,2.84,0.7237,True,32.7
sr:match:72723178,Trabzonspor,Genclerbirligi SK,Trabzonspor vs Genclerbirligi SK,Super Lig,2026-09-06 18:00,target__away_win,Away Win,24.1,17.4,6.7,5.74,0.7237,True,32.7
sr:match:72042244,MFK Ruzomberok,Spartak Trnava,MFK Ruzomberok vs Spartak Trnava,Superliga,2026-09-06 18:00,target__away_win,Away Win,63.3,53.5,9.8,1.87,0.7237,True,32.7
sr:match:73184894,AD Sarchi,AD Rosario,AD Sarchi vs AD Rosario,Liga de Ascenso,2026-09-06 18:00,target__away_win,Away Win,29.5,25.6,3.9,3.9,0.7237,True,32.7
sr:match:72302126,Royal Francs Borains,KSC Lokeren Temse,Royal Francs Borains vs KSC Lokeren Temse,Challenger Pro League,2026-09-06 18:15,target__away_win,Away Win,42.4,39.2,3.2,2.55,0.7237,True,32.7
sr:match:74099604,Passo Fundo,SERC Brasil de Farroupilha RS,Passo Fundo vs SERC Brasil de Farroupilha RS,"Gaucho, Serie A2",2026-09-06 19:00,target__away_win,Away Win,23.6,18.2,5.4,5.5,0.7237,True,32.7
sr:match:67912282,Denver Summit FC,Gotham FC,Denver Summit FC vs Gotham FC,National Womens Soccer League,2026-09-06 19:00,target__away_win,Away Win,50.0,44.4,5.6,2.25,0.7237,True,32.7
sr:match:71998182,FC Lokomotiv 1929 Sofia,Ludogorets,FC Lokomotiv 1929 Sofia vs Ludogorets,Parva Liga,2026-09-06 19:15,target__away_win,Away Win,74.3,64.9,9.4,1.54,0.7237,True,32.7
sr:match:66886996,Clube do Remo PA,CR Flamengo RJ,Clube do Remo PA vs CR Flamengo RJ,Brasileiro Serie A,2026-09-06 20:00,target__away_win,Away Win,74.3,67.1,7.2,1.49,0.7237,True,32.7
sr:match:73293118,AS Cittadella,AC Lumezzane,AS Cittadella vs AC Lumezzane,"Serie C, Group A",2026-09-06 20:00,target__away_win,Away Win,24.1,21.1,3.0,4.75,0.7237,True,32.7
sr:match:74099684,Club Atletico Barinas,Yaracuyanos FC,Club Atletico Barinas vs Yaracuyanos FC,Segunda Division,2026-09-06 20:30,target__away_win,Away Win,56.2,46.5,9.7,2.15,0.7237,True,32.7
sr:match:67912286,Chicago Red Stars,North Carolina Courage,Chicago Red Stars vs North Carolina Courage,National Womens Soccer League,2026-09-06 21:00,target__away_win,Away Win,74.3,69.9,4.4,1.43,0.7237,True,32.7
sr:match:66886980,Botafogo FR RJ,SE Palmeiras SP,Botafogo FR RJ vs SE Palmeiras SP,Brasileiro Serie A,2026-09-06 22:30,target__away_win,Away Win,50.0,45.5,4.5,2.2,0.7237,True,32.7
sr:match:73038536,Sportivo Luqueno,Sportivo Ameliano,Sportivo Luqueno vs Sportivo Ameliano,Division de Honor,2026-09-06 22:30,target__away_win,Away Win,50.0,40.8,9.2,2.45,0.7237,True,32.7
sr:match:73265278,CA River Plate (ARG),Independiente Rivadavia,CA River Plate (ARG) vs Independiente Rivadavia,Primera LPF,2026-09-06 23:15,target__away_win,Away Win,23.6,19.6,4.0,5.1,0.7237,True,32.7
sr:match:67682018,CD Palestino,Universidad de Concepcion,CD Palestino vs Universidad de Concepcion,Primera Division,2026-09-06 23:30,target__away_win,Away Win,23.6,20.4,3.2,4.9,0.7237,True,32.7
sr:match:74298816,APIA Leichhardt,NWS Spirit,APIA Leichhardt vs NWS Spirit,NSW NPL 1,2026-09-06 07:00,target__btts_no,BTTS No,58.5,50.5,8.0,1.98,0.616,True,46.5
sr:match:73296438,Shatin,Golik North District,Shatin vs Golik North District,Premier League,2026-09-06 09:00,target__btts_no,BTTS No,50.2,45.5,4.7,2.2,0.616,True,46.5
sr:match:72149708,Fagiano Okayama,Sanfrecce Hiroshima,Fagiano Okayama vs Sanfrecce Hiroshima,J1 League,2026-09-06 10:00,target__btts_no,BTTS No,50.2,45.5,4.7,2.2,0.616,True,46.5
sr:match:72116150,Azul Claro Numazu,Briobecca Urayasu,Azul Claro Numazu vs Briobecca Urayasu,Japan Football League,2026-09-06 10:00,target__btts_no,BTTS No,62.7,59.2,3.5,1.69,0.616,True,46.5
sr:match:67817856,Gimcheon Sangmu FC,Gwangju FC,Gimcheon Sangmu FC vs Gwangju FC,K-League 1,2026-09-06 11:00,target__btts_no,BTTS No,58.5,55.2,3.2,1.81,0.616,True,46.5
sr:match:72409670,FC Dynamo Kyiv,LNZ Cherkasy,FC Dynamo Kyiv vs LNZ Cherkasy,Premier League,2026-09-06 11:00,target__btts_no,BTTS No,59.2,55.2,4.0,1.81,0.616,True,46.5
sr:match:68916444,Gangneung Citizen FC,Busan Transportation Corporation FC,Gangneung Citizen FC vs Busan Transportation Corporation FC,K3 League,2026-09-06 11:00,target__btts_no,BTTS No,62.7,54.1,8.7,1.85,0.616,True,46.5
sr:match:72559038,RC Deportivo Fabril,CP Cacereno SAD,RC Deportivo Fabril vs CP Cacereno SAD,Primera Federacion,2026-09-06 11:00,target__btts_no,BTTS No,66.6,61.0,5.6,1.64,0.616,True,46.5
sr:match:69502022,FK Tukums 2000/Tss II,Saldus SS/Leevon,FK Tukums 2000/Tss II vs Saldus SS/Leevon,1.Liga,2026-09-06 11:00,target__btts_no,BTTS No,50.2,40.0,10.2,2.5,0.616,True,46.5
sr:match:72398656,Slask II Wroclaw,Olimpia Grudziadz,Slask II Wroclaw vs Olimpia Grudziadz,II Liga,2026-09-06 11:00,target__btts_no,BTTS No,44.9,41.7,3.2,2.4,0.616,True,46.5
sr:match:72514690,Widzew Lodz II,Wisla Plock II,Widzew Lodz II vs Wisla Plock II,"III Liga, Group 1",2026-09-06 11:00,target__btts_no,BTTS No,50.2,41.7,8.5,2.4,0.616,True,46.5
sr:match:72491296,Atletico Madrid W,Deportivo Alaves,Atletico Madrid W vs Deportivo Alaves,Primera Division Women,2026-09-06 11:00,target__btts_no,BTTS No,58.5,50.0,8.5,2.0,0.616,True,46.5
sr:match:72499026,Thisted FC,Nykoebing FC,Thisted FC vs Nykoebing FC,2nd Division,2026-09-06 12:00,target__btts_no,BTTS No,50.2,45.5,4.7,2.2,0.616,True,46.5
sr:match:72942468,Ayutthaya United FC,Ratchaburi FC,Ayutthaya United FC vs Ratchaburi FC,Thai League 1,2026-09-06 12:00,target__btts_no,BTTS No,50.2,46.5,3.7,2.15,0.616,True,46.5
sr:match:72674236,Eintracht Norderstedt,VfB Lubeck,Eintracht Norderstedt vs VfB Lubeck,Regionalliga North,2026-09-06 13:00,target__btts_no,BTTS No,44.4,37.0,7.4,2.7,0.616,True,46.5
sr:match:72960992,VfL Wolfsburg W,Werder Bremen,VfL Wolfsburg W vs Werder Bremen,Women Bundesliga,2026-09-06 13:00,target__btts_no,BTTS No,50.2,46.5,3.7,2.15,0.616,True,46.5
sr:match:72685776,HPS,HJK Helsinki,HPS vs HJK Helsinki,"Suomen Cup, Women",2026-09-06 13:00,target__btts_no,BTTS No,50.2,45.5,4.7,2.2,0.616,True,46.5
sr:match:68311098,Piteaa IF,Karlbergs BK,Piteaa IF vs Karlbergs BK,Ettan,2026-09-06 14:00,target__btts_no,BTTS No,50.2,46.5,3.7,2.15,0.616,True,46.5
sr:match:68344824,IFK Trelleborg,Linero IF,IFK Trelleborg vs Linero IF,Division 2,2026-09-06 14:00,target__btts_no,BTTS No,50.2,40.8,9.4,2.45,0.616,True,46.5
sr:match:73346472,Sheffield United LFC,Leicester City WFC,Sheffield United LFC vs Leicester City WFC,"Super League 2, Women",2026-09-06 14:00,target__btts_no,BTTS No,50.2,46.5,3.7,2.15,0.616,True,46.5
sr:match:72302606,Zalaegerszeg TE,Puskas Akademia FC Felcsut,Zalaegerszeg TE vs Puskas Akademia FC Felcsut,NB I,2026-09-06 14:30,target__btts_no,BTTS No,50.2,44.4,5.7,2.25,0.616,True,46.5
sr:match:72890538,Etimesgut Belediyespor,Karsiyaka,Etimesgut Belediyespor vs Karsiyaka,3. Lig,2026-09-06 14:30,target__btts_no,BTTS No,59.2,53.5,5.7,1.87,0.616,True,46.5
sr:match:68320964,Viggbyholms IK FF,Falu BS FK,Viggbyholms IK FF vs Falu BS FK,Division 2,2026-09-06 15:00,target__btts_no,BTTS No,50.2,45.5,4.7,2.2,0.616,True,46.5
sr:match:67993696,HB Torshavn II,B71 Sandoy,HB Torshavn II vs B71 Sandoy,1st deild,2026-09-06 15:00,target__btts_no,BTTS No,50.2,46.5,3.7,2.15,0.616,True,46.5
sr:match:72449276,FH Hafnarfjordur,Thor/KA,FH Hafnarfjordur vs Thor/KA,"Besta deild, Women",2026-09-06 15:00,target__btts_no,BTTS No,50.2,42.6,7.6,2.35,0.616,True,46.5
sr:match:72478542,Valencia,Barcelona,Valencia vs Barcelona,LaLiga,2026-09-06 15:15,target__btts_no,BTTS No,66.2,46.5,19.7,2.15,0.616,True,46.5
sr:match:73287454,SC/ESV Parndorf 1919,Wolfsberger AC,SC/ESV Parndorf 1919 vs Wolfsberger AC,OFB Cup,2026-09-06 16:00,target__btts_no,BTTS No,50.2,45.5,4.7,2.2,0.616,True,46.5
sr:match:72415524,SK Sokol Brozany,MFK Chrudim,SK Sokol Brozany vs MFK Chrudim,CFL,2026-09-06 16:00,target__btts_no,BTTS No,50.2,43.5,6.7,2.3,0.616,True,46.5
sr:match:67682012,Deportes La Serena,Nublense,Deportes La Serena vs Nublense,Primera Division,2026-09-06 16:30,target__btts_no,BTTS No,59.2,50.5,8.7,1.98,0.616,True,46.5
sr:match:74077792,FF Jaro Akademia,VPS Akatemia,FF Jaro Akademia vs VPS Akatemia,Kakkonen,2026-09-06 16:30,target__btts_no,BTTS No,30.3,25.0,5.3,4.0,0.616,True,46.5
sr:match:71901872,FK Kauno Zalgiris,Dziugas,FK Kauno Zalgiris vs Dziugas,TOPLYGA,2026-09-06 16:45,target__btts_no,BTTS No,62.7,59.5,3.2,1.68,0.616,True,46.5
sr:match:67119726,CS Dock Sud,Club Comunicaciones,CS Dock Sud vs Club Comunicaciones,Primera B,2026-09-06 17:00,target__btts_no,BTTS No,66.2,61.0,5.2,1.64,0.616,True,46.5
sr:match:74123924,Central Espanol FC,Defensor Sporting,Central Espanol FC vs Defensor Sporting,Primera Division,2026-09-06 17:00,target__btts_no,BTTS No,66.5,59.9,6.6,1.67,0.616,True,46.5
sr:match:72491300,Cdef Logrono,Athletic Bilbao,Cdef Logrono vs Athletic Bilbao,Primera Division Women,2026-09-06 17:30,target__btts_no,BTTS No,62.7,51.3,11.4,1.95,0.616,True,46.5
sr:match:72960990,1. FC Nuremberg,VfB Stuttgart,1. FC Nuremberg vs VfB Stuttgart,Women Bundesliga,2026-09-06 17:30,target__btts_no,BTTS No,50.2,43.5,6.7,2.3,0.616,True,46.5
sr:match:73916398,Maxline Vitebsk,FC Dinamo Minsk,Maxline Vitebsk vs FC Dinamo Minsk,Vysshaya Liga,2026-09-06 18:00,target__btts_no,BTTS No,61.8,54.3,7.4,1.84,0.616,True,46.5
sr:match:72963742,AS La Jeunesse D Esch/Alzette,FC Wiltz 71,AS La Jeunesse D Esch/Alzette vs FC Wiltz 71,Division Nationale,2026-09-06 18:00,target__btts_no,BTTS No,50.2,46.5,3.7,2.15,0.616,True,46.5
sr:match:74124496,Audax Rio EC RJ,Artsul FC RJ,Audax Rio EC RJ vs Artsul FC RJ,"Carioca, Serie B1",2026-09-06 18:45,target__btts_no,BTTS No,66.2,60.2,6.0,1.66,0.616,True,46.5
sr:match:67125948,CA Atlas,CA General Lamadrid,CA Atlas vs CA General Lamadrid,Primera C,2026-09-06 19:00,target__btts_no,BTTS No,66.2,61.3,4.8,1.63,0.616,True,46.5
sr:match:74068596,APAFUT Caxias Do Sul RS,CE Aimore RS,APAFUT Caxias Do Sul RS vs CE Aimore RS,"Gaucho, Serie A2",2026-09-06 19:00,target__btts_no,BTTS No,66.7,61.3,5.3,1.63,0.616,True,46.5
sr:match:71936088,Deportivo Garcilaso,Atletico Grau,Deportivo Garcilaso vs Atletico Grau,Liga 1,2026-09-06 19:30,target__btts_no,BTTS No,62.7,58.5,4.2,1.71,0.616,True,46.5
sr:match:67118634,Club Almagro,Gimnasia y Esgrima de Jujuy,Club Almagro vs Gimnasia y Esgrima de Jujuy,Primera Nacional,2026-09-06 19:30,target__btts_no,BTTS No,66.2,60.2,6.0,1.66,0.616,True,46.5
sr:match:73293124,ACD Ospitaletto,FC Arzignano Valchiampo,ACD Ospitaletto vs FC Arzignano Valchiampo,"Serie C, Group A",2026-09-06 20:00,target__btts_no,BTTS No,66.2,61.0,5.2,1.64,0.616,True,46.5
sr:match:74244300,Floresta EC CE,Maringa FC PR,Floresta EC CE vs Maringa FC PR,Brasileiro Serie C,2026-09-06 20:00,target__btts_no,BTTS No,66.2,60.2,6.0,1.66,0.616,True,46.5
sr:match:74099684,Club Atletico Barinas,Yaracuyanos FC,Club Atletico Barinas vs Yaracuyanos FC,Segunda Division,2026-09-06 20:30,target__btts_no,BTTS No,59.2,48.8,10.4,2.05,0.616,True,46.5
sr:match:74123928,Liverpool Montevideo,CA Boston River,Liverpool Montevideo vs CA Boston River,Primera Division,2026-09-06 23:30,target__btts_no,BTTS No,59.2,55.2,4.0,1.81,0.616,True,46.5
sr:match:66299486,Portland Timbers,Minnesota United FC,Portland Timbers vs Minnesota United FC,MLS,2026-09-06 03:30,target__btts_yes,BTTS Yes,80.0,67.1,12.9,1.49,0.6112,True,53.5
sr:match:74256044,Belconnen United,Canberra Olympic,Belconnen United vs Canberra Olympic,"Capital NPL, Women",2026-09-06 07:00,target__btts_yes,BTTS Yes,49.0,44.4,4.5,2.25,0.6112,True,53.5
sr:match:72149696,JEF United Chiba,Gamba Osaka,JEF United Chiba vs Gamba Osaka,J1 League,2026-09-06 10:00,target__btts_yes,BTTS Yes,66.3,61.0,5.4,1.64,0.6112,True,53.5
sr:match:72149704,Cerezo Osaka,Tokyo Verdy,Cerezo Osaka vs Tokyo Verdy,J1 League,2026-09-06 11:00,target__btts_yes,BTTS Yes,60.1,50.5,9.6,1.98,0.6112,True,53.5
sr:match:72149698,Kashiwa Reysol,Yokohama F Marinos,Kashiwa Reysol vs Yokohama F Marinos,J1 League,2026-09-06 11:00,target__btts_yes,BTTS Yes,60.1,54.6,5.5,1.83,0.6112,True,53.5
sr:match:72149712,Kawasaki Frontale,Shimizu S-Pulse,Kawasaki Frontale vs Shimizu S-Pulse,J1 League,2026-09-06 11:00,target__btts_yes,BTTS Yes,66.3,62.5,3.8,1.6,0.6112,True,53.5
sr:match:72149706,Vissel Kobe,V-Varen Nagasaki,Vissel Kobe vs V-Varen Nagasaki,J1 League,2026-09-06 11:00,target__btts_yes,BTTS Yes,60.1,48.8,11.3,2.05,0.6112,True,53.5
sr:match:67817854,FC Anyang,Gangwon FC,FC Anyang vs Gangwon FC,K-League 1,2026-09-06 11:00,target__btts_yes,BTTS Yes,60.1,55.2,4.9,1.81,0.6112,True,53.5
sr:match:72041114,FC Groningen,FC Twente Enschede,FC Groningen vs FC Twente Enschede,Eredivisie,2026-09-06 11:15,target__btts_yes,BTTS Yes,73.0,66.7,6.3,1.5,0.6112,True,53.5
sr:match:72149700,FC Tokyo,Kyoto Sanga FC,FC Tokyo vs Kyoto Sanga FC,J1 League,2026-09-06 11:30,target__btts_yes,BTTS Yes,65.0,55.6,9.4,1.8,0.6112,True,53.5
sr:match:72044320,Aarhus Fremad,Kolding IF,Aarhus Fremad vs Kolding IF,1. Division,2026-09-06 12:00,target__btts_yes,BTTS Yes,66.3,62.5,3.8,1.6,0.6112,True,53.5
sr:match:69456582,Suzhou Dongwu,Nanjing City,Suzhou Dongwu vs Nanjing City,China League 1,2026-09-06 12:00,target__btts_yes,BTTS Yes,60.1,53.8,6.4,1.86,0.6112,True,53.5
sr:match:72513850,VfL 1899 Osnabruck,Eintracht Braunschweig,VfL 1899 Osnabruck vs Eintracht Braunschweig,2. Bundesliga,2026-09-06 12:30,target__btts_yes,BTTS Yes,66.3,63.3,3.1,1.58,0.6112,True,53.5
sr:match:72203030,Cercle Brugge,Gent,Cercle Brugge vs Gent,Pro League,2026-09-06 12:30,target__btts_yes,BTTS Yes,66.3,63.3,3.1,1.58,0.6112,True,53.5
sr:match:72680104,FC Wurzburger Kickers,VfB Stuttgart II,FC Wurzburger Kickers vs VfB Stuttgart II,3. Liga,2026-09-06 12:30,target__btts_yes,BTTS Yes,73.0,67.6,5.4,1.48,0.6112,True,53.5
sr:match:68995376,Henan,Chengdu Rongcheng,Henan vs Chengdu Rongcheng,Chinese Super League,2026-09-06 12:35,target__btts_yes,BTTS Yes,73.0,66.2,6.7,1.51,0.6112,True,53.5
sr:match:73658732,Gor Mahia FC,Pyramids FC,Gor Mahia FC vs Pyramids FC,CAF Champions League,2026-09-06 13:00,target__btts_yes,BTTS Yes,49.0,43.5,5.5,2.3,0.6112,True,53.5
sr:match:73576608,Madura United,Persijap Jepara,Madura United vs Persijap Jepara,Super League,2026-09-06 13:00,target__btts_yes,BTTS Yes,60.1,55.9,4.3,1.79,0.6112,True,53.5
sr:match:72041118,SC Telstar,SC Cambuur,SC Telstar vs SC Cambuur,Eredivisie,2026-09-06 13:30,target__btts_yes,BTTS Yes,73.0,65.8,7.2,1.52,0.6112,True,53.5
sr:match:71945232,Frosinone,Venezia FC,Frosinone vs Venezia FC,Serie A,2026-09-06 14:00,target__btts_yes,BTTS Yes,66.3,62.5,3.8,1.6,0.6112,True,53.5
sr:match:71945240,Parma Calcio,Monza,Parma Calcio vs Monza,Serie A,2026-09-06 14:00,target__btts_yes,BTTS Yes,60.1,50.5,9.6,1.98,0.6112,True,53.5
sr:match:73658718,Mighty Wanderers FC,Simba SC,Mighty Wanderers FC vs Simba SC,CAF Champions League,2026-09-06 14:00,target__btts_yes,BTTS Yes,50.8,42.6,8.2,2.35,0.6112,True,53.5
sr:match:73658710,UD Do Songo,Atletico Petroleos de Luanda,UD Do Songo vs Atletico Petroleos de Luanda,CAF Champions League,2026-09-06 14:00,target__btts_yes,BTTS Yes,50.8,46.5,4.2,2.15,0.6112,True,53.5
sr:match:73092904,Modena FC,US Avellino,Modena FC vs US Avellino,Serie B,2026-09-06 14:00,target__btts_yes,BTTS Yes,60.1,51.0,9.1,1.96,0.6112,True,53.5
sr:match:73258802,Lamontville Golden Arrows,Mamelodi Sundowns,Lamontville Golden Arrows vs Mamelodi Sundowns,Premiership,2026-09-06 14:00,target__btts_yes,BTTS Yes,60.1,43.5,16.6,2.3,0.6112,True,53.5
sr:match:73293856,US Grosseto,SEF Torres Sassari,US Grosseto vs SEF Torres Sassari,"Serie C, Group B",2026-09-06 14:00,target__btts_yes,BTTS Yes,60.1,55.2,4.9,1.81,0.6112,True,53.5
sr:match:72334302,FC Dynamo-Makhachkala,Rodina Moscow,FC Dynamo-Makhachkala vs Rodina Moscow,Premier League,2026-09-06 14:15,target__btts_yes,BTTS Yes,65.0,52.9,12.1,1.89,0.6112,True,53.5
sr:match:72513176,Hamburger SV,Mainz,Hamburger SV vs Mainz,Bundesliga,2026-09-06 14:30,target__btts_yes,BTTS Yes,73.0,62.5,10.5,1.6,0.6112,True,53.5
sr:match:72723188,Corum FK,Eyupspor,Corum FK vs Eyupspor,Super Lig,2026-09-06 15:00,target__btts_yes,BTTS Yes,60.1,51.5,8.6,1.94,0.6112,True,53.5
sr:match:72723180,Kasimpasa Istanbul,Amed Sportif Faaliyetler,Kasimpasa Istanbul vs Amed Sportif Faaliyetler,Super Lig,2026-09-06 15:00,target__btts_yes,BTTS Yes,60.1,52.9,7.2,1.89,0.6112,True,53.5
sr:match:68311806,Jonkopings Sodra IF,Tvaakers IF,Jonkopings Sodra IF vs Tvaakers IF,Ettan,2026-09-06 15:00,target__btts_yes,BTTS Yes,60.1,56.5,3.6,1.77,0.6112,True,53.5
sr:match:72516594,KS Gornik Polkowice,Mkp Carina Gubin,KS Gornik Polkowice vs Mkp Carina Gubin,"III Liga, Group 3",2026-09-06 15:00,target__btts_yes,BTTS Yes,65.0,61.3,3.7,1.63,0.6112,True,53.5
sr:match:72814212,KF Tirana,FK Vora,KF Tirana vs FK Vora,Kategoria Superiore,2026-09-06 15:00,target__btts_yes,BTTS Yes,60.1,56.2,3.9,1.78,0.6112,True,53.5
sr:match:72530904,Santa Clara Azores,Rio Ave FC,Santa Clara Azores vs Rio Ave FC,Liga Portugal,2026-09-06 15:30,target__btts_yes,BTTS Yes,65.0,47.6,17.4,2.1,0.6112,True,53.5
sr:match:67126750,IF Brommapojkarna,IF Elfsborg,IF Brommapojkarna vs IF Elfsborg,Allsvenskan,2026-09-06 15:30,target__btts_yes,BTTS Yes,65.0,61.0,4.0,1.64,0.6112,True,53.5
sr:match:72176934,Basel,Lugano,Basel vs Lugano,Super League,2026-09-06 15:30,target__btts_yes,BTTS Yes,73.0,68.0,4.9,1.47,0.6112,True,53.5
sr:match:73217720,Fadep,CA Germinal,Fadep vs CA Germinal,Torneo Federal A,2026-09-06 15:30,target__btts_yes,BTTS Yes,48.3,42.6,5.7,2.35,0.6112,True,53.5
sr:match:73269894,SG Sonnenhof Grossaspach,TSG Hoffenheim II,SG Sonnenhof Grossaspach vs TSG Hoffenheim II,3. Liga,2026-09-06 15:30,target__btts_yes,BTTS Yes,73.0,68.0,4.9,1.47,0.6112,True,53.5
sr:match:72041120,ADO Den Haag,Fortuna Sittard,ADO Den Haag vs Fortuna Sittard,Eredivisie,2026-09-06 15:45,target__btts_yes,BTTS Yes,84.5,69.9,14.6,1.43,0.6112,True,53.5
sr:match:73658696,Colombe Sportive Du Dja Et Lobo,Stade Malien de Bamako,Colombe Sportive Du Dja Et Lobo vs Stade Malien de Bamako,CAF Champions League,2026-09-06 16:00,target__btts_yes,BTTS Yes,50.8,44.4,6.3,2.25,0.6112,True,53.5
sr:match:73658694,Enugu Rangers International FC,AS Sobemap,Enugu Rangers International FC vs AS Sobemap,CAF Champions League,2026-09-06 16:00,target__btts_yes,BTTS Yes,50.8,35.1,15.7,2.85,0.6112,True,53.5
sr:match:73287446,SKN St Polten,Salzburg,SKN St Polten vs Salzburg,OFB Cup,2026-09-06 16:00,target__btts_yes,BTTS Yes,60.1,55.6,4.6,1.8,0.6112,True,53.5
sr:match:68492682,FK Auda Riga,FK Grobina,FK Auda Riga vs FK Grobina,Virsliga,2026-09-06 16:00,target__btts_yes,BTTS Yes,60.1,54.1,6.1,1.85,0.6112,True,53.5
sr:match:72939190,Atletico Clube de Portugal,UD Oliveirense,Atletico Clube de Portugal vs UD Oliveirense,Liga Portugal 3,2026-09-06 16:00,target__btts_yes,BTTS Yes,60.1,56.2,3.9,1.78,0.6112,True,53.5
sr:match:73866540,FC Real Sireti,FC Zimbru Chisinau,FC Real Sireti vs FC Zimbru Chisinau,Super Liga,2026-09-06 16:00,target__btts_yes,BTTS Yes,49.0,44.4,4.5,2.25,0.6112,True,53.5
sr:match:73334386,Heart of Lions,Aduana Stars,Heart of Lions vs Aduana Stars,Premier League,2026-09-06 16:00,target__btts_yes,BTTS Yes,49.0,39.2,9.8,2.55,0.6112,True,53.5
sr:match:73334374,Hearts of Oak,Berekum Chelsea,Hearts of Oak vs Berekum Chelsea,Premier League,2026-09-06 16:00,target__btts_yes,BTTS Yes,49.0,43.5,5.5,2.3,0.6112,True,53.5
sr:match:73334372,Port City FC,FC AshantiGold 04,Port City FC vs FC AshantiGold 04,Premier League,2026-09-06 16:00,target__btts_yes,BTTS Yes,49.1,45.5,3.6,2.2,0.6112,True,53.5
sr:match:74191590,Esperance Sportive de Tunis,Avenir S Marsa,Esperance Sportive de Tunis vs Avenir S Marsa,Ligue 1,2026-09-06 16:30,target__btts_yes,BTTS Yes,50.8,35.1,15.7,2.85,0.6112,True,53.5
sr:match:72936024,Atromitos Athinon,PAE PS Kalamata,Atromitos Athinon vs PAE PS Kalamata,Super League,2026-09-06 17:00,target__btts_yes,BTTS Yes,61.1,52.6,8.5,1.9,0.6112,True,53.5
sr:match:71680624,Ecuador,Ghana,Ecuador vs Ghana,"U20 FIFA World Cup, Women",2026-09-06 17:00,target__btts_yes,BTTS Yes,66.3,59.5,6.8,1.68,0.6112,True,53.5
sr:match:72284050,Hapoel Afula FC,Maccabi Kabilio Jaffa,Hapoel Afula FC vs Maccabi Kabilio Jaffa,National League,2026-09-06 17:00,target__btts_yes,BTTS Yes,65.0,60.6,4.4,1.65,0.6112,True,53.5
sr:match:72284044,MS Football Hapoel Kiryat Yam,Hapoel Acre FC,MS Football Hapoel Kiryat Yam vs Hapoel Acre FC,National League,2026-09-06 17:00,target__btts_yes,BTTS Yes,60.1,52.6,7.5,1.9,0.6112,True,53.5
sr:match:73294602,Team Altamura,AC Savoia 1908,Team Altamura vs AC Savoia 1908,"Serie C, Group C",2026-09-06 17:00,target__btts_yes,BTTS Yes,60.1,52.4,7.8,1.91,0.6112,True,53.5
sr:match:74234404,Qarabag,Araz Nakhchivan PFK,Qarabag vs Araz Nakhchivan PFK,Premier League,2026-09-06 17:15,target__btts_yes,BTTS Yes,50.8,47.6,3.1,2.1,0.6112,True,53.5
sr:match:72478526,Alaves,Osasuna,Alaves vs Osasuna,LaLiga,2026-09-06 17:30,target__btts_yes,BTTS Yes,50.8,46.5,4.2,2.15,0.6112,True,53.5
sr:match:72530908,Vitoria SC Guimaraes,Casa Pia Lisbon,Vitoria SC Guimaraes vs Casa Pia Lisbon,Liga Portugal,2026-09-06 18:00,target__btts_yes,BTTS Yes,60.1,46.5,13.6,2.15,0.6112,True,53.5
sr:match:72735746,Muglaspor,Van Spor FK,Muglaspor vs Van Spor FK,1. Lig,2026-09-06 18:00,target__btts_yes,BTTS Yes,60.1,52.6,7.5,1.9,0.6112,True,53.5
sr:match:72387978,ASC Otelul Galati,Rapid Bucuresti 1923,ASC Otelul Galati vs Rapid Bucuresti 1923,Superliga,2026-09-06 18:30,target__btts_yes,BTTS Yes,60.1,55.9,4.3,1.79,0.6112,True,53.5
sr:match:73270034,Fortuna Cologne,Fortuna D,Fortuna Cologne vs Fortuna D,3. Liga,2026-09-06 18:30,target__btts_yes,BTTS Yes,66.3,62.1,4.2,1.61,0.6112,True,53.5
sr:match:67682020,CD O'Higgins,Deportes Union La Calera,CD O'Higgins vs Deportes Union La Calera,Primera Division,2026-09-06 18:45,target__btts_yes,BTTS Yes,60.1,56.5,3.6,1.77,0.6112,True,53.5
sr:match:74307000,HSK Zrinjski Mostar,NK Siroki Brijeg,HSK Zrinjski Mostar vs NK Siroki Brijeg,Premijer Liga,2026-09-06 19:15,target__btts_yes,BTTS Yes,50.8,45.5,5.3,2.2,0.6112,True,53.5
sr:match:72936034,Panathinaikos,PAOK,Panathinaikos vs PAOK,Super League,2026-09-06 19:30,target__btts_yes,BTTS Yes,60.1,56.2,3.9,1.78,0.6112,True,53.5
sr:match:73217372,Club Olimpo,Club Cipolletti,Club Olimpo vs Club Cipolletti,Torneo Federal A,2026-09-06 19:30,target__btts_yes,BTTS Yes,49.1,43.5,5.6,2.3,0.6112,True,53.5
sr:match:71945238,Juventus,AC Milan,Juventus vs AC Milan,Serie A,2026-09-06 19:45,target__btts_yes,BTTS Yes,60.1,52.9,7.2,1.89,0.6112,True,53.5
sr:match:72036154,Marseille,Paris FC,Marseille vs Paris FC,Ligue 1,2026-09-06 19:45,target__btts_yes,BTTS Yes,66.3,61.0,5.4,1.64,0.6112,True,53.5
sr:match:72477362,Almeria,Cadiz,Almeria vs Cadiz,LALIGA HYPERMOTION,2026-09-06 20:00,target__btts_yes,BTTS Yes,60.1,54.1,6.1,1.85,0.6112,True,53.5
sr:match:66886988,Cruzeiro EC MG,CA Paranaense PR,Cruzeiro EC MG vs CA Paranaense PR,Brasileiro Serie A,2026-09-06 20:00,target__btts_yes,BTTS Yes,61.1,52.6,8.5,1.9,0.6112,True,53.5
sr:match:66886990,SC Internacional RS,Santos FC SP,SC Internacional RS vs Santos FC SP,Brasileiro Serie A,2026-09-06 20:00,target__btts_yes,BTTS Yes,60.1,56.2,3.9,1.78,0.6112,True,53.5
sr:match:73293132,Union Brescia,Calcio Desenzano,Union Brescia vs Calcio Desenzano,"Serie C, Group A",2026-09-06 20:00,target__btts_yes,BTTS Yes,48.3,44.4,3.8,2.25,0.6112,True,53.5
sr:match:74236330,CSD Coban Imperial,CD Guastatoya,CSD Coban Imperial vs CD Guastatoya,Liga Nacional,2026-09-06 20:00,target__btts_yes,BTTS Yes,60.1,51.8,8.3,1.93,0.6112,True,53.5
sr:match:72530898,Gil Vicente Barcelos,Academico de Viseu FC,Gil Vicente Barcelos vs Academico de Viseu FC,Liga Portugal,2026-09-06 20:30,target__btts_yes,BTTS Yes,65.0,50.5,14.5,1.98,0.6112,True,53.5
sr:match:68687888,Delfin SC,CD Universidad Catolica del Ecuador,Delfin SC vs CD Universidad Catolica del Ecuador,LigaPro Primera A,2026-09-06 22:00,target__btts_yes,BTTS Yes,60.1,54.3,5.8,1.84,0.6112,True,53.5
sr:match:66886980,Botafogo FR RJ,SE Palmeiras SP,Botafogo FR RJ vs SE Palmeiras SP,Brasileiro Serie A,2026-09-06 22:30,target__btts_yes,BTTS Yes,62.8,58.8,4.0,1.7,0.6112,True,53.5
sr:match:74269700,CD Walter Ferretti,Managua FC,CD Walter Ferretti vs Managua FC,Primera Division,2026-09-07 00:00,target__btts_yes,BTTS Yes,60.1,54.9,5.2,1.82,0.6112,True,53.5
sr:match:67172906,Monterey Bay FC,Phoenix Rising FC,Monterey Bay FC vs Phoenix Rising FC,USL Championship,2026-09-06 03:00,target__draw,Draw,30.5,26.7,3.8,3.75,0.5993,True,22.8
sr:match:68157106,Los Angeles FC 2,Ventura County FC,Los Angeles FC 2 vs Ventura County FC,MLS Next Pro,2026-09-06 03:00,target__draw,Draw,30.5,27.0,3.5,3.7,0.5993,True,22.8
sr:match:67817856,Gimcheon Sangmu FC,Gwangju FC,Gimcheon Sangmu FC vs Gwangju FC,K-League 1,2026-09-06 11:00,target__draw,Draw,26.9,23.8,3.1,4.2,0.5993,True,22.8
sr:match:72334308,FC Orenburg,FK Akron Tolyatti,FC Orenburg vs FK Akron Tolyatti,Premier League,2026-09-06 12:00,target__draw,Draw,30.5,26.7,3.8,3.75,0.5993,True,22.8
sr:match:73345990,Brighton and Hove Albion WFC,Arsenal WFC,Brighton and Hove Albion WFC vs Arsenal WFC,Super League Women,2026-09-06 12:00,target__draw,Draw,24.4,19.6,4.8,5.1,0.5993,True,22.8
sr:match:72942472,Sukhothai FC,Buriram United,Sukhothai FC vs Buriram United,Thai League 1,2026-09-06 13:00,target__draw,Draw,24.4,18.9,5.5,5.3,0.5993,True,22.8
sr:match:72963748,FC Differdange 03,Un Kaerjeng 97,FC Differdange 03 vs Un Kaerjeng 97,Division Nationale,2026-09-06 15:00,target__draw,Draw,24.4,20.0,4.4,5.0,0.5993,True,22.8
sr:match:72652008,Grasshopper Zurich,Servette Geneva W,Grasshopper Zurich vs Servette Geneva W,"Super League, Women",2026-09-06 15:00,target__draw,Draw,30.5,23.3,7.2,4.3,0.5993,True,22.8
sr:match:72041120,ADO Den Haag,Fortuna Sittard,ADO Den Haag vs Fortuna Sittard,Eredivisie,2026-09-06 15:45,target__draw,Draw,30.5,25.2,5.3,3.97,0.5993,True,22.8
sr:match:67015360,Molde,KFUM Oslo,Molde vs KFUM Oslo,Eliteserien,2026-09-06 16:00,target__draw,Draw,21.3,16.3,4.9,6.12,0.5993,True,22.8
sr:match:72302608,Ferencvarosi Budapest,Ujpest FC Budapest,Ferencvarosi Budapest vs Ujpest FC Budapest,NB I,2026-09-06 16:45,target__draw,Draw,24.4,19.6,4.8,5.1,0.5993,True,22.8
sr:match:72723178,Trabzonspor,Genclerbirligi SK,Trabzonspor vs Genclerbirligi SK,Super Lig,2026-09-06 18:00,target__draw,Draw,26.6,23.3,3.3,4.29,0.5993,True,22.8
sr:match:72302610,WKW ETO FC Gyor,Budapest Honved FC,WKW ETO FC Gyor vs Budapest Honved FC,NB I,2026-09-06 19:00,target__draw,Draw,30.5,26.3,4.2,3.8,0.5993,True,22.8
sr:match:68823226,AA Ponte Preta SP,Sao Bernardo FC,AA Ponte Preta SP vs Sao Bernardo FC,Brasileiro Serie B,2026-09-06 22:30,target__draw,Draw,30.5,20.0,10.5,5.0,0.5993,True,22.8
sr:match:73204560,Queretaro FC,Cruz Azul,Queretaro FC vs Cruz Azul,"Liga MX, Women",2026-09-06 23:00,target__draw,Draw,26.6,20.0,6.6,5.0,0.5993,True,22.8
sr:match:72055150,Atlas FC,Atlante FC,Atlas FC vs Atlante FC,Liga MX,2026-09-06 04:00,target__home_clean_sheet,Home Clean Sheet,45.9,39.2,6.7,2.55,0.6485,True,30.0
sr:match:74201978,Sunshine Coast Wanderers,Ipswich FC,Sunshine Coast Wanderers vs Ipswich FC,U23 Queensland Premier League 1,2026-09-06 07:00,target__home_clean_sheet,Home Clean Sheet,30.0,23.3,6.7,4.3,0.6485,True,30.0
sr:match:68916438,Yangpyeong FC,Siheung Citizen FC,Yangpyeong FC vs Siheung Citizen FC,K3 League,2026-09-06 09:00,target__home_clean_sheet,Home Clean Sheet,30.9,27.8,3.1,3.6,0.6485,True,30.0
sr:match:72414950,FK Admira Prague,FC Viktoria Plzen B,FK Admira Prague vs FC Viktoria Plzen B,CFL,2026-09-06 09:15,target__home_clean_sheet,Home Clean Sheet,30.2,22.2,7.9,4.5,0.6485,True,30.0
sr:match:72597690,FC Zlin B,FK Blansko,FC Zlin B vs FK Blansko,MSFL,2026-09-06 09:30,target__home_clean_sheet,Home Clean Sheet,47.1,40.8,6.3,2.45,0.6485,True,30.0
sr:match:72116150,Azul Claro Numazu,Briobecca Urayasu,Azul Claro Numazu vs Briobecca Urayasu,Japan Football League,2026-09-06 10:00,target__home_clean_sheet,Home Clean Sheet,47.1,42.6,4.6,2.35,0.6485,True,30.0
sr:match:72415534,FK Teplice B,FK Pardubice B,FK Teplice B vs FK Pardubice B,CFL,2026-09-06 10:00,target__home_clean_sheet,Home Clean Sheet,30.9,25.6,5.2,3.9,0.6485,True,30.0
sr:match:68046732,Gimpo FC,Seongnam Ilhwa,Gimpo FC vs Seongnam Ilhwa,K-League 2,2026-09-06 11:00,target__home_clean_sheet,Home Clean Sheet,45.9,40.0,5.9,2.5,0.6485,True,30.0
sr:match:72339768,Birmingham City,Wolves,Birmingham City vs Wolves,Championship,2026-09-06 12:00,target__home_clean_sheet,Home Clean Sheet,33.3,30.3,3.0,3.3,0.6485,True,30.0
sr:match:73346468,Durham LFC,Southampton FC,Durham LFC vs Southampton FC,"Super League 2, Women",2026-09-06 12:00,target__home_clean_sheet,Home Clean Sheet,30.2,26.7,3.5,3.75,0.6485,True,30.0
sr:match:72942470,Lamphun Warriors FC,Uthai Thani FC,Lamphun Warriors FC vs Uthai Thani FC,Thai League 1,2026-09-06 12:30,target__home_clean_sheet,Home Clean Sheet,45.9,37.7,8.2,2.65,0.6485,True,30.0
sr:match:72387970,FC Petrolul Ploiesti,FC Corvinul Hunedoara 1921,FC Petrolul Ploiesti vs FC Corvinul Hunedoara 1921,Superliga,2026-09-06 13:00,target__home_clean_sheet,Home Clean Sheet,45.9,33.9,12.0,2.95,0.6485,True,30.0
sr:match:72176578,Yverdon-Sport,FC Stade Nyonnais,Yverdon-Sport vs FC Stade Nyonnais,Challenge League,2026-09-06 13:00,target__home_clean_sheet,Home Clean Sheet,45.9,41.7,4.3,2.4,0.6485,True,30.0
sr:match:72578288,FK Ural Yekaterinburg,FC Kamaz Naberezhnye Chelny,FK Ural Yekaterinburg vs FC Kamaz Naberezhnye Chelny,1. Liga,2026-09-06 13:00,target__home_clean_sheet,Home Clean Sheet,60.7,52.9,7.8,1.89,0.6485,True,30.0
sr:match:68320960,Bollstanas SK,Angby IF,Bollstanas SK vs Angby IF,Division 2,2026-09-06 13:00,target__home_clean_sheet,Home Clean Sheet,30.2,24.4,5.8,4.1,0.6485,True,30.0
sr:match:68320962,Sunnersta AIF,Enskede IK,Sunnersta AIF vs Enskede IK,Division 2,2026-09-06 13:00,target__home_clean_sheet,Home Clean Sheet,45.9,34.5,11.5,2.9,0.6485,True,30.0
sr:match:72674248,1. FC Phonix Lubeck,SV Werder Bremen II,1. FC Phonix Lubeck vs SV Werder Bremen II,Regionalliga North,2026-09-06 13:00,target__home_clean_sheet,Home Clean Sheet,45.9,35.7,10.2,2.8,0.6485,True,30.0
sr:match:72960992,VfL Wolfsburg W,Werder Bremen,VfL Wolfsburg W vs Werder Bremen,Women Bundesliga,2026-09-06 13:00,target__home_clean_sheet,Home Clean Sheet,47.1,40.8,6.3,2.45,0.6485,True,30.0
sr:match:71945232,Frosinone,Venezia FC,Frosinone vs Venezia FC,Serie A,2026-09-06 14:00,target__home_clean_sheet,Home Clean Sheet,30.2,26.3,3.8,3.8,0.6485,True,30.0
sr:match:74172376,AE Larissa FC,Anagennisi Karditsas 1904,AE Larissa FC vs Anagennisi Karditsas 1904,Super League 2,2026-09-06 14:00,target__home_clean_sheet,Home Clean Sheet,60.7,47.6,13.1,2.1,0.6485,True,30.0
sr:match:74077998,Union Plaani,Puistolan Urheilijat,Union Plaani vs Puistolan Urheilijat,Kakkonen,2026-09-06 14:00,target__home_clean_sheet,Home Clean Sheet,30.9,23.5,7.3,4.25,0.6485,True,30.0
sr:match:72201626,Heart of Midlothian FC,Dundee FC,Heart of Midlothian FC vs Dundee FC,Premiership,2026-09-06 15:00,target__home_clean_sheet,Home Clean Sheet,45.9,41.7,4.3,2.4,0.6485,True,30.0
sr:match:67123436,AD Berazategui,Club Estrella Del Sur (Alejandro Korn),AD Berazategui vs Club Estrella Del Sur (Alejandro Korn),Primera C,2026-09-06 15:00,target__home_clean_sheet,Home Clean Sheet,45.9,40.8,5.1,2.45,0.6485,True,30.0
sr:match:72889476,Yalova Yesilovaspor,Tokat Belediye Plevne Spor,Yalova Yesilovaspor vs Tokat Belediye Plevne Spor,3. Lig,2026-09-06 15:00,target__home_clean_sheet,Home Clean Sheet,47.1,40.8,6.3,2.45,0.6485,True,30.0
sr:match:72963738,Atert Bissen,US Mondorf-Les-Bains,Atert Bissen vs US Mondorf-Les-Bains,Division Nationale,2026-09-06 15:00,target__home_clean_sheet,Home Clean Sheet,45.9,32.3,13.7,3.1,0.6485,True,30.0
sr:match:72415524,SK Sokol Brozany,MFK Chrudim,SK Sokol Brozany vs MFK Chrudim,CFL,2026-09-06 16:00,target__home_clean_sheet,Home Clean Sheet,30.9,27.0,3.8,3.7,0.6485,True,30.0
sr:match:73334384,Bechem United,Bibiani Gold Stars FC,Bechem United vs Bibiani Gold Stars FC,Premier League,2026-09-06 16:00,target__home_clean_sheet,Home Clean Sheet,60.7,55.6,5.2,1.8,0.6485,True,30.0
sr:match:72334298,FK Dinamo Moscow,FK Spartak Moscow,FK Dinamo Moscow vs FK Spartak Moscow,Premier League,2026-09-06 16:30,target__home_clean_sheet,Home Clean Sheet,30.9,26.3,4.6,3.8,0.6485,True,30.0
sr:match:74306998,FK Sarajevo,FK Borac Banja Luka,FK Sarajevo vs FK Borac Banja Luka,Premijer Liga,2026-09-06 16:30,target__home_clean_sheet,Home Clean Sheet,44.4,36.4,8.1,2.75,0.6485,True,30.0
sr:match:73258800,Kaizer Chiefs,Siwelele FC,Kaizer Chiefs vs Siwelele FC,Premiership,2026-09-06 16:30,target__home_clean_sheet,Home Clean Sheet,60.7,55.9,4.8,1.79,0.6485,True,30.0
sr:match:74123924,Central Espanol FC,Defensor Sporting,Central Espanol FC vs Defensor Sporting,Primera Division,2026-09-06 17:00,target__home_clean_sheet,Home Clean Sheet,47.1,35.1,12.0,2.85,0.6485,True,30.0
sr:match:72284048,Maccabi Achi Nazareth FC,Maccabi Bney Reine,Maccabi Achi Nazareth FC vs Maccabi Bney Reine,National League,2026-09-06 17:00,target__home_clean_sheet,Home Clean Sheet,30.9,27.8,3.1,3.6,0.6485,True,30.0
sr:match:72837136,Menemen Belediyespor,Inegol Kafkas Genclikspor,Menemen Belediyespor vs Inegol Kafkas Genclikspor,2. Lig,2026-09-06 17:00,target__home_clean_sheet,Home Clean Sheet,44.4,37.0,7.4,2.7,0.6485,True,30.0
sr:match:73074172,Al Dhafra SSC,Al Wahda FC (UAE),Al Dhafra SSC vs Al Wahda FC (UAE),Arabian Gulf League,2026-09-06 17:15,target__home_clean_sheet,Home Clean Sheet,30.2,20.0,10.2,5.0,0.6485,True,30.0
sr:match:73067998,Hercules de Alicante CF,Atletico Madrid B,Hercules de Alicante CF vs Atletico Madrid B,Primera Federacion,2026-09-06 17:15,target__home_clean_sheet,Home Clean Sheet,45.9,38.5,7.5,2.6,0.6485,True,30.0
sr:match:72477364,CD Castellon,Albacete Balompie,CD Castellon vs Albacete Balompie,LALIGA HYPERMOTION,2026-09-06 17:30,target__home_clean_sheet,Home Clean Sheet,45.9,42.6,3.4,2.35,0.6485,True,30.0
sr:match:72491300,Cdef Logrono,Athletic Bilbao,Cdef Logrono vs Athletic Bilbao,Primera Division Women,2026-09-06 17:30,target__home_clean_sheet,Home Clean Sheet,30.9,27.8,3.1,3.6,0.6485,True,30.0
sr:match:72735742,Batman Petrolspor,Fatih Karagumruk Istanbul,Batman Petrolspor vs Fatih Karagumruk Istanbul,1. Lig,2026-09-06 18:00,target__home_clean_sheet,Home Clean Sheet,45.9,37.7,8.2,2.65,0.6485,True,30.0
sr:match:72042244,MFK Ruzomberok,Spartak Trnava,MFK Ruzomberok vs Spartak Trnava,Superliga,2026-09-06 18:00,target__home_clean_sheet,Home Clean Sheet,30.0,23.3,6.7,4.3,0.6485,True,30.0
sr:match:72398650,GKS Tychy,Avia Swidnik,GKS Tychy vs Avia Swidnik,II Liga,2026-09-06 18:30,target__home_clean_sheet,Home Clean Sheet,45.9,41.7,4.3,2.4,0.6485,True,30.0
sr:match:67682020,CD O'Higgins,Deportes Union La Calera,CD O'Higgins vs Deportes Union La Calera,Primera Division,2026-09-06 18:45,target__home_clean_sheet,Home Clean Sheet,45.9,42.6,3.4,2.35,0.6485,True,30.0
sr:match:74124496,Audax Rio EC RJ,Artsul FC RJ,Audax Rio EC RJ vs Artsul FC RJ,"Carioca, Serie B1",2026-09-06 18:45,target__home_clean_sheet,Home Clean Sheet,47.1,42.6,4.6,2.35,0.6485,True,30.0
sr:match:67119710,CD UAI Urquiza,Argentino de Merlo,CD UAI Urquiza vs Argentino de Merlo,Primera B,2026-09-06 19:00,target__home_clean_sheet,Home Clean Sheet,45.9,41.7,4.3,2.4,0.6485,True,30.0
sr:match:67123424,CA Puerto Nuevo,CA Lugano,CA Puerto Nuevo vs CA Lugano,Primera C,2026-09-06 19:00,target__home_clean_sheet,Home Clean Sheet,45.9,42.6,3.4,2.35,0.6485,True,30.0
sr:match:67118642,San Martin de San Juan,CA Ferrocarril Midland,San Martin de San Juan vs CA Ferrocarril Midland,Primera Nacional,2026-09-06 19:30,target__home_clean_sheet,Home Clean Sheet,60.7,52.1,8.6,1.92,0.6485,True,30.0
sr:match:73293124,ACD Ospitaletto,FC Arzignano Valchiampo,ACD Ospitaletto vs FC Arzignano Valchiampo,"Serie C, Group A",2026-09-06 20:00,target__home_clean_sheet,Home Clean Sheet,45.9,42.6,3.4,2.35,0.6485,True,30.0
sr:match:72083034,FK Vojvodina Novi Sad,FK Zemun,FK Vojvodina Novi Sad vs FK Zemun,Superliga,2026-09-06 20:00,target__home_clean_sheet,Home Clean Sheet,62.4,54.3,8.1,1.84,0.6485,True,30.0
sr:match:74123926,Club Nacional de Football,CA Juventud de Las Piedras,Club Nacional de Football vs CA Juventud de Las Piedras,Primera Division,2026-09-06 20:30,target__home_clean_sheet,Home Clean Sheet,47.1,43.5,3.6,2.3,0.6485,True,30.0
sr:match:74099684,Club Atletico Barinas,Yaracuyanos FC,Club Atletico Barinas vs Yaracuyanos FC,Segunda Division,2026-09-06 20:30,target__home_clean_sheet,Home Clean Sheet,30.9,27.8,3.1,3.6,0.6485,True,30.0
sr:match:73998838,CA Guemes,Gimnasia Y Tiro de Salta,CA Guemes vs Gimnasia Y Tiro de Salta,Primera Nacional,2026-09-06 21:00,target__home_clean_sheet,Home Clean Sheet,47.1,42.6,4.6,2.35,0.6485,True,30.0
sr:match:74210252,Avondale FC,Boroondara Eagles,Avondale FC vs Boroondara Eagles,"Victoria NPL, Women",2026-09-06 05:00,target__home_win,Home Win,78.5,70.4,8.1,1.42,0.7212,True,44.5
sr:match:74231214,Broadmeadow Magic FC,Maitland FC,Broadmeadow Magic FC vs Maitland FC,Northern NSW NPL,2026-09-06 06:00,target__home_win,Home Win,67.3,60.6,6.7,1.65,0.7212,True,44.5
sr:match:68916438,Yangpyeong FC,Siheung Citizen FC,Yangpyeong FC vs Siheung Citizen FC,K3 League,2026-09-06 09:00,target__home_win,Home Win,28.1,25.0,3.1,4.0,0.7212,True,44.5
sr:match:72415528,FC Hradec Kralove B,N. Byskovice,FC Hradec Kralove B vs N. Byskovice,CFL,2026-09-06 09:15,target__home_win,Home Win,67.3,59.2,8.2,1.69,0.7212,True,44.5
sr:match:72597680,FC Zbrojovka Brno B,SK Polanka Nad Odrou,FC Zbrojovka Brno B vs SK Polanka Nad Odrou,MSFL,2026-09-06 09:15,target__home_win,Home Win,83.3,78.1,5.2,1.28,0.7212,True,44.5
sr:match:72597690,FC Zlin B,FK Blansko,FC Zlin B vs FK Blansko,MSFL,2026-09-06 09:30,target__home_win,Home Win,83.3,70.4,12.9,1.42,0.7212,True,44.5
sr:match:72151112,Yokohama FC,Albirex Niigata,Yokohama FC vs Albirex Niigata,J2 League,2026-09-06 10:00,target__home_win,Home Win,54.7,51.5,3.1,1.94,0.7212,True,44.5
sr:match:68916440,Pocheon Citizen FC,Yeoju FC,Pocheon Citizen FC vs Yeoju FC,K3 League,2026-09-06 10:00,target__home_win,Home Win,78.5,68.5,10.0,1.46,0.7212,True,44.5
sr:match:72676002,WAF Vorwarts Brigittenau,Vienna Amateure,WAF Vorwarts Brigittenau vs Vienna Amateure,Wiener Stadtliga,2026-09-06 10:15,target__home_win,Home Win,47.3,42.6,4.7,2.35,0.7212,True,44.5
sr:match:68852230,FA Tartu Kalev,JK Narva Trans,FA Tartu Kalev vs JK Narva Trans,Esiliiga B,2026-09-06 10:30,target__home_win,Home Win,34.4,30.3,4.1,3.3,0.7212,True,44.5
sr:match:68852232,Parnu JK Vaprus II,JK Tallinna Kalev,Parnu JK Vaprus II vs JK Tallinna Kalev,Esiliiga B,2026-09-06 10:30,target__home_win,Home Win,78.5,62.9,15.6,1.59,0.7212,True,44.5
sr:match:67817856,Gimcheon Sangmu FC,Gwangju FC,Gimcheon Sangmu FC vs Gwangju FC,K-League 1,2026-09-06 11:00,target__home_win,Home Win,67.3,64.1,3.2,1.56,0.7212,True,44.5
sr:match:69502022,FK Tukums 2000/Tss II,Saldus SS/Leevon,FK Tukums 2000/Tss II vs Saldus SS/Leevon,1.Liga,2026-09-06 11:00,target__home_win,Home Win,28.1,22.2,5.9,4.5,0.7212,True,44.5
sr:match:72514690,Widzew Lodz II,Wisla Plock II,Widzew Lodz II vs Wisla Plock II,"III Liga, Group 1",2026-09-06 11:00,target__home_win,Home Win,67.3,54.1,13.3,1.85,0.7212,True,44.5
sr:match:73916394,Naftan Novopolotsk,FC Minsk,Naftan Novopolotsk vs FC Minsk,Vysshaya Liga,2026-09-06 11:00,target__home_win,Home Win,25.0,20.0,5.0,5.0,0.7212,True,44.5
sr:match:72491296,Atletico Madrid W,Deportivo Alaves,Atletico Madrid W vs Deportivo Alaves,Primera Division Women,2026-09-06 11:00,target__home_win,Home Win,89.5,73.0,16.5,1.37,0.7212,True,44.5
sr:match:73296442,Kitchee,Eastern District,Kitchee vs Eastern District,Premier League,2026-09-06 11:30,target__home_win,Home Win,78.5,69.4,9.1,1.44,0.7212,True,44.5
sr:match:72044320,Aarhus Fremad,Kolding IF,Aarhus Fremad vs Kolding IF,1. Division,2026-09-06 12:00,target__home_win,Home Win,47.3,40.8,6.5,2.45,0.7212,True,44.5
sr:match:69456580,Shenzhen Juniors FC,Meizhou Hakka,Shenzhen Juniors FC vs Meizhou Hakka,China League 1,2026-09-06 12:00,target__home_win,Home Win,78.5,70.4,8.1,1.42,0.7212,True,44.5
sr:match:67916096,Pors Grenland,SK Traeff,Pors Grenland vs SK Traeff,2nd Division Group 1,2026-09-06 12:00,target__home_win,Home Win,47.3,39.2,8.1,2.55,0.7212,True,44.5
sr:match:73346468,Durham LFC,Southampton FC,Durham LFC vs Southampton FC,"Super League 2, Women",2026-09-06 12:00,target__home_win,Home Win,33.3,30.3,3.0,3.3,0.7212,True,44.5
sr:match:73345988,Tottenham Hotspur FC,West Ham United FC Women,Tottenham Hotspur FC vs West Ham United FC Women,Super League Women,2026-09-06 12:00,target__home_win,Home Win,78.5,68.0,10.5,1.47,0.7212,True,44.5
sr:match:68214794,Paide Linnameeskond,FCI Levadia Tallinn,Paide Linnameeskond vs FCI Levadia Tallinn,Premium Liiga,2026-09-06 12:30,target__home_win,Home Win,25.0,20.8,4.2,4.8,0.7212,True,44.5
sr:match:72680104,FC Wurzburger Kickers,VfB Stuttgart II,FC Wurzburger Kickers vs VfB Stuttgart II,3. Liga,2026-09-06 12:30,target__home_win,Home Win,47.3,42.6,4.7,2.35,0.7212,True,44.5
sr:match:72176578,Yverdon-Sport,FC Stade Nyonnais,Yverdon-Sport vs FC Stade Nyonnais,Challenge League,2026-09-06 13:00,target__home_win,Home Win,78.5,70.9,7.6,1.41,0.7212,True,44.5
sr:match:73576610,Persib Bandung,PSM Makassar,Persib Bandung vs PSM Makassar,Super League,2026-09-06 13:00,target__home_win,Home Win,78.9,73.5,5.4,1.36,0.7212,True,44.5
sr:match:72578288,FK Ural Yekaterinburg,FC Kamaz Naberezhnye Chelny,FK Ural Yekaterinburg vs FC Kamaz Naberezhnye Chelny,1. Liga,2026-09-06 13:00,target__home_win,Home Win,83.3,72.5,10.9,1.38,0.7212,True,44.5
sr:match:68320960,Bollstanas SK,Angby IF,Bollstanas SK vs Angby IF,Division 2,2026-09-06 13:00,target__home_win,Home Win,47.3,42.6,4.7,2.35,0.7212,True,44.5
sr:match:68320962,Sunnersta AIF,Enskede IK,Sunnersta AIF vs Enskede IK,Division 2,2026-09-06 13:00,target__home_win,Home Win,67.3,59.9,7.5,1.67,0.7212,True,44.5
sr:match:67916098,Notodden FK,Lysekloster,Notodden FK vs Lysekloster,2nd Division Group 1,2026-09-06 13:00,target__home_win,Home Win,78.5,74.6,3.9,1.34,0.7212,True,44.5
sr:match:67920876,Lillestrom SK 2,Bossekop UL,Lillestrom SK 2 vs Bossekop UL,"3. Division, Group 5",2026-09-06 13:00,target__home_win,Home Win,89.5,72.5,17.0,1.38,0.7212,True,44.5
sr:match:72960992,VfL Wolfsburg W,Werder Bremen,VfL Wolfsburg W vs Werder Bremen,Women Bundesliga,2026-09-06 13:00,target__home_win,Home Win,78.5,71.9,6.6,1.39,0.7212,True,44.5
sr:match:72679144,FC Alania Vladikavkaz,Dynamo Vladivostok,FC Alania Vladikavkaz vs Dynamo Vladivostok,"2. Liga, Division A",2026-09-06 13:00,target__home_win,Home Win,54.7,51.0,3.7,1.96,0.7212,True,44.5
sr:match:72596070,Blauw Geel 38,VV Goes,Blauw Geel 38 vs VV Goes,Derde Divisie,2026-09-06 13:00,target__home_win,Home Win,67.3,57.5,9.9,1.74,0.7212,True,44.5
sr:match:73062388,Selangor FC,Melaka FC,Selangor FC vs Melaka FC,Super League,2026-09-06 13:15,target__home_win,Home Win,89.5,85.5,4.0,1.17,0.7212,True,44.5
sr:match:72041116,SC Heerenveen,Alkmaar,SC Heerenveen vs Alkmaar,Eredivisie,2026-09-06 13:30,target__home_win,Home Win,28.1,24.8,3.4,4.04,0.7212,True,44.5
sr:match:70381654,Ekhaya FC,Karonga United FC,Ekhaya FC vs Karonga United FC,Super League,2026-09-06 13:30,target__home_win,Home Win,67.3,62.5,4.8,1.6,0.7212,True,44.5
sr:match:72043132,KS Cracovia Krakow,Gornik Zabrze,KS Cracovia Krakow vs Gornik Zabrze,Ekstraklasa,2026-09-06 13:45,target__home_win,Home Win,47.3,41.7,5.6,2.4,0.7212,True,44.5
sr:match:74123922,CA Cerro,Racing Club Montevideo,CA Cerro vs Racing Club Montevideo,Primera Division,2026-09-06 14:00,target__home_win,Home Win,28.1,23.5,4.6,4.25,0.7212,True,44.5
sr:match:68344822,IFK Berga,Lilla Torg FF,IFK Berga vs Lilla Torg FF,Division 2,2026-09-06 14:00,target__home_win,Home Win,67.3,61.0,6.4,1.64,0.7212,True,44.5
sr:match:73945164,FC BKMA Yerevan,FC Urartu Yerevan,FC BKMA Yerevan vs FC Urartu Yerevan,Premier League,2026-09-06 14:00,target__home_win,Home Win,28.1,22.7,5.4,4.4,0.7212,True,44.5
sr:match:67915818,Ullensaker/Kisa,Levanger FK,Ullensaker/Kisa vs Levanger FK,2nd Division Group 2,2026-09-06 14:00,target__home_win,Home Win,25.0,17.5,7.5,5.7,0.7212,True,44.5
sr:match:71901870,FK Transinvest,FK Suduva Marijampole,FK Transinvest vs FK Suduva Marijampole,TOPLYGA,2026-09-06 14:00,target__home_win,Home Win,34.4,31.2,3.1,3.2,0.7212,True,44.5
sr:match:74077788,Huima/Urho,Narpes Kraft,Huima/Urho vs Narpes Kraft,Kakkonen,2026-09-06 14:00,target__home_win,Home Win,89.5,83.3,6.1,1.2,0.7212,True,44.5
sr:match:72700204,Paris FC W,FC Nantes,Paris FC W vs FC Nantes,"Premiere Ligue, Women",2026-09-06 14:00,target__home_win,Home Win,78.5,69.4,9.1,1.44,0.7212,True,44.5
sr:match:73346474,Newcastle United WFC,Wolverhampton Wanderers Wfc,Newcastle United WFC vs Wolverhampton Wanderers Wfc,"Super League 2, Women",2026-09-06 14:00,target__home_win,Home Win,67.3,62.9,4.5,1.59,0.7212,True,44.5
sr:match:67915822,Trygg/Lade,Hoenefoss BK,Trygg/Lade vs Hoenefoss BK,2nd Division Group 2,2026-09-06 14:30,target__home_win,Home Win,34.4,22.2,12.1,4.5,0.7212,True,44.5
sr:match:72723188,Corum FK,Eyupspor,Corum FK vs Eyupspor,Super Lig,2026-09-06 15:00,target__home_win,Home Win,67.3,57.5,9.9,1.74,0.7212,True,44.5
sr:match:68311806,Jonkopings Sodra IF,Tvaakers IF,Jonkopings Sodra IF vs Tvaakers IF,Ettan,2026-09-06 15:00,target__home_win,Home Win,78.5,67.6,11.0,1.48,0.7212,True,44.5
sr:match:68194822,IA Akranes,KR Reykjavik,IA Akranes vs KR Reykjavik,Besta deild,2026-09-06 15:00,target__home_win,Home Win,37.9,30.3,7.6,3.3,0.7212,True,44.5
sr:match:72674246,HSC Hannover,SC Weiche Flensburg 08,HSC Hannover vs SC Weiche Flensburg 08,Regionalliga North,2026-09-06 15:00,target__home_win,Home Win,33.3,28.6,4.8,3.5,0.7212,True,44.5
sr:match:72889464,Inkilap Fsk,Zonguldak Komurspor,Inkilap Fsk vs Zonguldak Komurspor,3. Lig,2026-09-06 15:00,target__home_win,Home Win,34.4,27.8,6.6,3.6,0.7212,True,44.5
sr:match:72963748,FC Differdange 03,Un Kaerjeng 97,FC Differdange 03 vs Un Kaerjeng 97,Division Nationale,2026-09-06 15:00,target__home_win,Home Win,78.5,75.2,3.3,1.33,0.7212,True,44.5
sr:match:73409244,Turan Tovuz,Sumgayit FK,Turan Tovuz vs Sumgayit FK,Premier League,2026-09-06 15:00,target__home_win,Home Win,67.3,59.5,7.8,1.68,0.7212,True,44.5
sr:match:72449276,FH Hafnarfjordur,Thor/KA,FH Hafnarfjordur vs Thor/KA,"Besta deild, Women",2026-09-06 15:00,target__home_win,Home Win,78.5,74.6,3.9,1.34,0.7212,True,44.5
sr:match:72560246,SK Pama,SPG Edelserpentin,SK Pama vs SPG Edelserpentin,Burgenlandliga,2026-09-06 15:00,target__home_win,Home Win,54.7,51.3,3.4,1.95,0.7212,True,44.5
sr:match:67993694,B36 Torshavn II,FC Suduroy,B36 Torshavn II vs FC Suduroy,1st deild,2026-09-06 15:30,target__home_win,Home Win,34.4,23.8,10.6,4.2,0.7212,True,44.5
sr:match:67015360,Molde,KFUM Oslo,Molde vs KFUM Oslo,Eliteserien,2026-09-06 16:00,target__home_win,Home Win,78.5,74.6,3.9,1.34,0.7212,True,44.5
sr:match:67015366,Sarpsborg 08,Vaalerenga IF,Sarpsborg 08 vs Vaalerenga IF,Eliteserien,2026-09-06 16:00,target__home_win,Home Win,54.7,48.8,5.9,2.05,0.7212,True,44.5
sr:match:72042250,FK Kosice,MFk Dukla Banska Bystrica,FK Kosice vs MFk Dukla Banska Bystrica,Superliga,2026-09-06 16:00,target__home_win,Home Win,67.3,62.9,4.5,1.59,0.7212,True,44.5
sr:match:68492682,FK Auda Riga,FK Grobina,FK Auda Riga vs FK Grobina,Virsliga,2026-09-06 16:00,target__home_win,Home Win,78.5,69.4,9.1,1.44,0.7212,True,44.5
sr:match:72230734,Polonia Bytom,Podbeskidzie Bielsko-Biała,Polonia Bytom vs Podbeskidzie Bielsko-Biała,1. Liga,2026-09-06 16:00,target__home_win,Home Win,47.3,42.6,4.7,2.35,0.7212,True,44.5
sr:match:73945166,FC Shirak Gyumri,Sardarapat FC,FC Shirak Gyumri vs Sardarapat FC,Premier League,2026-09-06 16:00,target__home_win,Home Win,47.3,42.6,4.7,2.35,0.7212,True,44.5
sr:match:72501134,Aqvital FC Csakvar,Szeged-Csanad Grosics Akademia,Aqvital FC Csakvar vs Szeged-Csanad Grosics Akademia,NB II,2026-09-06 16:00,target__home_win,Home Win,34.4,30.3,4.1,3.3,0.7212,True,44.5
sr:match:73334384,Bechem United,Bibiani Gold Stars FC,Bechem United vs Bibiani Gold Stars FC,Premier League,2026-09-06 16:00,target__home_win,Home Win,67.3,61.3,6.0,1.63,0.7212,True,44.5
sr:match:73334386,Heart of Lions,Aduana Stars,Heart of Lions vs Aduana Stars,Premier League,2026-09-06 16:00,target__home_win,Home Win,78.5,69.9,8.6,1.43,0.7212,True,44.5
sr:match:73334374,Hearts of Oak,Berekum Chelsea,Hearts of Oak vs Berekum Chelsea,Premier League,2026-09-06 16:00,target__home_win,Home Win,67.3,57.1,10.2,1.75,0.7212,True,44.5
sr:match:73334372,Port City FC,FC AshantiGold 04,Port City FC vs FC AshantiGold 04,Premier League,2026-09-06 16:00,target__home_win,Home Win,54.7,51.5,3.1,1.94,0.7212,True,44.5
sr:match:73092910,Verona,SS Arezzo,Verona vs SS Arezzo,Serie B,2026-09-06 16:15,target__home_win,Home Win,67.3,57.1,10.2,1.75,0.7212,True,44.5
sr:match:74191594,ES Metlaoui,ES Hammam Sousse,ES Metlaoui vs ES Hammam Sousse,Ligue 1,2026-09-06 16:30,target__home_win,Home Win,54.7,48.8,5.9,2.05,0.7212,True,44.5
sr:match:68098088,CD Antofagasta,Deportes Recoleta,CD Antofagasta vs Deportes Recoleta,Primera B,2026-09-06 16:30,target__home_win,Home Win,78.5,68.0,10.5,1.47,0.7212,True,44.5
sr:match:74077792,FF Jaro Akademia,VPS Akatemia,FF Jaro Akademia vs VPS Akatemia,Kakkonen,2026-09-06 16:30,target__home_win,Home Win,47.3,29.4,17.9,3.4,0.7212,True,44.5
sr:match:72302608,Ferencvarosi Budapest,Ujpest FC Budapest,Ferencvarosi Budapest vs Ujpest FC Budapest,NB I,2026-09-06 16:45,target__home_win,Home Win,78.5,72.5,6.1,1.38,0.7212,True,44.5
sr:match:71680638,USA,Italy,USA vs Italy,"U20 FIFA World Cup, Women",2026-09-06 17:00,target__home_win,Home Win,78.5,73.5,5.0,1.36,0.7212,True,44.5
sr:match:71936098,Sporting Cristal,Los Chankas CYC,Sporting Cristal vs Los Chankas CYC,Liga 1,2026-09-06 17:00,target__home_win,Home Win,89.5,78.7,10.7,1.27,0.7212,True,44.5
sr:match:67119722,Deportivo Camioneros,Argentino de Quilmes,Deportivo Camioneros vs Argentino de Quilmes,Primera B,2026-09-06 17:00,target__home_win,Home Win,67.3,54.9,12.4,1.82,0.7212,True,44.5
sr:match:74123924,Central Espanol FC,Defensor Sporting,Central Espanol FC vs Defensor Sporting,Primera Division,2026-09-06 17:00,target__home_win,Home Win,34.4,31.2,3.1,3.2,0.7212,True,44.5
sr:match:67912790,FC Torpedo Kutaisi,FC Dinamo Tbilisi,FC Torpedo Kutaisi vs FC Dinamo Tbilisi,Erovnuli Liga,2026-09-06 17:00,target__home_win,Home Win,47.3,41.7,5.6,2.4,0.7212,True,44.5
sr:match:72514694,Wigry Suwalki,MKS Polonia Lidzbark Warminski,Wigry Suwalki vs MKS Polonia Lidzbark Warminski,"III Liga, Group 1",2026-09-06 17:00,target__home_win,Home Win,78.5,74.6,3.9,1.34,0.7212,True,44.5
sr:match:72284050,Hapoel Afula FC,Maccabi Kabilio Jaffa,Hapoel Afula FC vs Maccabi Kabilio Jaffa,National League,2026-09-06 17:00,target__home_win,Home Win,47.3,41.7,5.6,2.4,0.7212,True,44.5
sr:match:72284048,Maccabi Achi Nazareth FC,Maccabi Bney Reine,Maccabi Achi Nazareth FC vs Maccabi Bney Reine,National League,2026-09-06 17:00,target__home_win,Home Win,34.4,31.2,3.1,3.2,0.7212,True,44.5
sr:match:71901874,Vilnius FK Zalgiris,FA Siauliai,Vilnius FK Zalgiris vs FA Siauliai,TOPLYGA,2026-09-06 17:00,target__home_win,Home Win,89.5,80.6,8.8,1.24,0.7212,True,44.5
sr:match:73293866,Delfino Pescara,Ravenna FC 1913,Delfino Pescara vs Ravenna FC 1913,"Serie C, Group B",2026-09-06 17:00,target__home_win,Home Win,47.3,40.8,6.5,2.45,0.7212,True,44.5
sr:match:73293862,US Livorno 1915,Atalanta BC U23,US Livorno 1915 vs Atalanta BC U23,"Serie C, Group B",2026-09-06 17:00,target__home_win,Home Win,47.3,42.6,4.7,2.35,0.7212,True,44.5
sr:match:72837136,Menemen Belediyespor,Inegol Kafkas Genclikspor,Menemen Belediyespor vs Inegol Kafkas Genclikspor,2. Lig,2026-09-06 17:00,target__home_win,Home Win,54.7,51.5,3.1,1.94,0.7212,True,44.5
sr:match:72837746,MKE Ankaragucu,Ankara Demirspor,MKE Ankaragucu vs Ankara Demirspor,2. Lig,2026-09-06 17:00,target__home_win,Home Win,67.3,56.8,10.5,1.76,0.7212,True,44.5
sr:match:73067998,Hercules de Alicante CF,Atletico Madrid B,Hercules de Alicante CF vs Atletico Madrid B,Primera Federacion,2026-09-06 17:15,target__home_win,Home Win,47.3,42.6,4.7,2.35,0.7212,True,44.5
sr:match:72491300,Cdef Logrono,Athletic Bilbao,Cdef Logrono vs Athletic Bilbao,Primera Division Women,2026-09-06 17:30,target__home_win,Home Win,34.4,31.2,3.1,3.2,0.7212,True,44.5
sr:match:72083032,Crvena Zvezda,FK Partizan Belgrade,Crvena Zvezda vs FK Partizan Belgrade,Superliga,2026-09-06 18:00,target__home_win,Home Win,83.3,75.8,7.6,1.32,0.7212,True,44.5
sr:match:72398650,GKS Tychy,Avia Swidnik,GKS Tychy vs Avia Swidnik,II Liga,2026-09-06 18:30,target__home_win,Home Win,67.3,59.9,7.5,1.67,0.7212,True,44.5
sr:match:73265256,CA Rosario Central,Newell's Old Boys,CA Rosario Central vs Newell's Old Boys,Primera LPF,2026-09-06 18:45,target__home_win,Home Win,67.3,61.3,6.0,1.63,0.7212,True,44.5
sr:match:67682020,CD O'Higgins,Deportes Union La Calera,CD O'Higgins vs Deportes Union La Calera,Primera Division,2026-09-06 18:45,target__home_win,Home Win,67.3,55.9,11.5,1.79,0.7212,True,44.5
sr:match:74124496,Audax Rio EC RJ,Artsul FC RJ,Audax Rio EC RJ vs Artsul FC RJ,"Carioca, Serie B1",2026-09-06 18:45,target__home_win,Home Win,47.3,42.6,4.7,2.35,0.7212,True,44.5
sr:match:73217374,CA Alvarado,CSB Atenas,CA Alvarado vs CSB Atenas,Torneo Federal A,2026-09-06 19:00,target__home_win,Home Win,67.3,58.8,8.5,1.7,0.7212,True,44.5
sr:match:73217728,Deportivo Rincon,Costa Brava de General Pico,Deportivo Rincon vs Costa Brava de General Pico,Torneo Federal A,2026-09-06 19:00,target__home_win,Home Win,54.7,51.0,3.7,1.96,0.7212,True,44.5
sr:match:67118650,Agropecuario Argentino,Atletico de Rafaela,Agropecuario Argentino vs Atletico de Rafaela,Primera Nacional,2026-09-06 19:00,target__home_win,Home Win,67.3,52.4,15.0,1.91,0.7212,True,44.5
sr:match:67125950,Canuelas FC,Club Lujan,Canuelas FC vs Club Lujan,Primera C,2026-09-06 19:00,target__home_win,Home Win,34.4,31.2,3.1,3.2,0.7212,True,44.5
sr:match:67125954,CSDC Espanol,CA Fenix Pilar,CSDC Espanol vs CA Fenix Pilar,Primera C,2026-09-06 19:00,target__home_win,Home Win,67.3,55.6,11.8,1.8,0.7212,True,44.5
sr:match:74099604,Passo Fundo,SERC Brasil de Farroupilha RS,Passo Fundo vs SERC Brasil de Farroupilha RS,"Gaucho, Serie A2",2026-09-06 19:00,target__home_win,Home Win,67.3,59.9,7.5,1.67,0.7212,True,44.5
sr:match:74307000,HSK Zrinjski Mostar,NK Siroki Brijeg,HSK Zrinjski Mostar vs NK Siroki Brijeg,Premijer Liga,2026-09-06 19:15,target__home_win,Home Win,83.3,77.5,5.8,1.29,0.7212,True,44.5
sr:match:71936088,Deportivo Garcilaso,Atletico Grau,Deportivo Garcilaso vs Atletico Grau,Liga 1,2026-09-06 19:30,target__home_win,Home Win,67.3,63.7,3.7,1.57,0.7212,True,44.5
sr:match:67118642,San Martin de San Juan,CA Ferrocarril Midland,San Martin de San Juan vs CA Ferrocarril Midland,Primera Nacional,2026-09-06 19:30,target__home_win,Home Win,54.7,50.0,4.7,2.0,0.7212,True,44.5
sr:match:73217300,CAS Defensores de Belgrano,Sportivo General San Martin Formosa,CAS Defensores de Belgrano vs Sportivo General San Martin Formosa,Torneo Federal A,2026-09-06 20:00,target__home_win,Home Win,47.3,43.5,3.8,2.3,0.7212,True,44.5
sr:match:67117932,CA Chaco For Ever,CA Estudiantes,CA Chaco For Ever vs CA Estudiantes,Primera Nacional,2026-09-06 20:00,target__home_win,Home Win,47.3,43.5,3.8,2.3,0.7212,True,44.5
sr:match:67118638,CA Temperley,CA Colegiales,CA Temperley vs CA Colegiales,Primera Nacional,2026-09-06 20:00,target__home_win,Home Win,67.3,50.0,17.3,2.0,0.7212,True,44.5
sr:match:73998832,Deportivo Madryn,Club Ciudad de Bolivar,Deportivo Madryn vs Club Ciudad de Bolivar,Primera Nacional,2026-09-06 20:00,target__home_win,Home Win,67.3,60.2,7.1,1.66,0.7212,True,44.5
sr:match:74244300,Floresta EC CE,Maringa FC PR,Floresta EC CE vs Maringa FC PR,Brasileiro Serie C,2026-09-06 20:00,target__home_win,Home Win,34.4,31.2,3.1,3.2,0.7212,True,44.5
sr:match:73487140,Independiente Petrolero,Club Bolivar,Independiente Petrolero vs Club Bolivar,Division Profesional,2026-09-06 20:00,target__home_win,Home Win,28.1,21.1,7.1,4.75,0.7212,True,44.5
sr:match:74123926,Club Nacional de Football,CA Juventud de Las Piedras,Club Nacional de Football vs CA Juventud de Las Piedras,Primera Division,2026-09-06 20:30,target__home_win,Home Win,67.3,58.8,8.5,1.7,0.7212,True,44.5
sr:match:73265266,CA Central Cordoba SE,CA Independiente Avellaneda,CA Central Cordoba SE vs CA Independiente Avellaneda,Primera LPF,2026-09-06 21:00,target__home_win,Home Win,34.4,28.6,5.8,3.5,0.7212,True,44.5
sr:match:67117928,CA Central Norte Salta,Club Almirante Brown,CA Central Norte Salta vs Club Almirante Brown,Primera Nacional,2026-09-06 21:00,target__home_win,Home Win,47.3,43.5,3.8,2.3,0.7212,True,44.5
sr:match:67912284,Portland Thorns FC,Washington Spirit,Portland Thorns FC vs Washington Spirit,National Womens Soccer League,2026-09-06 21:00,target__home_win,Home Win,47.3,40.8,6.5,2.45,0.7212,True,44.5
sr:match:73842986,Union Comercio,CDU San Martin,Union Comercio vs CDU San Martin,Liga 2,2026-09-06 21:15,target__home_win,Home Win,67.3,56.2,11.2,1.78,0.7212,True,44.5
sr:match:73843042,Club Alianza Lima,Atletico Andahuaylas,Club Alianza Lima vs Atletico Andahuaylas,Liga Femenina,2026-09-06 21:15,target__home_win,Home Win,78.5,74.6,3.9,1.34,0.7212,True,44.5
sr:match:72636192,Boca Juniors de Cali,Envigado FC,Boca Juniors de Cali vs Envigado FC,Torneo DIMAYOR,2026-09-06 21:30,target__home_win,Home Win,34.4,29.4,5.0,3.4,0.7212,True,44.5
sr:match:68687888,Delfin SC,CD Universidad Catolica del Ecuador,Delfin SC vs CD Universidad Catolica del Ecuador,LigaPro Primera A,2026-09-06 22:00,target__home_win,Home Win,32.1,27.8,4.3,3.6,0.7212,True,44.5
sr:match:74123928,Liverpool Montevideo,CA Boston River,Liverpool Montevideo vs CA Boston River,Primera Division,2026-09-06 23:30,target__home_win,Home Win,67.3,56.2,11.2,1.78,0.7212,True,44.5
sr:match:72055154,CF Cruz Azul,Club Santos Laguna,CF Cruz Azul vs Club Santos Laguna,Liga MX,2026-09-07 00:00,target__home_win,Home Win,78.5,71.4,7.1,1.4,0.7212,True,44.5
sr:match:74170882,CSD Municipal,Deportivo San Pedro,CSD Municipal vs Deportivo San Pedro,Liga Nacional,2026-09-07 00:00,target__home_win,Home Win,89.5,82.0,7.5,1.22,0.7212,True,44.5
sr:match:74269700,CD Walter Ferretti,Managua FC,CD Walter Ferretti vs Managua FC,Primera Division,2026-09-07 00:00,target__home_win,Home Win,27.3,21.3,6.0,4.7,0.7212,True,44.5
sr:match:66299486,Portland Timbers,Minnesota United FC,Portland Timbers vs Minnesota United FC,MLS,2026-09-06 03:30,target__ht_away_win,HT Away Win,42.4,31.2,11.2,3.2,0.6617,True,26.6
sr:match:67172222,Av Alta FC,One Knoxville SC,Av Alta FC vs One Knoxville SC,USL League One,2026-09-06 03:30,target__ht_away_win,HT Away Win,42.4,37.7,4.7,2.65,0.6617,True,26.6
sr:match:74298816,APIA Leichhardt,NWS Spirit,APIA Leichhardt vs NWS Spirit,NSW NPL 1,2026-09-06 07:00,target__ht_away_win,HT Away Win,22.6,18.9,3.8,5.3,0.6617,True,26.6
sr:match:68916438,Yangpyeong FC,Siheung Citizen FC,Yangpyeong FC vs Siheung Citizen FC,K3 League,2026-09-06 09:00,target__ht_away_win,HT Away Win,54.0,40.8,13.2,2.45,0.6617,True,26.6
sr:match:72597682,SK Sigma Olomouc B,SK Artis B,SK Sigma Olomouc B vs SK Artis B,MSFL,2026-09-06 09:15,target__ht_away_win,HT Away Win,33.7,26.7,7.1,3.75,0.6617,True,26.6
sr:match:72149708,Fagiano Okayama,Sanfrecce Hiroshima,Fagiano Okayama vs Sanfrecce Hiroshima,J1 League,2026-09-06 10:00,target__ht_away_win,HT Away Win,54.0,40.0,14.0,2.5,0.6617,True,26.6
sr:match:72151948,Roasso Kumamoto,Nara Club,Roasso Kumamoto vs Nara Club,J3 League,2026-09-06 10:00,target__ht_away_win,HT Away Win,33.7,25.6,8.1,3.9,0.6617,True,26.6
sr:match:72116150,Azul Claro Numazu,Briobecca Urayasu,Azul Claro Numazu vs Briobecca Urayasu,Japan Football League,2026-09-06 10:00,target__ht_away_win,HT Away Win,33.7,25.0,8.7,4.0,0.6617,True,26.6
sr:match:72398656,Slask II Wroclaw,Olimpia Grudziadz,Slask II Wroclaw vs Olimpia Grudziadz,II Liga,2026-09-06 11:00,target__ht_away_win,HT Away Win,54.0,41.7,12.3,2.4,0.6617,True,26.6
sr:match:73916394,Naftan Novopolotsk,FC Minsk,Naftan Novopolotsk vs FC Minsk,Vysshaya Liga,2026-09-06 11:00,target__ht_away_win,HT Away Win,54.0,45.5,8.5,2.2,0.6617,True,26.6
sr:match:72203030,Cercle Brugge,Gent,Cercle Brugge vs Gent,Pro League,2026-09-06 12:30,target__ht_away_win,HT Away Win,42.4,34.5,7.9,2.9,0.6617,True,26.6
sr:match:72176930,Servette Geneva,FC St. Gallen 1879,Servette Geneva vs FC St. Gallen 1879,Super League,2026-09-06 13:00,target__ht_away_win,HT Away Win,33.7,30.0,3.7,3.33,0.6617,True,26.6
sr:match:72230724,MKS Arka Gdynia,LKS Lodz,MKS Arka Gdynia vs LKS Lodz,1. Liga,2026-09-06 13:30,target__ht_away_win,HT Away Win,33.7,29.4,4.3,3.4,0.6617,True,26.6
sr:match:71945232,Frosinone,Venezia FC,Frosinone vs Venezia FC,Serie A,2026-09-06 14:00,target__ht_away_win,HT Away Win,60.0,32.3,27.7,3.1,0.6617,True,26.6
sr:match:72036164,Troyes,Strasbourg,Troyes vs Strasbourg,Ligue 1,2026-09-06 14:00,target__ht_away_win,HT Away Win,42.4,33.3,9.1,3.0,0.6617,True,26.6
sr:match:68311098,Piteaa IF,Karlbergs BK,Piteaa IF vs Karlbergs BK,Ettan,2026-09-06 14:00,target__ht_away_win,HT Away Win,54.0,42.6,11.4,2.35,0.6617,True,26.6
sr:match:72513176,Hamburger SV,Mainz,Hamburger SV vs Mainz,Bundesliga,2026-09-06 14:30,target__ht_away_win,HT Away Win,60.0,33.3,26.7,3.0,0.6617,True,26.6
sr:match:72302606,Zalaegerszeg TE,Puskas Akademia FC Felcsut,Zalaegerszeg TE vs Puskas Akademia FC Felcsut,NB I,2026-09-06 14:30,target__ht_away_win,HT Away Win,42.4,33.9,8.5,2.95,0.6617,True,26.6
sr:match:72201626,Heart of Midlothian FC,Dundee FC,Heart of Midlothian FC vs Dundee FC,Premiership,2026-09-06 15:00,target__ht_away_win,HT Away Win,33.7,17.5,16.2,5.7,0.6617,True,26.6
sr:match:73916396,FC Baranovichi,FC Dnepr Mogilev,FC Baranovichi vs FC Dnepr Mogilev,Vysshaya Liga,2026-09-06 15:00,target__ht_away_win,HT Away Win,33.7,30.0,3.7,3.33,0.6617,True,26.6
sr:match:68194822,IA Akranes,KR Reykjavik,IA Akranes vs KR Reykjavik,Besta deild,2026-09-06 15:00,target__ht_away_win,HT Away Win,54.0,45.5,8.5,2.2,0.6617,True,26.6
sr:match:68194828,Stjarnan Gardabae,IBV Vestmannaeyjar,Stjarnan Gardabae vs IBV Vestmannaeyjar,Besta deild,2026-09-06 15:00,target__ht_away_win,HT Away Win,33.7,26.3,7.4,3.8,0.6617,True,26.6
sr:match:72837134,Arnavutkoy Belediyesi Genclik Ve Spor,Aliaga Futbol,Arnavutkoy Belediyesi Genclik Ve Spor vs Aliaga Futbol,2. Lig,2026-09-06 15:00,target__ht_away_win,HT Away Win,54.0,48.8,5.2,2.05,0.6617,True,26.6
sr:match:72814212,KF Tirana,FK Vora,KF Tirana vs FK Vora,Kategoria Superiore,2026-09-06 15:00,target__ht_away_win,HT Away Win,33.7,28.6,5.2,3.5,0.6617,True,26.6
sr:match:73753068,Besa Kavaje,Flamurtari Vlore,Besa Kavaje vs Flamurtari Vlore,Kategoria e Pare,2026-09-06 15:00,target__ht_away_win,HT Away Win,33.7,28.6,5.2,3.5,0.6617,True,26.6
sr:match:72041120,ADO Den Haag,Fortuna Sittard,ADO Den Haag vs Fortuna Sittard,Eredivisie,2026-09-06 15:45,target__ht_away_win,HT Away Win,54.0,28.6,25.4,3.5,0.6617,True,26.6
sr:match:72517214,AKS 1947 Busko Zdroj,Wislanie Skawina,AKS 1947 Busko Zdroj vs Wislanie Skawina,"III Liga, Group 4",2026-09-06 16:00,target__ht_away_win,HT Away Win,54.0,50.0,4.0,2.0,0.6617,True,26.6
sr:match:73866540,FC Real Sireti,FC Zimbru Chisinau,FC Real Sireti vs FC Zimbru Chisinau,Super Liga,2026-09-06 16:00,target__ht_away_win,HT Away Win,71.4,65.4,6.1,1.53,0.6617,True,26.6
sr:match:72513172,Eintracht Frankfurt,Augsburg,Eintracht Frankfurt vs Augsburg,Bundesliga,2026-09-06 16:30,target__ht_away_win,HT Away Win,33.7,26.3,7.4,3.8,0.6617,True,26.6
sr:match:67682012,Deportes La Serena,Nublense,Deportes La Serena vs Nublense,Primera Division,2026-09-06 16:30,target__ht_away_win,HT Away Win,33.7,30.3,3.4,3.3,0.6617,True,26.6
sr:match:68098088,CD Antofagasta,Deportes Recoleta,CD Antofagasta vs Deportes Recoleta,Primera B,2026-09-06 16:30,target__ht_away_win,HT Away Win,21.7,17.2,4.4,5.8,0.6617,True,26.6
sr:match:72607950,FC Hradec Kralove,Sparta Prague,FC Hradec Kralove vs Sparta Prague,1. Liga,2026-09-06 17:00,target__ht_away_win,HT Away Win,42.4,36.4,6.1,2.75,0.6617,True,26.6
sr:match:73160362,APOEL Nikosia,AEL Limassol,APOEL Nikosia vs AEL Limassol,1st Division,2026-09-06 17:00,target__ht_away_win,HT Away Win,33.7,22.2,11.5,4.5,0.6617,True,26.6
sr:match:72466496,FC Yantra Gabrovo,Marek Dupnica,FC Yantra Gabrovo vs Marek Dupnica,Vtora Liga,2026-09-06 17:00,target__ht_away_win,HT Away Win,21.8,18.5,3.3,5.4,0.6617,True,26.6
sr:match:72477364,CD Castellon,Albacete Balompie,CD Castellon vs Albacete Balompie,LALIGA HYPERMOTION,2026-09-06 17:30,target__ht_away_win,HT Away Win,21.7,17.9,3.8,5.6,0.6617,True,26.6
sr:match:72203034,RSC Anderlecht,Genk,RSC Anderlecht vs Genk,Pro League,2026-09-06 17:30,target__ht_away_win,HT Away Win,33.7,30.3,3.4,3.3,0.6617,True,26.6
sr:match:72723178,Trabzonspor,Genclerbirligi SK,Trabzonspor vs Genclerbirligi SK,Super Lig,2026-09-06 18:00,target__ht_away_win,HT Away Win,21.7,17.5,4.1,5.7,0.6617,True,26.6
sr:match:72735746,Muglaspor,Van Spor FK,Muglaspor vs Van Spor FK,1. Lig,2026-09-06 18:00,target__ht_away_win,HT Away Win,33.7,21.1,12.7,4.75,0.6617,True,26.6
sr:match:72963742,AS La Jeunesse D Esch/Alzette,FC Wiltz 71,AS La Jeunesse D Esch/Alzette vs FC Wiltz 71,Division Nationale,2026-09-06 18:00,target__ht_away_win,HT Away Win,54.0,28.6,25.4,3.5,0.6617,True,26.6
sr:match:72203036,KV Waasland-Beveren,Oud-Heverlee Leuven,KV Waasland-Beveren vs Oud-Heverlee Leuven,Pro League,2026-09-06 18:15,target__ht_away_win,HT Away Win,33.7,30.0,3.7,3.33,0.6617,True,26.6
sr:match:73954154,Al Shabab Kuwait,Kazma SC,Al Shabab Kuwait vs Kazma SC,Premier League,2026-09-06 18:50,target__ht_away_win,HT Away Win,54.0,48.8,5.2,2.05,0.6617,True,26.6
sr:match:67123424,CA Puerto Nuevo,CA Lugano,CA Puerto Nuevo vs CA Lugano,Primera C,2026-09-06 19:00,target__ht_away_win,HT Away Win,54.0,28.6,25.4,3.5,0.6617,True,26.6
sr:match:72491306,Real Madrid W,SD Eibar,Real Madrid W vs SD Eibar,Primera Division Women,2026-09-06 19:30,target__ht_away_win,HT Away Win,21.7,8.3,13.3,12.0,0.6617,True,26.6
sr:match:71913054,NK Slaven Belupo,NK Lokomotiva Zagreb,NK Slaven Belupo vs NK Lokomotiva Zagreb,HNL,2026-09-06 20:00,target__ht_away_win,HT Away Win,42.4,32.3,10.2,3.1,0.6617,True,26.6
sr:match:67682022,Huachipato,Colo-Colo,Huachipato vs Colo-Colo,Primera Division,2026-09-06 21:00,target__ht_away_win,HT Away Win,54.0,44.4,9.5,2.25,0.6617,True,26.6
sr:match:71936094,Juan Pablo II College,Alianza Lima,Juan Pablo II College vs Alianza Lima,Liga 1,2026-09-06 21:00,target__ht_away_win,HT Away Win,53.6,45.5,8.1,2.2,0.6617,True,26.6
sr:match:67912288,Orlando Pride,Houston Dash,Orlando Pride vs Houston Dash,National Womens Soccer League,2026-09-07 00:00,target__ht_away_win,HT Away Win,42.4,24.4,18.0,4.1,0.6617,True,26.6
sr:match:67172906,Monterey Bay FC,Phoenix Rising FC,Monterey Bay FC vs Phoenix Rising FC,USL Championship,2026-09-06 03:00,target__ht_draw,HT Draw,47.6,42.6,5.0,2.35,0.5904,True,39.0
sr:match:72055150,Atlas FC,Atlante FC,Atlas FC vs Atlante FC,Liga MX,2026-09-06 04:00,target__ht_draw,HT Draw,47.6,44.4,3.1,2.25,0.5904,True,39.0
sr:match:111111113657779,Taroona,Launceston United,Taroona vs Launceston United,"Tasmania Super League, Women",2026-09-06 05:30,target__ht_draw,HT Draw,45.6,38.5,7.2,2.6,0.5904,True,39.0
sr:match:74201978,Sunshine Coast Wanderers,Ipswich FC,Sunshine Coast Wanderers vs Ipswich FC,U23 Queensland Premier League 1,2026-09-06 07:00,target__ht_draw,HT Draw,45.6,40.8,4.8,2.45,0.5904,True,39.0
sr:match:72414950,FK Admira Prague,FC Viktoria Plzen B,FK Admira Prague vs FC Viktoria Plzen B,CFL,2026-09-06 09:15,target__ht_draw,HT Draw,47.6,42.6,5.0,2.35,0.5904,True,39.0
sr:match:72597694,MFk Karvina B,FK Hodonin,MFk Karvina B vs FK Hodonin,MSFL,2026-09-06 09:15,target__ht_draw,HT Draw,47.6,43.5,4.1,2.3,0.5904,True,39.0
sr:match:72415534,FK Teplice B,FK Pardubice B,FK Teplice B vs FK Pardubice B,CFL,2026-09-06 10:00,target__ht_draw,HT Draw,47.6,42.6,5.0,2.35,0.5904,True,39.0
sr:match:73068002,Real Jaen CF,SD Huesca,Real Jaen CF vs SD Huesca,Primera Federacion,2026-09-06 10:30,target__ht_draw,HT Draw,60.0,51.0,9.0,1.96,0.5904,True,39.0
sr:match:72149698,Kashiwa Reysol,Yokohama F Marinos,Kashiwa Reysol vs Yokohama F Marinos,J1 League,2026-09-06 11:00,target__ht_draw,HT Draw,47.6,42.6,5.0,2.35,0.5904,True,39.0
sr:match:72149712,Kawasaki Frontale,Shimizu S-Pulse,Kawasaki Frontale vs Shimizu S-Pulse,J1 League,2026-09-06 11:00,target__ht_draw,HT Draw,47.6,40.8,6.8,2.45,0.5904,True,39.0
sr:match:72149706,Vissel Kobe,V-Varen Nagasaki,Vissel Kobe vs V-Varen Nagasaki,J1 League,2026-09-06 11:00,target__ht_draw,HT Draw,47.6,44.4,3.1,2.25,0.5904,True,39.0
sr:match:67817856,Gimcheon Sangmu FC,Gwangju FC,Gimcheon Sangmu FC vs Gwangju FC,K-League 1,2026-09-06 11:00,target__ht_draw,HT Draw,47.6,42.6,5.0,2.35,0.5904,True,39.0
sr:match:72151124,Oita Trinita,FC Imabari,Oita Trinita vs FC Imabari,J2 League,2026-09-06 11:00,target__ht_draw,HT Draw,60.0,48.8,11.2,2.05,0.5904,True,39.0
sr:match:69502022,FK Tukums 2000/Tss II,Saldus SS/Leevon,FK Tukums 2000/Tss II vs Saldus SS/Leevon,1.Liga,2026-09-06 11:00,target__ht_draw,HT Draw,45.6,37.0,8.6,2.7,0.5904,True,39.0
sr:match:72398656,Slask II Wroclaw,Olimpia Grudziadz,Slask II Wroclaw vs Olimpia Grudziadz,II Liga,2026-09-06 11:00,target__ht_draw,HT Draw,45.6,41.7,4.0,2.4,0.5904,True,39.0
sr:match:72149700,FC Tokyo,Kyoto Sanga FC,FC Tokyo vs Kyoto Sanga FC,J1 League,2026-09-06 11:30,target__ht_draw,HT Draw,47.6,41.7,5.9,2.4,0.5904,True,39.0
sr:match:72499026,Thisted FC,Nykoebing FC,Thisted FC vs Nykoebing FC,2nd Division,2026-09-06 12:00,target__ht_draw,HT Draw,47.6,42.6,5.0,2.35,0.5904,True,39.0
sr:match:73549878,Nam Dinh FC,Hoang Anh Gia Lai,Nam Dinh FC vs Hoang Anh Gia Lai,V-League 1,2026-09-06 12:00,target__ht_draw,HT Draw,47.6,38.5,9.1,2.6,0.5904,True,39.0
sr:match:72680104,FC Wurzburger Kickers,VfB Stuttgart II,FC Wurzburger Kickers vs VfB Stuttgart II,3. Liga,2026-09-06 12:30,target__ht_draw,HT Draw,45.6,41.7,4.0,2.4,0.5904,True,39.0
sr:match:72387970,FC Petrolul Ploiesti,FC Corvinul Hunedoara 1921,FC Petrolul Ploiesti vs FC Corvinul Hunedoara 1921,Superliga,2026-09-06 13:00,target__ht_draw,HT Draw,60.0,48.8,11.2,2.05,0.5904,True,39.0
sr:match:72578288,FK Ural Yekaterinburg,FC Kamaz Naberezhnye Chelny,FK Ural Yekaterinburg vs FC Kamaz Naberezhnye Chelny,1. Liga,2026-09-06 13:00,target__ht_draw,HT Draw,47.6,40.0,7.6,2.5,0.5904,True,39.0
sr:match:68320960,Bollstanas SK,Angby IF,Bollstanas SK vs Angby IF,Division 2,2026-09-06 13:00,target__ht_draw,HT Draw,47.6,40.8,6.8,2.45,0.5904,True,39.0
sr:match:67916098,Notodden FK,Lysekloster,Notodden FK vs Lysekloster,2nd Division Group 1,2026-09-06 13:00,target__ht_draw,HT Draw,37.7,34.5,3.2,2.9,0.5904,True,39.0
sr:match:72674238,FSV Schoningen 2011,VfB Oldenburg,FSV Schoningen 2011 vs VfB Oldenburg,Regionalliga North,2026-09-06 13:00,target__ht_draw,HT Draw,47.6,39.2,8.4,2.55,0.5904,True,39.0
sr:match:70381658,Chitipa United,Creck SC,Chitipa United vs Creck SC,Super League,2026-09-06 13:30,target__ht_draw,HT Draw,60.0,52.4,7.6,1.91,0.5904,True,39.0
sr:match:71680622,France,Korea Republic,France vs Korea Republic,"U20 FIFA World Cup, Women",2026-09-06 14:00,target__ht_draw,HT Draw,39.4,36.4,3.0,2.75,0.5904,True,39.0
sr:match:68344822,IFK Berga,Lilla Torg FF,IFK Berga vs Lilla Torg FF,Division 2,2026-09-06 14:00,target__ht_draw,HT Draw,45.6,40.8,4.8,2.45,0.5904,True,39.0
sr:match:67915818,Ullensaker/Kisa,Levanger FK,Ullensaker/Kisa vs Levanger FK,2nd Division Group 2,2026-09-06 14:00,target__ht_draw,HT Draw,37.7,34.5,3.2,2.9,0.5904,True,39.0
sr:match:72674242,Bremer SV 1906,Kickers Emden,Bremer SV 1906 vs Kickers Emden,Regionalliga North,2026-09-06 14:00,target__ht_draw,HT Draw,45.6,40.8,4.8,2.45,0.5904,True,39.0
sr:match:73346472,Sheffield United LFC,Leicester City WFC,Sheffield United LFC vs Leicester City WFC,"Super League 2, Women",2026-09-06 14:00,target__ht_draw,HT Draw,47.6,43.5,4.1,2.3,0.5904,True,39.0
sr:match:73346470,Sunderland AFC,Bristol City WFC,Sunderland AFC vs Bristol City WFC,"Super League 2, Women",2026-09-06 14:00,target__ht_draw,HT Draw,47.6,43.5,4.1,2.3,0.5904,True,39.0
sr:match:73345992,Charlton Athletic,Liverpool LFC,Charlton Athletic vs Liverpool LFC,Super League Women,2026-09-06 14:00,target__ht_draw,HT Draw,47.6,44.4,3.1,2.25,0.5904,True,39.0
sr:match:73345994,Crystal Palace,Everton FC Women,Crystal Palace vs Everton FC Women,Super League Women,2026-09-06 14:00,target__ht_draw,HT Draw,47.6,44.4,3.1,2.25,0.5904,True,39.0
sr:match:67915822,Trygg/Lade,Hoenefoss BK,Trygg/Lade vs Hoenefoss BK,2nd Division Group 2,2026-09-06 14:30,target__ht_draw,HT Draw,39.4,35.7,3.7,2.8,0.5904,True,39.0
sr:match:72723188,Corum FK,Eyupspor,Corum FK vs Eyupspor,Super Lig,2026-09-06 15:00,target__ht_draw,HT Draw,47.6,43.5,4.1,2.3,0.5904,True,39.0
sr:match:72203032,KV Kortrijk,SV Zulte Waregem,KV Kortrijk vs SV Zulte Waregem,Pro League,2026-09-06 15:00,target__ht_draw,HT Draw,45.6,42.6,3.1,2.35,0.5904,True,39.0
sr:match:71925006,Odense Boldklub,Copenhagen,Odense Boldklub vs Copenhagen,Superliga,2026-09-06 15:00,target__ht_draw,HT Draw,45.6,40.8,4.8,2.45,0.5904,True,39.0
sr:match:68823232,Londrina EC PR,Operario Ferroviario EC PR,Londrina EC PR vs Operario Ferroviario EC PR,Brasileiro Serie B,2026-09-06 15:00,target__ht_draw,HT Draw,60.0,48.8,11.2,2.05,0.5904,True,39.0
sr:match:68320964,Viggbyholms IK FF,Falu BS FK,Viggbyholms IK FF vs Falu BS FK,Division 2,2026-09-06 15:00,target__ht_draw,HT Draw,45.6,41.7,4.0,2.4,0.5904,True,39.0
sr:match:72837134,Arnavutkoy Belediyesi Genclik Ve Spor,Aliaga Futbol,Arnavutkoy Belediyesi Genclik Ve Spor vs Aliaga Futbol,2. Lig,2026-09-06 15:00,target__ht_draw,HT Draw,47.6,43.5,4.1,2.3,0.5904,True,39.0
sr:match:72674246,HSC Hannover,SC Weiche Flensburg 08,HSC Hannover vs SC Weiche Flensburg 08,Regionalliga North,2026-09-06 15:00,target__ht_draw,HT Draw,47.6,39.2,8.4,2.55,0.5904,True,39.0
sr:match:72889464,Inkilap Fsk,Zonguldak Komurspor,Inkilap Fsk vs Zonguldak Komurspor,3. Lig,2026-09-06 15:00,target__ht_draw,HT Draw,60.0,46.5,13.5,2.15,0.5904,True,39.0
sr:match:72449276,FH Hafnarfjordur,Thor/KA,FH Hafnarfjordur vs Thor/KA,"Besta deild, Women",2026-09-06 15:00,target__ht_draw,HT Draw,37.7,34.5,3.2,2.9,0.5904,True,39.0
sr:match:72478542,Valencia,Barcelona,Valencia vs Barcelona,LaLiga,2026-09-06 15:15,target__ht_draw,HT Draw,37.7,32.3,5.5,3.1,0.5904,True,39.0
sr:match:72477374,Real Oviedo,Burgos CF,Real Oviedo vs Burgos CF,LALIGA HYPERMOTION,2026-09-06 15:15,target__ht_draw,HT Draw,60.0,51.5,8.5,1.94,0.5904,True,39.0
sr:match:72530904,Santa Clara Azores,Rio Ave FC,Santa Clara Azores vs Rio Ave FC,Liga Portugal,2026-09-06 15:30,target__ht_draw,HT Draw,60.0,47.6,12.4,2.1,0.5904,True,39.0
sr:match:67126750,IF Brommapojkarna,IF Elfsborg,IF Brommapojkarna vs IF Elfsborg,Allsvenskan,2026-09-06 15:30,target__ht_draw,HT Draw,50.0,43.5,6.5,2.3,0.5904,True,39.0
sr:match:72176934,Basel,Lugano,Basel vs Lugano,Super League,2026-09-06 15:30,target__ht_draw,HT Draw,45.6,41.7,4.0,2.4,0.5904,True,39.0
sr:match:73269894,SG Sonnenhof Grossaspach,TSG Hoffenheim II,SG Sonnenhof Grossaspach vs TSG Hoffenheim II,3. Liga,2026-09-06 15:30,target__ht_draw,HT Draw,47.6,40.8,6.8,2.45,0.5904,True,39.0
sr:match:67015366,Sarpsborg 08,Vaalerenga IF,Sarpsborg 08 vs Vaalerenga IF,Eliteserien,2026-09-06 16:00,target__ht_draw,HT Draw,45.6,37.7,7.9,2.65,0.5904,True,39.0
sr:match:73287454,SC/ESV Parndorf 1919,Wolfsberger AC,SC/ESV Parndorf 1919 vs Wolfsberger AC,OFB Cup,2026-09-06 16:00,target__ht_draw,HT Draw,37.7,33.9,3.8,2.95,0.5904,True,39.0
sr:match:73334374,Hearts of Oak,Berekum Chelsea,Hearts of Oak vs Berekum Chelsea,Premier League,2026-09-06 16:00,target__ht_draw,HT Draw,60.0,51.8,8.2,1.93,0.5904,True,39.0
sr:match:72036146,Angers,Rennes,Angers vs Rennes,Ligue 1,2026-09-06 16:15,target__ht_draw,HT Draw,47.6,41.7,5.9,2.4,0.5904,True,39.0
sr:match:72221232,Arsenal,Chelsea,Arsenal vs Chelsea,Premier League,2026-09-06 16:30,target__ht_draw,HT Draw,47.6,40.8,6.8,2.45,0.5904,True,39.0
sr:match:68098088,CD Antofagasta,Deportes Recoleta,CD Antofagasta vs Deportes Recoleta,Primera B,2026-09-06 16:30,target__ht_draw,HT Draw,45.6,40.8,4.8,2.45,0.5904,True,39.0
sr:match:72278458,NK Maribor,Mura Murska Sobota,NK Maribor vs Mura Murska Sobota,PrvaLiga,2026-09-06 16:30,target__ht_draw,HT Draw,47.6,39.2,8.4,2.55,0.5904,True,39.0
sr:match:67920880,Stroemsgodset 2,Finnsnes IL,Stroemsgodset 2 vs Finnsnes IL,"3. Division, Group 5",2026-09-06 16:30,target__ht_draw,HT Draw,47.6,39.2,8.4,2.55,0.5904,True,39.0
sr:match:71680638,USA,Italy,USA vs Italy,"U20 FIFA World Cup, Women",2026-09-06 17:00,target__ht_draw,HT Draw,45.6,39.2,6.4,2.55,0.5904,True,39.0
sr:match:71936098,Sporting Cristal,Los Chankas CYC,Sporting Cristal vs Los Chankas CYC,Liga 1,2026-09-06 17:00,target__ht_draw,HT Draw,39.4,34.5,4.9,2.9,0.5904,True,39.0
sr:match:72478526,Alaves,Osasuna,Alaves vs Osasuna,LaLiga,2026-09-06 17:30,target__ht_draw,HT Draw,71.4,50.3,21.2,1.99,0.5904,True,39.0
sr:match:72936030,OFI Crete,AE Kifisia FC,OFI Crete vs AE Kifisia FC,Super League,2026-09-06 17:30,target__ht_draw,HT Draw,60.0,47.6,12.4,2.1,0.5904,True,39.0
sr:match:72530908,Vitoria SC Guimaraes,Casa Pia Lisbon,Vitoria SC Guimaraes vs Casa Pia Lisbon,Liga Portugal,2026-09-06 18:00,target__ht_draw,HT Draw,47.6,42.6,5.0,2.35,0.5904,True,39.0
sr:match:72723192,Kocaelispor,Samsunspor,Kocaelispor vs Samsunspor,Super Lig,2026-09-06 18:00,target__ht_draw,HT Draw,60.0,48.8,11.2,2.05,0.5904,True,39.0
sr:match:72387978,ASC Otelul Galati,Rapid Bucuresti 1923,ASC Otelul Galati vs Rapid Bucuresti 1923,Superliga,2026-09-06 18:30,target__ht_draw,HT Draw,60.0,47.6,12.4,2.1,0.5904,True,39.0
sr:match:72334306,FC Baltika Kaliningrad,Lokomotiv Moscow,FC Baltika Kaliningrad vs Lokomotiv Moscow,Premier League,2026-09-06 18:45,target__ht_draw,HT Draw,60.0,46.5,13.5,2.15,0.5904,True,39.0
sr:match:73217374,CA Alvarado,CSB Atenas,CA Alvarado vs CSB Atenas,Torneo Federal A,2026-09-06 19:00,target__ht_draw,HT Draw,60.0,50.0,10.0,2.0,0.5904,True,39.0
sr:match:73217726,CA Juventud Unida Universitario San Luis,CD Santamarina Tandil,CA Juventud Unida Universitario San Luis vs CD Santamarina Tandil,Torneo Federal A,2026-09-06 19:00,target__ht_draw,HT Draw,60.0,47.6,12.4,2.1,0.5904,True,39.0
sr:match:73217728,Deportivo Rincon,Costa Brava de General Pico,Deportivo Rincon vs Costa Brava de General Pico,Torneo Federal A,2026-09-06 19:00,target__ht_draw,HT Draw,60.0,51.8,8.2,1.93,0.5904,True,39.0
sr:match:67119716,CA Villa San Carlos,CA Brown de Adrogue,CA Villa San Carlos vs CA Brown de Adrogue,Primera B,2026-09-06 19:00,target__ht_draw,HT Draw,60.0,53.8,6.2,1.86,0.5904,True,39.0
sr:match:67119710,CD UAI Urquiza,Argentino de Merlo,CD UAI Urquiza vs Argentino de Merlo,Primera B,2026-09-06 19:00,target__ht_draw,HT Draw,64.1,54.9,9.1,1.82,0.5904,True,39.0
sr:match:67119714,CSD Liniers,CSCD Laferrere,CSD Liniers vs CSCD Laferrere,Primera B,2026-09-06 19:00,target__ht_draw,HT Draw,60.0,54.1,5.9,1.85,0.5904,True,39.0
sr:match:67117938,CA San Miguel,CD Godoy Cruz,CA San Miguel vs CD Godoy Cruz,Primera Nacional,2026-09-06 19:00,target__ht_draw,HT Draw,60.0,55.2,4.8,1.81,0.5904,True,39.0
sr:match:67123430,ASD Justo Jose de Urquiza,Juventud Unida San Miguel,ASD Justo Jose de Urquiza vs Juventud Unida San Miguel,Primera C,2026-09-06 19:00,target__ht_draw,HT Draw,60.0,55.2,4.8,1.81,0.5904,True,39.0
sr:match:67125950,Canuelas FC,Club Lujan,Canuelas FC vs Club Lujan,Primera C,2026-09-06 19:00,target__ht_draw,HT Draw,71.4,53.8,17.7,1.86,0.5904,True,39.0
sr:match:74068596,APAFUT Caxias Do Sul RS,CE Aimore RS,APAFUT Caxias Do Sul RS vs CE Aimore RS,"Gaucho, Serie A2",2026-09-06 19:00,target__ht_draw,HT Draw,60.0,52.9,7.1,1.89,0.5904,True,39.0
sr:match:74123940,Gremio Esportivo Brasil,CE Lajeadense RS,Gremio Esportivo Brasil vs CE Lajeadense RS,"Gaucho, Serie A2",2026-09-06 19:00,target__ht_draw,HT Draw,60.0,46.5,13.5,2.15,0.5904,True,39.0
sr:match:67118634,Club Almagro,Gimnasia y Esgrima de Jujuy,Club Almagro vs Gimnasia y Esgrima de Jujuy,Primera Nacional,2026-09-06 19:30,target__ht_draw,HT Draw,60.0,52.4,7.6,1.91,0.5904,True,39.0
sr:match:72036154,Marseille,Paris FC,Marseille vs Paris FC,Ligue 1,2026-09-06 19:45,target__ht_draw,HT Draw,47.6,40.8,6.8,2.45,0.5904,True,39.0
sr:match:67118638,CA Temperley,CA Colegiales,CA Temperley vs CA Colegiales,Primera Nacional,2026-09-06 20:00,target__ht_draw,HT Draw,60.0,55.6,4.4,1.8,0.5904,True,39.0
sr:match:67118636,CD Maipu,CA Patronato Parana,CD Maipu vs CA Patronato Parana,Primera Nacional,2026-09-06 20:00,target__ht_draw,HT Draw,60.0,52.6,7.4,1.9,0.5904,True,39.0
sr:match:73998832,Deportivo Madryn,Club Ciudad de Bolivar,Deportivo Madryn vs Club Ciudad de Bolivar,Primera Nacional,2026-09-06 20:00,target__ht_draw,HT Draw,60.0,50.8,9.2,1.97,0.5904,True,39.0
sr:match:72636192,Boca Juniors de Cali,Envigado FC,Boca Juniors de Cali vs Envigado FC,Torneo DIMAYOR,2026-09-06 21:30,target__ht_draw,HT Draw,60.0,51.5,8.5,1.94,0.5904,True,39.0
sr:match:68823226,AA Ponte Preta SP,Sao Bernardo FC,AA Ponte Preta SP vs Sao Bernardo FC,Brasileiro Serie B,2026-09-06 22:30,target__ht_draw,HT Draw,47.6,37.0,10.5,2.7,0.5904,True,39.0
sr:match:73217306,CA Sol de America de Formosa,CS Belgrano,CA Sol de America de Formosa vs CS Belgrano,Torneo Federal A,2026-09-06 23:00,target__ht_draw,HT Draw,60.0,53.2,6.8,1.88,0.5904,True,39.0
sr:match:66299488,Vancouver Whitecaps FC,Saint Louis City SC,Vancouver Whitecaps FC vs Saint Louis City SC,MLS,2026-09-06 03:30,target__ht_home_win,HT Home Win,58.1,53.5,4.6,1.87,0.6512,True,34.4
sr:match:74210252,Avondale FC,Boroondara Eagles,Avondale FC vs Boroondara Eagles,"Victoria NPL, Women",2026-09-06 05:00,target__ht_home_win,HT Home Win,58.1,54.9,3.1,1.82,0.6512,True,34.4
sr:match:74298816,APIA Leichhardt,NWS Spirit,APIA Leichhardt vs NWS Spirit,NSW NPL 1,2026-09-06 07:00,target__ht_home_win,HT Home Win,58.1,51.3,6.8,1.95,0.6512,True,34.4
sr:match:72597690,FC Zlin B,FK Blansko,FC Zlin B vs FK Blansko,MSFL,2026-09-06 09:30,target__ht_home_win,HT Home Win,58.1,54.9,3.1,1.82,0.6512,True,34.4
sr:match:68916440,Pocheon Citizen FC,Yeoju FC,Pocheon Citizen FC vs Yeoju FC,K3 League,2026-09-06 10:00,target__ht_home_win,HT Home Win,58.1,52.4,5.7,1.91,0.6512,True,34.4
sr:match:73323798,Csm Satu Mare,Stinta Poli Timisoara,Csm Satu Mare vs Stinta Poli Timisoara,Liga 2,2026-09-06 10:30,target__ht_home_win,HT Home Win,24.6,17.9,6.7,5.6,0.6512,True,34.4
sr:match:68852232,Parnu JK Vaprus II,JK Tallinna Kalev,Parnu JK Vaprus II vs JK Tallinna Kalev,Esiliiga B,2026-09-06 10:30,target__ht_home_win,HT Home Win,58.1,52.1,6.0,1.92,0.6512,True,34.4
sr:match:68916444,Gangneung Citizen FC,Busan Transportation Corporation FC,Gangneung Citizen FC vs Busan Transportation Corporation FC,K3 League,2026-09-06 11:00,target__ht_home_win,HT Home Win,32.8,29.4,3.4,3.4,0.6512,True,34.4
sr:match:72531572,FC Vizela,FC Felgueiras 1932,FC Vizela vs FC Felgueiras 1932,Liga Portugal 2,2026-09-06 11:00,target__ht_home_win,HT Home Win,39.1,33.3,5.8,3.0,0.6512,True,34.4
sr:match:68995372,Chongqing Tonglianglong FC,Shanghai Shenhua FC,Chongqing Tonglianglong FC vs Shanghai Shenhua FC,Chinese Super League,2026-09-06 12:00,target__ht_home_win,HT Home Win,29.5,26.3,3.2,3.8,0.6512,True,34.4
sr:match:68344820,Staffenstorp United,FK Karlskrona,Staffenstorp United vs FK Karlskrona,Division 2,2026-09-06 12:00,target__ht_home_win,HT Home Win,25.3,20.4,4.9,4.9,0.6512,True,34.4
sr:match:73345988,Tottenham Hotspur FC,West Ham United FC Women,Tottenham Hotspur FC vs West Ham United FC Women,Super League Women,2026-09-06 12:00,target__ht_home_win,HT Home Win,58.1,52.1,6.0,1.92,0.6512,True,34.4
sr:match:68214794,Paide Linnameeskond,FCI Levadia Tallinn,Paide Linnameeskond vs FCI Levadia Tallinn,Premium Liiga,2026-09-06 12:30,target__ht_home_win,HT Home Win,29.5,20.4,9.1,4.9,0.6512,True,34.4
sr:match:67920622,Viking FK 2,Stabaek Fotball 2,Viking FK 2 vs Stabaek Fotball 2,"3. Division, Group 4",2026-09-06 12:30,target__ht_home_win,HT Home Win,76.9,62.9,14.0,1.59,0.6512,True,34.4
sr:match:72674248,1. FC Phonix Lubeck,SV Werder Bremen II,1. FC Phonix Lubeck vs SV Werder Bremen II,Regionalliga North,2026-09-06 13:00,target__ht_home_win,HT Home Win,58.1,51.3,6.8,1.95,0.6512,True,34.4
sr:match:72960992,VfL Wolfsburg W,Werder Bremen,VfL Wolfsburg W vs Werder Bremen,Women Bundesliga,2026-09-06 13:00,target__ht_home_win,HT Home Win,60.0,55.9,4.1,1.79,0.6512,True,34.4
sr:match:72041116,SC Heerenveen,Alkmaar,SC Heerenveen vs Alkmaar,Eredivisie,2026-09-06 13:30,target__ht_home_win,HT Home Win,29.5,23.8,5.7,4.2,0.6512,True,34.4
sr:match:72221238,Everton,Man Utd,Everton vs Man Utd,Premier League,2026-09-06 14:00,target__ht_home_win,HT Home Win,33.3,26.3,7.0,3.8,0.6512,True,34.4
sr:match:73092900,Virtus Entella,L.R. Vicenza,Virtus Entella vs L.R. Vicenza,Serie B,2026-09-06 14:00,target__ht_home_win,HT Home Win,39.1,35.1,4.0,2.85,0.6512,True,34.4
sr:match:74123922,CA Cerro,Racing Club Montevideo,CA Cerro vs Racing Club Montevideo,Primera Division,2026-09-06 14:00,target__ht_home_win,HT Home Win,25.3,19.6,5.7,5.1,0.6512,True,34.4
sr:match:73038530,Sportivo Trinidense,Club Olimpia,Sportivo Trinidense vs Club Olimpia,Division de Honor,2026-09-06 14:00,target__ht_home_win,HT Home Win,29.5,26.3,3.2,3.8,0.6512,True,34.4
sr:match:71901870,FK Transinvest,FK Suduva Marijampole,FK Transinvest vs FK Suduva Marijampole,TOPLYGA,2026-09-06 14:00,target__ht_home_win,HT Home Win,29.5,26.3,3.2,3.8,0.6512,True,34.4
sr:match:74077788,Huima/Urho,Narpes Kraft,Huima/Urho vs Narpes Kraft,Kakkonen,2026-09-06 14:00,target__ht_home_win,HT Home Win,76.9,68.0,8.9,1.47,0.6512,True,34.4
sr:match:72700204,Paris FC W,FC Nantes,Paris FC W vs FC Nantes,"Premiere Ligue, Women",2026-09-06 14:00,target__ht_home_win,HT Home Win,58.1,53.8,4.3,1.86,0.6512,True,34.4
sr:match:72201626,Heart of Midlothian FC,Dundee FC,Heart of Midlothian FC vs Dundee FC,Premiership,2026-09-06 15:00,target__ht_home_win,HT Home Win,58.1,51.3,6.8,1.95,0.6512,True,34.4
sr:match:72963738,Atert Bissen,US Mondorf-Les-Bains,Atert Bissen vs US Mondorf-Les-Bains,Division Nationale,2026-09-06 15:00,target__ht_home_win,HT Home Win,40.5,36.4,4.1,2.75,0.6512,True,34.4
sr:match:72467452,PEC Zwolle,ADO Den Haag,PEC Zwolle vs ADO Den Haag,"Eredivisie, Women",2026-09-06 15:45,target__ht_home_win,HT Home Win,58.1,51.3,6.8,1.95,0.6512,True,34.4
sr:match:67604966,SJK Akatemia,JaPS,SJK Akatemia vs JaPS,Ykkosliiga,2026-09-06 16:00,target__ht_home_win,HT Home Win,39.1,30.8,8.3,3.25,0.6512,True,34.4
sr:match:72415524,SK Sokol Brozany,MFK Chrudim,SK Sokol Brozany vs MFK Chrudim,CFL,2026-09-06 16:00,target__ht_home_win,HT Home Win,39.1,33.3,5.8,3.0,0.6512,True,34.4
sr:match:73945166,FC Shirak Gyumri,Sardarapat FC,FC Shirak Gyumri vs Sardarapat FC,Premier League,2026-09-06 16:00,target__ht_home_win,HT Home Win,39.1,33.9,5.2,2.95,0.6512,True,34.4
sr:match:72501134,Aqvital FC Csakvar,Szeged-Csanad Grosics Akademia,Aqvital FC Csakvar vs Szeged-Csanad Grosics Akademia,NB II,2026-09-06 16:00,target__ht_home_win,HT Home Win,32.8,25.6,7.1,3.9,0.6512,True,34.4
sr:match:74077792,FF Jaro Akademia,VPS Akatemia,FF Jaro Akademia vs VPS Akatemia,Kakkonen,2026-09-06 16:30,target__ht_home_win,HT Home Win,33.3,28.6,4.8,3.5,0.6512,True,34.4
sr:match:71901872,FK Kauno Zalgiris,Dziugas,FK Kauno Zalgiris vs Dziugas,TOPLYGA,2026-09-06 16:45,target__ht_home_win,HT Home Win,58.1,52.6,5.5,1.9,0.6512,True,34.4
sr:match:72284036,Hapoel Ra`anana FC,Hapoel Kfar Saba FC,Hapoel Ra`anana FC vs Hapoel Kfar Saba FC,National League,2026-09-06 17:00,target__ht_home_win,HT Home Win,39.1,33.3,5.8,3.0,0.6512,True,34.4
sr:match:72466490,PFC Dobrudzha Dobrich,PFK Beroe Stara Zagora,PFC Dobrudzha Dobrich vs PFK Beroe Stara Zagora,Vtora Liga,2026-09-06 17:00,target__ht_home_win,HT Home Win,39.1,33.3,5.8,3.0,0.6512,True,34.4
sr:match:73074172,Al Dhafra SSC,Al Wahda FC (UAE),Al Dhafra SSC vs Al Wahda FC (UAE),Arabian Gulf League,2026-09-06 17:15,target__ht_home_win,HT Home Win,24.6,20.4,4.2,4.9,0.6512,True,34.4
sr:match:72042244,MFK Ruzomberok,Spartak Trnava,MFK Ruzomberok vs Spartak Trnava,Superliga,2026-09-06 18:00,target__ht_home_win,HT Home Win,29.5,23.3,6.2,4.3,0.6512,True,34.4
sr:match:73843004,CSDC Alianza Universidad,Union Minas,CSDC Alianza Universidad vs Union Minas,Liga 2,2026-09-06 19:00,target__ht_home_win,HT Home Win,39.1,35.7,3.4,2.8,0.6512,True,34.4
sr:match:73273728,Nacao SC,Santa Catarina SC,Nacao SC vs Santa Catarina SC,Copa Santa Catarina,2026-09-06 19:00,target__ht_home_win,HT Home Win,24.6,16.9,7.6,5.9,0.6512,True,34.4
sr:match:71998182,FC Lokomotiv 1929 Sofia,Ludogorets,FC Lokomotiv 1929 Sofia vs Ludogorets,Parva Liga,2026-09-06 19:15,target__ht_home_win,HT Home Win,25.3,17.2,8.1,5.8,0.6512,True,34.4
sr:match:67118642,San Martin de San Juan,CA Ferrocarril Midland,San Martin de San Juan vs CA Ferrocarril Midland,Primera Nacional,2026-09-06 19:30,target__ht_home_win,HT Home Win,39.1,35.7,3.4,2.8,0.6512,True,34.4
sr:match:72498232,Hamrun Spartans FC,Zabbar Saint Patrick FC,Hamrun Spartans FC vs Zabbar Saint Patrick FC,Premier League,2026-09-06 19:30,target__ht_home_win,HT Home Win,58.1,50.3,7.8,1.99,0.6512,True,34.4
sr:match:73217542,CA Boca Unidos Corrientes,Gimnasia y Esgrima de Concepcion del Uruguay,CA Boca Unidos Corrientes vs Gimnasia y Esgrima de Concepcion del Uruguay,Torneo Federal A,2026-09-06 20:00,target__ht_home_win,HT Home Win,40.5,35.7,4.8,2.8,0.6512,True,34.4
sr:match:67118638,CA Temperley,CA Colegiales,CA Temperley vs CA Colegiales,Primera Nacional,2026-09-06 20:00,target__ht_home_win,HT Home Win,40.5,35.7,4.8,2.8,0.6512,True,34.4
sr:match:73487140,Independiente Petrolero,Club Bolivar,Independiente Petrolero vs Club Bolivar,Division Profesional,2026-09-06 20:00,target__ht_home_win,HT Home Win,29.5,21.3,8.2,4.7,0.6512,True,34.4
sr:match:71936094,Juan Pablo II College,Alianza Lima,Juan Pablo II College vs Alianza Lima,Liga 1,2026-09-06 21:00,target__ht_home_win,HT Home Win,25.3,20.0,5.3,5.0,0.6512,True,34.4
sr:match:72661208,Cocle FC,Tauro FC,Cocle FC vs Tauro FC,Liga Panamena,2026-09-06 22:00,target__ht_home_win,HT Home Win,39.1,28.6,10.5,3.5,0.6512,True,34.4
sr:match:72661612,CD Tapatio,Leones Negros UDEG,CD Tapatio vs Leones Negros UDEG,Liga de Expansion MX,2026-09-07 00:00,target__ht_home_win,HT Home Win,39.1,35.7,3.4,2.8,0.6512,True,34.4
sr:match:74269700,CD Walter Ferretti,Managua FC,CD Walter Ferretti vs Managua FC,Primera Division,2026-09-07 00:00,target__ht_home_win,HT Home Win,25.3,19.6,5.7,5.1,0.6512,True,34.4
sr:match:72300752,FK Viktoria Zizkov,FK Pribram,FK Viktoria Zizkov vs FK Pribram,FNL,2026-09-06 09:15,target__ht_over_0_5_goals,HT Over 0.5,81.2,76.3,4.9,1.31,0.6199,True,72.8
sr:match:72149696,JEF United Chiba,Gamba Osaka,JEF United Chiba vs Gamba Osaka,J1 League,2026-09-06 10:00,target__ht_over_0_5_goals,HT Over 0.5,79.4,73.5,5.9,1.36,0.6199,True,72.8
sr:match:72149702,Nagoya Grampus,Machida Zelvia,Nagoya Grampus vs Machida Zelvia,J1 League,2026-09-06 10:00,target__ht_over_0_5_goals,HT Over 0.5,78.0,72.5,5.5,1.38,0.6199,True,72.8
sr:match:72149704,Cerezo Osaka,Tokyo Verdy,Cerezo Osaka vs Tokyo Verdy,J1 League,2026-09-06 11:00,target__ht_over_0_5_goals,HT Over 0.5,74.8,69.0,5.8,1.45,0.6199,True,72.8
sr:match:68916442,FC Mokpo,Chuncheon FC,FC Mokpo vs Chuncheon FC,K3 League,2026-09-06 11:00,target__ht_over_0_5_goals,HT Over 0.5,74.8,71.4,3.3,1.4,0.6199,True,72.8
sr:match:73916394,Naftan Novopolotsk,FC Minsk,Naftan Novopolotsk vs FC Minsk,Vysshaya Liga,2026-09-06 11:00,target__ht_over_0_5_goals,HT Over 0.5,79.4,73.5,5.9,1.36,0.6199,True,72.8
sr:match:72149700,FC Tokyo,Kyoto Sanga FC,FC Tokyo vs Kyoto Sanga FC,J1 League,2026-09-06 11:30,target__ht_over_0_5_goals,HT Over 0.5,79.4,74.6,4.8,1.34,0.6199,True,72.8
sr:match:72339768,Birmingham City,Wolves,Birmingham City vs Wolves,Championship,2026-09-06 12:00,target__ht_over_0_5_goals,HT Over 0.5,77.4,68.5,8.9,1.46,0.6199,True,72.8
sr:match:72607954,FK Mlada Boleslav,FC Banik Ostrava,FK Mlada Boleslav vs FC Banik Ostrava,1. Liga,2026-09-06 12:00,target__ht_over_0_5_goals,HT Over 0.5,81.2,75.8,5.4,1.32,0.6199,True,72.8
sr:match:72044320,Aarhus Fremad,Kolding IF,Aarhus Fremad vs Kolding IF,1. Division,2026-09-06 12:00,target__ht_over_0_5_goals,HT Over 0.5,78.0,74.6,3.3,1.34,0.6199,True,72.8
sr:match:69456582,Suzhou Dongwu,Nanjing City,Suzhou Dongwu vs Nanjing City,China League 1,2026-09-06 12:00,target__ht_over_0_5_goals,HT Over 0.5,77.4,69.4,7.9,1.44,0.6199,True,72.8
sr:match:73576608,Madura United,Persijap Jepara,Madura United vs Persijap Jepara,Super League,2026-09-06 13:00,target__ht_over_0_5_goals,HT Over 0.5,74.8,70.9,3.8,1.41,0.6199,True,72.8
sr:match:73916392,FC Belshina Bobruisk,FC Neman Grodno,FC Belshina Bobruisk vs FC Neman Grodno,Vysshaya Liga,2026-09-06 13:00,target__ht_over_0_5_goals,HT Over 0.5,78.0,73.5,4.4,1.36,0.6199,True,72.8
sr:match:72409674,Veres Rivne,FC Zorya Luhansk,Veres Rivne vs FC Zorya Luhansk,Premier League,2026-09-06 13:30,target__ht_over_0_5_goals,HT Over 0.5,78.0,71.9,6.0,1.39,0.6199,True,72.8
sr:match:72036164,Troyes,Strasbourg,Troyes vs Strasbourg,Ligue 1,2026-09-06 14:00,target__ht_over_0_5_goals,HT Over 0.5,74.8,70.9,3.8,1.41,0.6199,True,72.8
sr:match:74172380,Nestos Chrysoupoli FC,APS Zakynthos,Nestos Chrysoupoli FC vs APS Zakynthos,Super League 2,2026-09-06 14:00,target__ht_over_0_5_goals,HT Over 0.5,77.4,71.4,6.0,1.4,0.6199,True,72.8
sr:match:73258802,Lamontville Golden Arrows,Mamelodi Sundowns,Lamontville Golden Arrows vs Mamelodi Sundowns,Premiership,2026-09-06 14:00,target__ht_over_0_5_goals,HT Over 0.5,79.4,72.5,7.0,1.38,0.6199,True,72.8
sr:match:69343088,Astana,FC Yelimai,Astana vs FC Yelimai,Premier League,2026-09-06 14:00,target__ht_over_0_5_goals,HT Over 0.5,81.2,77.5,3.7,1.29,0.6199,True,72.8
sr:match:72939188,GD Vitoria Sernache,CF Os Belenenses,GD Vitoria Sernache vs CF Os Belenenses,Liga Portugal 3,2026-09-06 14:30,target__ht_over_0_5_goals,HT Over 0.5,77.4,71.4,6.0,1.4,0.6199,True,72.8
sr:match:72723188,Corum FK,Eyupspor,Corum FK vs Eyupspor,Super Lig,2026-09-06 15:00,target__ht_over_0_5_goals,HT Over 0.5,77.4,71.4,6.0,1.4,0.6199,True,72.8
sr:match:72302124,Koninklijke Lierse Sportkring,RFC Liege,Koninklijke Lierse Sportkring vs RFC Liege,Challenger Pro League,2026-09-06 15:00,target__ht_over_0_5_goals,HT Over 0.5,79.4,75.2,4.2,1.33,0.6199,True,72.8
sr:match:73831894,Derry City FC,Dundalk FC,Derry City FC vs Dundalk FC,FAI Cup,2026-09-06 16:00,target__ht_over_0_5_goals,HT Over 0.5,77.4,74.1,3.3,1.35,0.6199,True,72.8
sr:match:67604966,SJK Akatemia,JaPS,SJK Akatemia vs JaPS,Ykkosliiga,2026-09-06 16:00,target__ht_over_0_5_goals,HT Over 0.5,78.0,74.6,3.3,1.34,0.6199,True,72.8
sr:match:73945166,FC Shirak Gyumri,Sardarapat FC,FC Shirak Gyumri vs Sardarapat FC,Premier League,2026-09-06 16:00,target__ht_over_0_5_goals,HT Over 0.5,77.4,72.5,4.9,1.38,0.6199,True,72.8
sr:match:72501134,Aqvital FC Csakvar,Szeged-Csanad Grosics Akademia,Aqvital FC Csakvar vs Szeged-Csanad Grosics Akademia,NB II,2026-09-06 16:00,target__ht_over_0_5_goals,HT Over 0.5,74.8,70.9,3.8,1.41,0.6199,True,72.8
sr:match:74191594,ES Metlaoui,ES Hammam Sousse,ES Metlaoui vs ES Hammam Sousse,Ligue 1,2026-09-06 16:30,target__ht_over_0_5_goals,HT Over 0.5,64.5,61.3,3.2,1.63,0.6199,True,72.8
sr:match:72607950,FC Hradec Kralove,Sparta Prague,FC Hradec Kralove vs Sparta Prague,1. Liga,2026-09-06 17:00,target__ht_over_0_5_goals,HT Over 0.5,79.4,74.1,5.4,1.35,0.6199,True,72.8
sr:match:71925008,Broendby IF,Randers FC,Broendby IF vs Randers FC,Superliga,2026-09-06 17:00,target__ht_over_0_5_goals,HT Over 0.5,81.2,78.1,3.1,1.28,0.6199,True,72.8
sr:match:71680624,Ecuador,Ghana,Ecuador vs Ghana,"U20 FIFA World Cup, Women",2026-09-06 17:00,target__ht_over_0_5_goals,HT Over 0.5,77.4,73.5,3.9,1.36,0.6199,True,72.8
sr:match:71680638,USA,Italy,USA vs Italy,"U20 FIFA World Cup, Women",2026-09-06 17:00,target__ht_over_0_5_goals,HT Over 0.5,81.2,77.5,3.7,1.29,0.6199,True,72.8
sr:match:73160364,Nea Salamina Famagusta,AEK Larnaca,Nea Salamina Famagusta vs AEK Larnaca,1st Division,2026-09-06 17:00,target__ht_over_0_5_goals,HT Over 0.5,78.0,74.1,3.9,1.35,0.6199,True,72.8
sr:match:72478538,Malaga CF,Levante,Malaga CF vs Levante,LaLiga,2026-09-06 17:30,target__ht_over_0_5_goals,HT Over 0.5,74.8,70.4,4.3,1.42,0.6199,True,72.8
sr:match:72530908,Vitoria SC Guimaraes,Casa Pia Lisbon,Vitoria SC Guimaraes vs Casa Pia Lisbon,Liga Portugal,2026-09-06 18:00,target__ht_over_0_5_goals,HT Over 0.5,77.4,70.9,6.5,1.41,0.6199,True,72.8
sr:match:72723192,Kocaelispor,Samsunspor,Kocaelispor vs Samsunspor,Super Lig,2026-09-06 18:00,target__ht_over_0_5_goals,HT Over 0.5,77.4,66.7,10.7,1.5,0.6199,True,72.8
sr:match:72735732,Antalyaspor,Sivasspor,Antalyaspor vs Sivasspor,1. Lig,2026-09-06 18:00,target__ht_over_0_5_goals,HT Over 0.5,77.4,73.5,3.9,1.36,0.6199,True,72.8
sr:match:72042244,MFK Ruzomberok,Spartak Trnava,MFK Ruzomberok vs Spartak Trnava,Superliga,2026-09-06 18:00,target__ht_over_0_5_goals,HT Over 0.5,79.4,75.2,4.2,1.33,0.6199,True,72.8
sr:match:73270034,Fortuna Cologne,Fortuna D,Fortuna Cologne vs Fortuna D,3. Liga,2026-09-06 18:30,target__ht_over_0_5_goals,HT Over 0.5,78.0,74.1,3.9,1.35,0.6199,True,72.8
sr:match:73273728,Nacao SC,Santa Catarina SC,Nacao SC vs Santa Catarina SC,Copa Santa Catarina,2026-09-06 19:00,target__ht_over_0_5_goals,HT Over 0.5,79.4,73.0,6.4,1.37,0.6199,True,72.8
sr:match:71998182,FC Lokomotiv 1929 Sofia,Ludogorets,FC Lokomotiv 1929 Sofia vs Ludogorets,Parva Liga,2026-09-06 19:15,target__ht_over_0_5_goals,HT Over 0.5,81.2,74.6,6.6,1.34,0.6199,True,72.8
sr:match:72478534,Espanyol,Sevilla,Espanyol vs Sevilla,LaLiga,2026-09-06 20:00,target__ht_over_0_5_goals,HT Over 0.5,74.7,64.5,10.2,1.55,0.6199,True,72.8
sr:match:73038534,Libertad Asuncion,Rubio Nu,Libertad Asuncion vs Rubio Nu,Division de Honor,2026-09-06 20:00,target__ht_over_0_5_goals,HT Over 0.5,77.4,71.9,5.4,1.39,0.6199,True,72.8
sr:match:72530898,Gil Vicente Barcelos,Academico de Viseu FC,Gil Vicente Barcelos vs Academico de Viseu FC,Liga Portugal,2026-09-06 20:30,target__ht_over_0_5_goals,HT Over 0.5,74.8,68.0,6.7,1.47,0.6199,True,72.8
sr:match:71936094,Juan Pablo II College,Alianza Lima,Juan Pablo II College vs Alianza Lima,Liga 1,2026-09-06 21:00,target__ht_over_0_5_goals,HT Over 0.5,78.0,74.1,3.9,1.35,0.6199,True,72.8
sr:match:67117928,CA Central Norte Salta,Club Almirante Brown,CA Central Norte Salta vs Club Almirante Brown,Primera Nacional,2026-09-06 21:00,target__ht_over_0_5_goals,HT Over 0.5,64.5,58.1,6.4,1.72,0.6199,True,72.8
sr:match:72661612,CD Tapatio,Leones Negros UDEG,CD Tapatio vs Leones Negros UDEG,Liga de Expansion MX,2026-09-07 00:00,target__ht_over_0_5_goals,HT Over 0.5,78.0,74.6,3.3,1.34,0.6199,True,72.8
sr:match:74269700,CD Walter Ferretti,Managua FC,CD Walter Ferretti vs Managua FC,Primera Division,2026-09-07 00:00,target__ht_over_0_5_goals,HT Over 0.5,78.0,73.5,4.4,1.36,0.6199,True,72.8
sr:match:67172906,Monterey Bay FC,Phoenix Rising FC,Monterey Bay FC vs Phoenix Rising FC,USL Championship,2026-09-06 03:00,target__ht_over_1_5_goals,HT Over 1.5,46.7,43.5,3.3,2.3,0.6269,True,38.8
sr:match:68157100,San Jose Earthquakes II,Tacoma Defiance,San Jose Earthquakes II vs Tacoma Defiance,MLS Next Pro,2026-09-06 03:30,target__ht_over_1_5_goals,HT Over 1.5,58.9,50.0,8.9,2.0,0.6269,True,38.8
sr:match:74174328,Adelaide Comets FC Reserves,Metrostars Reserve,Adelaide Comets FC Reserves vs Metrostars Reserve,"South Australia NPL, Reserves, Women",2026-09-06 05:30,target__ht_over_1_5_goals,HT Over 1.5,62.3,54.6,7.6,1.83,0.6269,True,38.8
sr:match:74256044,Belconnen United,Canberra Olympic,Belconnen United vs Canberra Olympic,"Capital NPL, Women",2026-09-06 07:00,target__ht_over_1_5_goals,HT Over 1.5,58.9,50.5,8.4,1.98,0.6269,True,38.8
sr:match:72300752,FK Viktoria Zizkov,FK Pribram,FK Viktoria Zizkov vs FK Pribram,FNL,2026-09-06 09:15,target__ht_over_1_5_goals,HT Over 1.5,46.7,41.7,5.1,2.4,0.6269,True,38.8
sr:match:72149702,Nagoya Grampus,Machida Zelvia,Nagoya Grampus vs Machida Zelvia,J1 League,2026-09-06 10:00,target__ht_over_1_5_goals,HT Over 1.5,40.2,37.0,3.2,2.7,0.6269,True,38.8
sr:match:73323798,Csm Satu Mare,Stinta Poli Timisoara,Csm Satu Mare vs Stinta Poli Timisoara,Liga 2,2026-09-06 10:30,target__ht_over_1_5_goals,HT Over 1.5,46.7,40.0,6.7,2.5,0.6269,True,38.8
sr:match:68852234,FCI Levadia Tallinn,FC Phoenix Johvi,FCI Levadia Tallinn vs FC Phoenix Johvi,Esiliiga B,2026-09-06 10:30,target__ht_over_1_5_goals,HT Over 1.5,80.0,62.1,17.9,1.61,0.6269,True,38.8
sr:match:68852232,Parnu JK Vaprus II,JK Tallinna Kalev,Parnu JK Vaprus II vs JK Tallinna Kalev,Esiliiga B,2026-09-06 10:30,target__ht_over_1_5_goals,HT Over 1.5,80.0,66.2,13.8,1.51,0.6269,True,38.8
sr:match:72149704,Cerezo Osaka,Tokyo Verdy,Cerezo Osaka vs Tokyo Verdy,J1 League,2026-09-06 11:00,target__ht_over_1_5_goals,HT Over 1.5,46.7,33.3,13.4,3.0,0.6269,True,38.8
sr:match:72149698,Kashiwa Reysol,Yokohama F Marinos,Kashiwa Reysol vs Yokohama F Marinos,J1 League,2026-09-06 11:00,target__ht_over_1_5_goals,HT Over 1.5,46.7,37.7,9.0,2.65,0.6269,True,38.8
sr:match:72149712,Kawasaki Frontale,Shimizu S-Pulse,Kawasaki Frontale vs Shimizu S-Pulse,J1 League,2026-09-06 11:00,target__ht_over_1_5_goals,HT Over 1.5,46.7,41.7,5.1,2.4,0.6269,True,38.8
sr:match:72149706,Vissel Kobe,V-Varen Nagasaki,Vissel Kobe vs V-Varen Nagasaki,J1 League,2026-09-06 11:00,target__ht_over_1_5_goals,HT Over 1.5,46.7,33.3,13.4,3.0,0.6269,True,38.8
sr:match:68377988,Qviding FIF,Jonsereds IF,Qviding FIF vs Jonsereds IF,Division 2,2026-09-06 11:00,target__ht_over_1_5_goals,HT Over 1.5,58.9,54.9,4.0,1.82,0.6269,True,38.8
sr:match:72467450,Feyenoord Rotterdam,PSV Eindhoven,Feyenoord Rotterdam vs PSV Eindhoven,"Eredivisie, Women",2026-09-06 11:15,target__ht_over_1_5_goals,HT Over 1.5,46.7,40.8,5.9,2.45,0.6269,True,38.8
sr:match:72149700,FC Tokyo,Kyoto Sanga FC,FC Tokyo vs Kyoto Sanga FC,J1 League,2026-09-06 11:30,target__ht_over_1_5_goals,HT Over 1.5,46.7,39.2,7.5,2.55,0.6269,True,38.8
sr:match:72339768,Birmingham City,Wolves,Birmingham City vs Wolves,Championship,2026-09-06 12:00,target__ht_over_1_5_goals,HT Over 1.5,46.7,33.3,13.4,3.0,0.6269,True,38.8
sr:match:68311804,Skovde AIK,Trelleborgs FF,Skovde AIK vs Trelleborgs FF,Ettan,2026-09-06 12:00,target__ht_over_1_5_goals,HT Over 1.5,46.7,43.5,3.3,2.3,0.6269,True,38.8
sr:match:69456582,Suzhou Dongwu,Nanjing City,Suzhou Dongwu vs Nanjing City,China League 1,2026-09-06 12:00,target__ht_over_1_5_goals,HT Over 1.5,38.4,33.9,4.5,2.95,0.6269,True,38.8
sr:match:68377994,Hestrafors IF,Lindome GIF,Hestrafors IF vs Lindome GIF,Division 2,2026-09-06 12:00,target__ht_over_1_5_goals,HT Over 1.5,58.9,55.6,3.3,1.8,0.6269,True,38.8
sr:match:68344820,Staffenstorp United,FK Karlskrona,Staffenstorp United vs FK Karlskrona,Division 2,2026-09-06 12:00,target__ht_over_1_5_goals,HT Over 1.5,58.9,50.5,8.4,1.98,0.6269,True,38.8
sr:match:73549878,Nam Dinh FC,Hoang Anh Gia Lai,Nam Dinh FC vs Hoang Anh Gia Lai,V-League 1,2026-09-06 12:00,target__ht_over_1_5_goals,HT Over 1.5,46.7,43.5,3.3,2.3,0.6269,True,38.8
sr:match:67915814,Grorud IL,Rana FK,Grorud IL vs Rana FK,2nd Division Group 2,2026-09-06 12:00,target__ht_over_1_5_goals,HT Over 1.5,58.9,52.1,6.8,1.92,0.6269,True,38.8
sr:match:73346468,Durham LFC,Southampton FC,Durham LFC vs Southampton FC,"Super League 2, Women",2026-09-06 12:00,target__ht_over_1_5_goals,HT Over 1.5,46.7,39.2,7.5,2.55,0.6269,True,38.8
sr:match:73345988,Tottenham Hotspur FC,West Ham United FC Women,Tottenham Hotspur FC vs West Ham United FC Women,Super League Women,2026-09-06 12:00,target__ht_over_1_5_goals,HT Over 1.5,46.7,43.5,3.3,2.3,0.6269,True,38.8
sr:match:72513838,Hertha,1. FC Magdeburg,Hertha vs 1. FC Magdeburg,2. Bundesliga,2026-09-06 12:30,target__ht_over_1_5_goals,HT Over 1.5,58.9,46.5,12.4,2.15,0.6269,True,38.8
sr:match:72942470,Lamphun Warriors FC,Uthai Thani FC,Lamphun Warriors FC vs Uthai Thani FC,Thai League 1,2026-09-06 12:30,target__ht_over_1_5_goals,HT Over 1.5,38.4,33.9,4.5,2.95,0.6269,True,38.8
sr:match:68995378,Tianjin Jinmen Tiger,Zhejiang FC,Tianjin Jinmen Tiger vs Zhejiang FC,Chinese Super League,2026-09-06 13:00,target__ht_over_1_5_goals,HT Over 1.5,46.7,43.5,3.3,2.3,0.6269,True,38.8
sr:match:72942472,Sukhothai FC,Buriram United,Sukhothai FC vs Buriram United,Thai League 1,2026-09-06 13:00,target__ht_over_1_5_goals,HT Over 1.5,58.9,45.5,13.4,2.2,0.6269,True,38.8
sr:match:72674248,1. FC Phonix Lubeck,SV Werder Bremen II,1. FC Phonix Lubeck vs SV Werder Bremen II,Regionalliga North,2026-09-06 13:00,target__ht_over_1_5_goals,HT Over 1.5,58.9,51.3,7.6,1.95,0.6269,True,38.8
sr:match:72041118,SC Telstar,SC Cambuur,SC Telstar vs SC Cambuur,Eredivisie,2026-09-06 13:30,target__ht_over_1_5_goals,HT Over 1.5,58.9,47.6,11.3,2.1,0.6269,True,38.8
sr:match:72300760,FC Banik Ostrava B,SK Hanacka Slavia Kromeriz,FC Banik Ostrava B vs SK Hanacka Slavia Kromeriz,FNL,2026-09-06 13:30,target__ht_over_1_5_goals,HT Over 1.5,46.7,43.5,3.3,2.3,0.6269,True,38.8
sr:match:71945240,Parma Calcio,Monza,Parma Calcio vs Monza,Serie A,2026-09-06 14:00,target__ht_over_1_5_goals,HT Over 1.5,32.6,29.4,3.2,3.4,0.6269,True,38.8
sr:match:72036164,Troyes,Strasbourg,Troyes vs Strasbourg,Ligue 1,2026-09-06 14:00,target__ht_over_1_5_goals,HT Over 1.5,46.7,35.7,11.0,2.8,0.6269,True,38.8
sr:match:74172368,Panionios Athens,Asteras Tripolis B,Panionios Athens vs Asteras Tripolis B,Super League 2,2026-09-06 14:00,target__ht_over_1_5_goals,HT Over 1.5,46.7,37.0,9.7,2.7,0.6269,True,38.8
sr:match:73258802,Lamontville Golden Arrows,Mamelodi Sundowns,Lamontville Golden Arrows vs Mamelodi Sundowns,Premiership,2026-09-06 14:00,target__ht_over_1_5_goals,HT Over 1.5,46.7,35.7,11.0,2.8,0.6269,True,38.8
sr:match:73293856,US Grosseto,SEF Torres Sassari,US Grosseto vs SEF Torres Sassari,"Serie C, Group B",2026-09-06 14:00,target__ht_over_1_5_goals,HT Over 1.5,40.2,33.9,6.3,2.95,0.6269,True,38.8
sr:match:67915822,Trygg/Lade,Hoenefoss BK,Trygg/Lade vs Hoenefoss BK,2nd Division Group 2,2026-09-06 14:30,target__ht_over_1_5_goals,HT Over 1.5,58.9,55.9,3.0,1.79,0.6269,True,38.8
sr:match:72723180,Kasimpasa Istanbul,Amed Sportif Faaliyetler,Kasimpasa Istanbul vs Amed Sportif Faaliyetler,Super Lig,2026-09-06 15:00,target__ht_over_1_5_goals,HT Over 1.5,46.7,32.3,14.5,3.1,0.6269,True,38.8
sr:match:68320348,Skara FC,Vanersborgs IF,Skara FC vs Vanersborgs IF,Division 2,2026-09-06 15:00,target__ht_over_1_5_goals,HT Over 1.5,62.3,58.8,3.4,1.7,0.6269,True,38.8
sr:match:68194826,KA Akureyri,Breidablik,KA Akureyri vs Breidablik,Besta deild,2026-09-06 15:00,target__ht_over_1_5_goals,HT Over 1.5,58.9,54.6,4.3,1.83,0.6269,True,38.8
sr:match:68194828,Stjarnan Gardabae,IBV Vestmannaeyjar,Stjarnan Gardabae vs IBV Vestmannaeyjar,Besta deild,2026-09-06 15:00,target__ht_over_1_5_goals,HT Over 1.5,58.9,52.6,6.3,1.9,0.6269,True,38.8
sr:match:68194824,Vikingur Reykjavik,Fram Reykjavik,Vikingur Reykjavik vs Fram Reykjavik,Besta deild,2026-09-06 15:00,target__ht_over_1_5_goals,HT Over 1.5,62.3,56.2,6.1,1.78,0.6269,True,38.8
sr:match:72837134,Arnavutkoy Belediyesi Genclik Ve Spor,Aliaga Futbol,Arnavutkoy Belediyesi Genclik Ve Spor vs Aliaga Futbol,2. Lig,2026-09-06 15:00,target__ht_over_1_5_goals,HT Over 1.5,46.7,41.7,5.1,2.4,0.6269,True,38.8
sr:match:72674246,HSC Hannover,SC Weiche Flensburg 08,HSC Hannover vs SC Weiche Flensburg 08,Regionalliga North,2026-09-06 15:00,target__ht_over_1_5_goals,HT Over 1.5,58.9,51.8,7.1,1.93,0.6269,True,38.8
sr:match:72889464,Inkilap Fsk,Zonguldak Komurspor,Inkilap Fsk vs Zonguldak Komurspor,3. Lig,2026-09-06 15:00,target__ht_over_1_5_goals,HT Over 1.5,46.7,37.7,9.0,2.65,0.6269,True,38.8
sr:match:73409244,Turan Tovuz,Sumgayit FK,Turan Tovuz vs Sumgayit FK,Premier League,2026-09-06 15:00,target__ht_over_1_5_goals,HT Over 1.5,38.4,35.1,3.3,2.85,0.6269,True,38.8
sr:match:72814212,KF Tirana,FK Vora,KF Tirana vs FK Vora,Kategoria Superiore,2026-09-06 15:00,target__ht_over_1_5_goals,HT Over 1.5,46.7,35.1,11.7,2.85,0.6269,True,38.8
sr:match:72449276,FH Hafnarfjordur,Thor/KA,FH Hafnarfjordur vs Thor/KA,"Besta deild, Women",2026-09-06 15:00,target__ht_over_1_5_goals,HT Over 1.5,62.3,56.5,5.8,1.77,0.6269,True,38.8
sr:match:72530904,Santa Clara Azores,Rio Ave FC,Santa Clara Azores vs Rio Ave FC,Liga Portugal,2026-09-06 15:30,target__ht_over_1_5_goals,HT Over 1.5,38.4,30.8,7.6,3.25,0.6269,True,38.8
sr:match:72176934,Basel,Lugano,Basel vs Lugano,Super League,2026-09-06 15:30,target__ht_over_1_5_goals,HT Over 1.5,58.9,44.4,14.5,2.25,0.6269,True,38.8
sr:match:72176932,FC Sion,FC Thun,FC Sion vs FC Thun,Super League,2026-09-06 15:30,target__ht_over_1_5_goals,HT Over 1.5,58.9,48.8,10.1,2.05,0.6269,True,38.8
sr:match:72409664,FC Epitsentr Kamianets-Podilskyi,FSC Bukovyna Chernivtsi,FC Epitsentr Kamianets-Podilskyi vs FSC Bukovyna Chernivtsi,Premier League,2026-09-06 16:00,target__ht_over_1_5_goals,HT Over 1.5,38.4,34.5,3.9,2.9,0.6269,True,38.8
sr:match:72042250,FK Kosice,MFk Dukla Banska Bystrica,FK Kosice vs MFk Dukla Banska Bystrica,Superliga,2026-09-06 16:00,target__ht_over_1_5_goals,HT Over 1.5,58.9,50.0,8.9,2.0,0.6269,True,38.8
sr:match:68492682,FK Auda Riga,FK Grobina,FK Auda Riga vs FK Grobina,Virsliga,2026-09-06 16:00,target__ht_over_1_5_goals,HT Over 1.5,46.7,42.6,4.2,2.35,0.6269,True,38.8
sr:match:73866540,FC Real Sireti,FC Zimbru Chisinau,FC Real Sireti vs FC Zimbru Chisinau,Super Liga,2026-09-06 16:00,target__ht_over_1_5_goals,HT Over 1.5,58.9,45.5,13.4,2.2,0.6269,True,38.8
sr:match:72501134,Aqvital FC Csakvar,Szeged-Csanad Grosics Akademia,Aqvital FC Csakvar vs Szeged-Csanad Grosics Akademia,NB II,2026-09-06 16:00,target__ht_over_1_5_goals,HT Over 1.5,46.7,35.7,11.0,2.8,0.6269,True,38.8
sr:match:72221232,Arsenal,Chelsea,Arsenal vs Chelsea,Premier League,2026-09-06 16:30,target__ht_over_1_5_goals,HT Over 1.5,46.7,40.8,5.9,2.45,0.6269,True,38.8
sr:match:72513172,Eintracht Frankfurt,Augsburg,Eintracht Frankfurt vs Augsburg,Bundesliga,2026-09-06 16:30,target__ht_over_1_5_goals,HT Over 1.5,50.0,46.5,3.5,2.15,0.6269,True,38.8
sr:match:71945226,Bologna,Sassuolo,Bologna vs Sassuolo,Serie A,2026-09-06 17:00,target__ht_over_1_5_goals,HT Over 1.5,46.7,33.3,13.4,3.0,0.6269,True,38.8
sr:match:71680624,Ecuador,Ghana,Ecuador vs Ghana,"U20 FIFA World Cup, Women",2026-09-06 17:00,target__ht_over_1_5_goals,HT Over 1.5,46.7,38.5,8.3,2.6,0.6269,True,38.8
sr:match:67119722,Deportivo Camioneros,Argentino de Quilmes,Deportivo Camioneros vs Argentino de Quilmes,Primera B,2026-09-06 17:00,target__ht_over_1_5_goals,HT Over 1.5,32.6,29.4,3.2,3.4,0.6269,True,38.8
sr:match:73074172,Al Dhafra SSC,Al Wahda FC (UAE),Al Dhafra SSC vs Al Wahda FC (UAE),Arabian Gulf League,2026-09-06 17:15,target__ht_over_1_5_goals,HT Over 1.5,46.7,43.5,3.3,2.3,0.6269,True,38.8
sr:match:72478526,Alaves,Osasuna,Alaves vs Osasuna,LaLiga,2026-09-06 17:30,target__ht_over_1_5_goals,HT Over 1.5,32.6,27.0,5.6,3.7,0.6269,True,38.8
sr:match:72723178,Trabzonspor,Genclerbirligi SK,Trabzonspor vs Genclerbirligi SK,Super Lig,2026-09-06 18:00,target__ht_over_1_5_goals,HT Over 1.5,50.0,40.0,10.0,2.5,0.6269,True,38.8
sr:match:72083032,Crvena Zvezda,FK Partizan Belgrade,Crvena Zvezda vs FK Partizan Belgrade,Superliga,2026-09-06 18:00,target__ht_over_1_5_goals,HT Over 1.5,62.2,55.9,6.3,1.79,0.6269,True,38.8
sr:match:72735746,Muglaspor,Van Spor FK,Muglaspor vs Van Spor FK,1. Lig,2026-09-06 18:00,target__ht_over_1_5_goals,HT Over 1.5,38.4,34.5,3.9,2.9,0.6269,True,38.8
sr:match:72042244,MFK Ruzomberok,Spartak Trnava,MFK Ruzomberok vs Spartak Trnava,Superliga,2026-09-06 18:00,target__ht_over_1_5_goals,HT Over 1.5,46.7,40.0,6.7,2.5,0.6269,True,38.8
sr:match:72203036,KV Waasland-Beveren,Oud-Heverlee Leuven,KV Waasland-Beveren vs Oud-Heverlee Leuven,Pro League,2026-09-06 18:15,target__ht_over_1_5_goals,HT Over 1.5,46.7,43.5,3.3,2.3,0.6269,True,38.8
sr:match:67119714,CSD Liniers,CSCD Laferrere,CSD Liniers vs CSCD Laferrere,Primera B,2026-09-06 19:00,target__ht_over_1_5_goals,HT Over 1.5,31.9,27.8,4.2,3.6,0.6269,True,38.8
sr:match:71998182,FC Lokomotiv 1929 Sofia,Ludogorets,FC Lokomotiv 1929 Sofia vs Ludogorets,Parva Liga,2026-09-06 19:15,target__ht_over_1_5_goals,HT Over 1.5,46.7,39.2,7.5,2.55,0.6269,True,38.8
sr:match:71945238,Juventus,AC Milan,Juventus vs AC Milan,Serie A,2026-09-06 19:45,target__ht_over_1_5_goals,HT Over 1.5,46.7,32.3,14.5,3.1,0.6269,True,38.8
sr:match:72478534,Espanyol,Sevilla,Espanyol vs Sevilla,LaLiga,2026-09-06 20:00,target__ht_over_1_5_goals,HT Over 1.5,46.7,28.6,18.2,3.5,0.6269,True,38.8
sr:match:66886996,Clube do Remo PA,CR Flamengo RJ,Clube do Remo PA vs CR Flamengo RJ,Brasileiro Serie A,2026-09-06 20:00,target__ht_over_1_5_goals,HT Over 1.5,46.7,40.0,6.7,2.5,0.6269,True,38.8
sr:match:66886990,SC Internacional RS,Santos FC SP,SC Internacional RS vs Santos FC SP,Brasileiro Serie A,2026-09-06 20:00,target__ht_over_1_5_goals,HT Over 1.5,46.7,35.7,11.0,2.8,0.6269,True,38.8
sr:match:73998832,Deportivo Madryn,Club Ciudad de Bolivar,Deportivo Madryn vs Club Ciudad de Bolivar,Primera Nacional,2026-09-06 20:00,target__ht_over_1_5_goals,HT Over 1.5,32.6,29.4,3.2,3.4,0.6269,True,38.8
sr:match:74236330,CSD Coban Imperial,CD Guastatoya,CSD Coban Imperial vs CD Guastatoya,Liga Nacional,2026-09-06 20:00,target__ht_over_1_5_goals,HT Over 1.5,40.2,35.1,5.1,2.85,0.6269,True,38.8
sr:match:72530898,Gil Vicente Barcelos,Academico de Viseu FC,Gil Vicente Barcelos vs Academico de Viseu FC,Liga Portugal,2026-09-06 20:30,target__ht_over_1_5_goals,HT Over 1.5,46.7,32.3,14.5,3.1,0.6269,True,38.8
sr:match:73998838,CA Guemes,Gimnasia Y Tiro de Salta,CA Guemes vs Gimnasia Y Tiro de Salta,Primera Nacional,2026-09-06 21:00,target__ht_over_1_5_goals,HT Over 1.5,31.9,26.3,5.6,3.8,0.6269,True,38.8
sr:match:74269700,CD Walter Ferretti,Managua FC,CD Walter Ferretti vs Managua FC,Primera Division,2026-09-07 00:00,target__ht_over_1_5_goals,HT Over 1.5,46.7,38.5,8.3,2.6,0.6269,True,38.8
sr:match:74298814,Sydney United 58 FC,Manly United FC,Sydney United 58 FC vs Manly United FC,NSW NPL 1,2026-09-06 05:00,target__over_1_5_goals,Over 1.5 Goals,84.3,79.4,4.9,1.26,0.6116,True,77.7
sr:match:72300752,FK Viktoria Zizkov,FK Pribram,FK Viktoria Zizkov vs FK Pribram,FNL,2026-09-06 09:15,target__over_1_5_goals,Over 1.5 Goals,86.2,82.6,3.6,1.21,0.6116,True,77.7
sr:match:72149696,JEF United Chiba,Gamba Osaka,JEF United Chiba vs Gamba Osaka,J1 League,2026-09-06 10:00,target__over_1_5_goals,Over 1.5 Goals,84.3,80.0,4.3,1.25,0.6116,True,77.7
sr:match:68916440,Pocheon Citizen FC,Yeoju FC,Pocheon Citizen FC vs Yeoju FC,K3 League,2026-09-06 10:00,target__over_1_5_goals,Over 1.5 Goals,86.2,82.0,4.2,1.22,0.6116,True,77.7
sr:match:73323798,Csm Satu Mare,Stinta Poli Timisoara,Csm Satu Mare vs Stinta Poli Timisoara,Liga 2,2026-09-06 10:30,target__over_1_5_goals,Over 1.5 Goals,86.2,80.0,6.2,1.25,0.6116,True,77.7
sr:match:72149704,Cerezo Osaka,Tokyo Verdy,Cerezo Osaka vs Tokyo Verdy,J1 League,2026-09-06 11:00,target__over_1_5_goals,Over 1.5 Goals,84.3,73.0,11.3,1.37,0.6116,True,77.7
sr:match:72149706,Vissel Kobe,V-Varen Nagasaki,Vissel Kobe vs V-Varen Nagasaki,J1 League,2026-09-06 11:00,target__over_1_5_goals,Over 1.5 Goals,86.2,73.5,12.7,1.36,0.6116,True,77.7
sr:match:67817854,FC Anyang,Gangwon FC,FC Anyang vs Gangwon FC,K-League 1,2026-09-06 11:00,target__over_1_5_goals,Over 1.5 Goals,79.2,75.2,4.0,1.33,0.6116,True,77.7
sr:match:72409670,FC Dynamo Kyiv,LNZ Cherkasy,FC Dynamo Kyiv vs LNZ Cherkasy,Premier League,2026-09-06 11:00,target__over_1_5_goals,Over 1.5 Goals,79.2,73.0,6.2,1.37,0.6116,True,77.7
sr:match:68046730,Suwon Bluewings,Chungnam Asan FC,Suwon Bluewings vs Chungnam Asan FC,K-League 2,2026-09-06 11:00,target__over_1_5_goals,Over 1.5 Goals,86.2,82.6,3.6,1.21,0.6116,True,77.7
sr:match:73916394,Naftan Novopolotsk,FC Minsk,Naftan Novopolotsk vs FC Minsk,Vysshaya Liga,2026-09-06 11:00,target__over_1_5_goals,Over 1.5 Goals,84.3,77.5,6.8,1.29,0.6116,True,77.7
sr:match:72149700,FC Tokyo,Kyoto Sanga FC,FC Tokyo vs Kyoto Sanga FC,J1 League,2026-09-06 11:30,target__over_1_5_goals,Over 1.5 Goals,84.3,79.4,4.9,1.26,0.6116,True,77.7
sr:match:72044320,Aarhus Fremad,Kolding IF,Aarhus Fremad vs Kolding IF,1. Division,2026-09-06 12:00,target__over_1_5_goals,Over 1.5 Goals,84.3,80.6,3.7,1.24,0.6116,True,77.7
sr:match:69456582,Suzhou Dongwu,Nanjing City,Suzhou Dongwu vs Nanjing City,China League 1,2026-09-06 12:00,target__over_1_5_goals,Over 1.5 Goals,80.5,73.0,7.5,1.37,0.6116,True,77.7
sr:match:73549878,Nam Dinh FC,Hoang Anh Gia Lai,Nam Dinh FC vs Hoang Anh Gia Lai,V-League 1,2026-09-06 12:00,target__over_1_5_goals,Over 1.5 Goals,86.2,82.6,3.6,1.21,0.6116,True,77.7
sr:match:73549872,Song Lam Nghe An,Bac Ninh,Song Lam Nghe An vs Bac Ninh,V-League 1,2026-09-06 12:00,target__over_1_5_goals,Over 1.5 Goals,79.2,74.1,5.1,1.35,0.6116,True,77.7
sr:match:73658732,Gor Mahia FC,Pyramids FC,Gor Mahia FC vs Pyramids FC,CAF Champions League,2026-09-06 13:00,target__over_1_5_goals,Over 1.5 Goals,77.8,68.0,9.8,1.47,0.6116,True,77.7
sr:match:73576608,Madura United,Persijap Jepara,Madura United vs Persijap Jepara,Super League,2026-09-06 13:00,target__over_1_5_goals,Over 1.5 Goals,80.5,75.2,5.3,1.33,0.6116,True,77.7
sr:match:73576610,Persib Bandung,PSM Makassar,Persib Bandung vs PSM Makassar,Super League,2026-09-06 13:00,target__over_1_5_goals,Over 1.5 Goals,84.3,80.6,3.7,1.24,0.6116,True,77.7
sr:match:73916392,FC Belshina Bobruisk,FC Neman Grodno,FC Belshina Bobruisk vs FC Neman Grodno,Vysshaya Liga,2026-09-06 13:00,target__over_1_5_goals,Over 1.5 Goals,86.2,77.5,8.7,1.29,0.6116,True,77.7
sr:match:72230724,MKS Arka Gdynia,LKS Lodz,MKS Arka Gdynia vs LKS Lodz,1. Liga,2026-09-06 13:30,target__over_1_5_goals,Over 1.5 Goals,80.5,76.9,3.6,1.3,0.6116,True,77.7
sr:match:72036164,Troyes,Strasbourg,Troyes vs Strasbourg,Ligue 1,2026-09-06 14:00,target__over_1_5_goals,Over 1.5 Goals,81.1,77.5,3.6,1.29,0.6116,True,77.7
sr:match:73658718,Mighty Wanderers FC,Simba SC,Mighty Wanderers FC vs Simba SC,CAF Champions League,2026-09-06 14:00,target__over_1_5_goals,Over 1.5 Goals,79.2,67.6,11.6,1.48,0.6116,True,77.7
sr:match:73658710,UD Do Songo,Atletico Petroleos de Luanda,UD Do Songo vs Atletico Petroleos de Luanda,CAF Champions League,2026-09-06 14:00,target__over_1_5_goals,Over 1.5 Goals,79.2,67.1,12.1,1.49,0.6116,True,77.7
sr:match:73092900,Virtus Entella,L.R. Vicenza,Virtus Entella vs L.R. Vicenza,Serie B,2026-09-06 14:00,target__over_1_5_goals,Over 1.5 Goals,73.0,69.4,3.6,1.44,0.6116,True,77.7
sr:match:73293120,AS Giana Erminio,Dolomiti Bellunesi,AS Giana Erminio vs Dolomiti Bellunesi,"Serie C, Group A",2026-09-06 14:00,target__over_1_5_goals,Over 1.5 Goals,84.3,68.5,15.8,1.46,0.6116,True,77.7
sr:match:74123922,CA Cerro,Racing Club Montevideo,CA Cerro vs Racing Club Montevideo,Primera Division,2026-09-06 14:00,target__over_1_5_goals,Over 1.5 Goals,70.6,66.2,4.3,1.51,0.6116,True,77.7
sr:match:74172380,Nestos Chrysoupoli FC,APS Zakynthos,Nestos Chrysoupoli FC vs APS Zakynthos,Super League 2,2026-09-06 14:00,target__over_1_5_goals,Over 1.5 Goals,81.1,75.8,5.3,1.32,0.6116,True,77.7
sr:match:73038530,Sportivo Trinidense,Club Olimpia,Sportivo Trinidense vs Club Olimpia,Division de Honor,2026-09-06 14:00,target__over_1_5_goals,Over 1.5 Goals,77.8,73.5,4.2,1.36,0.6116,True,77.7
sr:match:73293856,US Grosseto,SEF Torres Sassari,US Grosseto vs SEF Torres Sassari,"Serie C, Group B",2026-09-06 14:00,target__over_1_5_goals,Over 1.5 Goals,79.2,73.5,5.6,1.36,0.6116,True,77.7
sr:match:73294620,Salernitana,Cavese 1919,Salernitana vs Cavese 1919,"Serie C, Group C",2026-09-06 14:00,target__over_1_5_goals,Over 1.5 Goals,77.8,72.5,5.3,1.38,0.6116,True,77.7
sr:match:72334302,FC Dynamo-Makhachkala,Rodina Moscow,FC Dynamo-Makhachkala vs Rodina Moscow,Premier League,2026-09-06 14:15,target__over_1_5_goals,Over 1.5 Goals,80.5,75.2,5.3,1.33,0.6116,True,77.7
sr:match:72513176,Hamburger SV,Mainz,Hamburger SV vs Mainz,Bundesliga,2026-09-06 14:30,target__over_1_5_goals,Over 1.5 Goals,86.2,81.3,4.9,1.23,0.6116,True,77.7
sr:match:72939188,GD Vitoria Sernache,CF Os Belenenses,GD Vitoria Sernache vs CF Os Belenenses,Liga Portugal 3,2026-09-06 14:30,target__over_1_5_goals,Over 1.5 Goals,81.1,74.6,6.5,1.34,0.6116,True,77.7
sr:match:72723188,Corum FK,Eyupspor,Corum FK vs Eyupspor,Super Lig,2026-09-06 15:00,target__over_1_5_goals,Over 1.5 Goals,80.5,75.8,4.7,1.32,0.6116,True,77.7
sr:match:72723180,Kasimpasa Istanbul,Amed Sportif Faaliyetler,Kasimpasa Istanbul vs Amed Sportif Faaliyetler,Super Lig,2026-09-06 15:00,target__over_1_5_goals,Over 1.5 Goals,86.2,72.5,13.7,1.38,0.6116,True,77.7
sr:match:66886992,Coritiba FC PR,Mirassol FC SP,Coritiba FC PR vs Mirassol FC SP,Brasileiro Serie A,2026-09-06 15:00,target__over_1_5_goals,Over 1.5 Goals,79.2,72.5,6.7,1.38,0.6116,True,77.7
sr:match:68311806,Jonkopings Sodra IF,Tvaakers IF,Jonkopings Sodra IF vs Tvaakers IF,Ettan,2026-09-06 15:00,target__over_1_5_goals,Over 1.5 Goals,86.2,82.6,3.6,1.21,0.6116,True,77.7
sr:match:72559026,Cultural Leonesa,Merida AD,Cultural Leonesa vs Merida AD,Primera Federacion,2026-09-06 15:00,target__over_1_5_goals,Over 1.5 Goals,77.8,72.5,5.3,1.38,0.6116,True,77.7
sr:match:67123436,AD Berazategui,Club Estrella Del Sur (Alejandro Korn),AD Berazategui vs Club Estrella Del Sur (Alejandro Korn),Primera C,2026-09-06 15:00,target__over_1_5_goals,Over 1.5 Goals,70.6,66.7,3.9,1.5,0.6116,True,77.7
sr:match:72889466,Silivrispor,Beykoz Ishakli SF,Silivrispor vs Beykoz Ishakli SF,3. Lig,2026-09-06 15:00,target__over_1_5_goals,Over 1.5 Goals,77.8,73.5,4.2,1.36,0.6116,True,77.7
sr:match:73409244,Turan Tovuz,Sumgayit FK,Turan Tovuz vs Sumgayit FK,Premier League,2026-09-06 15:00,target__over_1_5_goals,Over 1.5 Goals,79.2,74.1,5.1,1.35,0.6116,True,77.7
sr:match:72814212,KF Tirana,FK Vora,KF Tirana vs FK Vora,Kategoria Superiore,2026-09-06 15:00,target__over_1_5_goals,Over 1.5 Goals,80.5,74.6,5.9,1.34,0.6116,True,77.7
sr:match:73753068,Besa Kavaje,Flamurtari Vlore,Besa Kavaje vs Flamurtari Vlore,Kategoria e Pare,2026-09-06 15:00,target__over_1_5_goals,Over 1.5 Goals,79.2,73.5,5.6,1.36,0.6116,True,77.7
sr:match:72477374,Real Oviedo,Burgos CF,Real Oviedo vs Burgos CF,LALIGA HYPERMOTION,2026-09-06 15:15,target__over_1_5_goals,Over 1.5 Goals,70.6,65.4,5.2,1.53,0.6116,True,77.7
sr:match:72530904,Santa Clara Azores,Rio Ave FC,Santa Clara Azores vs Rio Ave FC,Liga Portugal,2026-09-06 15:30,target__over_1_5_goals,Over 1.5 Goals,81.1,69.9,11.2,1.43,0.6116,True,77.7
sr:match:73658696,Colombe Sportive Du Dja Et Lobo,Stade Malien de Bamako,Colombe Sportive Du Dja Et Lobo vs Stade Malien de Bamako,CAF Champions League,2026-09-06 16:00,target__over_1_5_goals,Over 1.5 Goals,79.2,67.1,12.1,1.49,0.6116,True,77.7
sr:match:73658694,Enugu Rangers International FC,AS Sobemap,Enugu Rangers International FC vs AS Sobemap,CAF Champions League,2026-09-06 16:00,target__over_1_5_goals,Over 1.5 Goals,70.9,66.7,4.2,1.5,0.6116,True,77.7
sr:match:67604966,SJK Akatemia,JaPS,SJK Akatemia vs JaPS,Ykkosliiga,2026-09-06 16:00,target__over_1_5_goals,Over 1.5 Goals,84.3,80.0,4.3,1.25,0.6116,True,77.7
sr:match:73334370,Debibi United FC,Asante Kotoko,Debibi United FC vs Asante Kotoko,Premier League,2026-09-06 16:00,target__over_1_5_goals,Over 1.5 Goals,70.6,66.2,4.3,1.51,0.6116,True,77.7
sr:match:73334386,Heart of Lions,Aduana Stars,Heart of Lions vs Aduana Stars,Premier League,2026-09-06 16:00,target__over_1_5_goals,Over 1.5 Goals,79.2,69.4,9.7,1.44,0.6116,True,77.7
sr:match:73334374,Hearts of Oak,Berekum Chelsea,Hearts of Oak vs Berekum Chelsea,Premier League,2026-09-06 16:00,target__over_1_5_goals,Over 1.5 Goals,70.6,65.8,4.8,1.52,0.6116,True,77.7
sr:match:73334372,Port City FC,FC AshantiGold 04,Port City FC vs FC AshantiGold 04,Premier League,2026-09-06 16:00,target__over_1_5_goals,Over 1.5 Goals,70.9,65.8,5.1,1.52,0.6116,True,77.7
sr:match:73658700,ASC Kara,ASEC Mimosas,ASC Kara vs ASEC Mimosas,CAF Champions League,2026-09-06 16:30,target__over_1_5_goals,Over 1.5 Goals,70.9,66.2,4.7,1.51,0.6116,True,77.7
sr:match:74191594,ES Metlaoui,ES Hammam Sousse,ES Metlaoui vs ES Hammam Sousse,Ligue 1,2026-09-06 16:30,target__over_1_5_goals,Over 1.5 Goals,80.5,61.7,18.8,1.62,0.6116,True,77.7
sr:match:74191592,ES Sahel,JS Omrane,ES Sahel vs JS Omrane,Ligue 1,2026-09-06 16:30,target__over_1_5_goals,Over 1.5 Goals,77.8,71.4,6.3,1.4,0.6116,True,77.7
sr:match:74191590,Esperance Sportive de Tunis,Avenir S Marsa,Esperance Sportive de Tunis vs Avenir S Marsa,Ligue 1,2026-09-06 16:30,target__over_1_5_goals,Over 1.5 Goals,84.3,78.7,5.6,1.27,0.6116,True,77.7
sr:match:67682012,Deportes La Serena,Nublense,Deportes La Serena vs Nublense,Primera Division,2026-09-06 16:30,target__over_1_5_goals,Over 1.5 Goals,84.3,76.9,7.4,1.3,0.6116,True,77.7
sr:match:71945226,Bologna,Sassuolo,Bologna vs Sassuolo,Serie A,2026-09-06 17:00,target__over_1_5_goals,Over 1.5 Goals,79.2,74.6,4.5,1.34,0.6116,True,77.7
sr:match:72607950,FC Hradec Kralove,Sparta Prague,FC Hradec Kralove vs Sparta Prague,1. Liga,2026-09-06 17:00,target__over_1_5_goals,Over 1.5 Goals,84.3,80.0,4.3,1.25,0.6116,True,77.7
sr:match:72936024,Atromitos Athinon,PAE PS Kalamata,Atromitos Athinon vs PAE PS Kalamata,Super League,2026-09-06 17:00,target__over_1_5_goals,Over 1.5 Goals,79.2,74.6,4.5,1.34,0.6116,True,77.7
sr:match:73293122,Juventus Next Gen,US Pergolettese Crema,Juventus Next Gen vs US Pergolettese Crema,"Serie C, Group A",2026-09-06 17:00,target__over_1_5_goals,Over 1.5 Goals,80.5,73.0,7.5,1.37,0.6116,True,77.7
sr:match:67119722,Deportivo Camioneros,Argentino de Quilmes,Deportivo Camioneros vs Argentino de Quilmes,Primera B,2026-09-06 17:00,target__over_1_5_goals,Over 1.5 Goals,70.9,66.2,4.7,1.51,0.6116,True,77.7
sr:match:73160362,APOEL Nikosia,AEL Limassol,APOEL Nikosia vs AEL Limassol,1st Division,2026-09-06 17:00,target__over_1_5_goals,Over 1.5 Goals,80.5,76.3,4.2,1.31,0.6116,True,77.7
sr:match:73293862,US Livorno 1915,Atalanta BC U23,US Livorno 1915 vs Atalanta BC U23,"Serie C, Group B",2026-09-06 17:00,target__over_1_5_goals,Over 1.5 Goals,79.2,74.6,4.5,1.34,0.6116,True,77.7
sr:match:72559036,Athletic Bilbao B,Real Aviles CF,Athletic Bilbao B vs Real Aviles CF,Primera Federacion,2026-09-06 17:15,target__over_1_5_goals,Over 1.5 Goals,80.5,76.9,3.6,1.3,0.6116,True,77.7
sr:match:72559042,CD Extremadura,Racing Club de Ferrol,CD Extremadura vs Racing Club de Ferrol,Primera Federacion,2026-09-06 17:15,target__over_1_5_goals,Over 1.5 Goals,80.5,74.6,5.9,1.34,0.6116,True,77.7
sr:match:73068004,Real Murcia CF,CD Teruel,Real Murcia CF vs CD Teruel,Primera Federacion,2026-09-06 17:15,target__over_1_5_goals,Over 1.5 Goals,79.2,69.9,9.2,1.43,0.6116,True,77.7
sr:match:72478526,Alaves,Osasuna,Alaves vs Osasuna,LaLiga,2026-09-06 17:30,target__over_1_5_goals,Over 1.5 Goals,81.1,66.7,14.4,1.5,0.6116,True,77.7
sr:match:72936030,OFI Crete,AE Kifisia FC,OFI Crete vs AE Kifisia FC,Super League,2026-09-06 17:30,target__over_1_5_goals,Over 1.5 Goals,79.2,73.5,5.6,1.36,0.6116,True,77.7
sr:match:72530908,Vitoria SC Guimaraes,Casa Pia Lisbon,Vitoria SC Guimaraes vs Casa Pia Lisbon,Liga Portugal,2026-09-06 18:00,target__over_1_5_goals,Over 1.5 Goals,84.3,74.1,10.2,1.35,0.6116,True,77.7
sr:match:72723192,Kocaelispor,Samsunspor,Kocaelispor vs Samsunspor,Super Lig,2026-09-06 18:00,target__over_1_5_goals,Over 1.5 Goals,81.1,70.9,10.2,1.41,0.6116,True,77.7
sr:match:72936028,APO Levadiakos FC,Panaitolikos Agrinio,APO Levadiakos FC vs Panaitolikos Agrinio,Super League,2026-09-06 18:00,target__over_1_5_goals,Over 1.5 Goals,79.2,75.8,3.4,1.32,0.6116,True,77.7
sr:match:72735746,Muglaspor,Van Spor FK,Muglaspor vs Van Spor FK,1. Lig,2026-09-06 18:00,target__over_1_5_goals,Over 1.5 Goals,79.2,73.5,5.6,1.36,0.6116,True,77.7
sr:match:73916398,Maxline Vitebsk,FC Dinamo Minsk,Maxline Vitebsk vs FC Dinamo Minsk,Vysshaya Liga,2026-09-06 18:00,target__over_1_5_goals,Over 1.5 Goals,79.2,73.5,5.6,1.36,0.6116,True,77.7
sr:match:67015358,Kristiansund BK,Tromsoe IL,Kristiansund BK vs Tromsoe IL,Eliteserien,2026-09-06 18:15,target__over_1_5_goals,Over 1.5 Goals,84.3,80.6,3.7,1.24,0.6116,True,77.7
sr:match:72387978,ASC Otelul Galati,Rapid Bucuresti 1923,ASC Otelul Galati vs Rapid Bucuresti 1923,Superliga,2026-09-06 18:30,target__over_1_5_goals,Over 1.5 Goals,79.0,74.6,4.4,1.34,0.6116,True,77.7
sr:match:72334306,FC Baltika Kaliningrad,Lokomotiv Moscow,FC Baltika Kaliningrad vs Lokomotiv Moscow,Premier League,2026-09-06 18:45,target__over_1_5_goals,Over 1.5 Goals,79.2,75.8,3.4,1.32,0.6116,True,77.7
sr:match:73265256,CA Rosario Central,Newell's Old Boys,CA Rosario Central vs Newell's Old Boys,Primera LPF,2026-09-06 18:45,target__over_1_5_goals,Over 1.5 Goals,70.9,66.7,4.2,1.5,0.6116,True,77.7
sr:match:73954154,Al Shabab Kuwait,Kazma SC,Al Shabab Kuwait vs Kazma SC,Premier League,2026-09-06 18:50,target__over_1_5_goals,Over 1.5 Goals,84.3,78.7,5.6,1.27,0.6116,True,77.7
sr:match:73217374,CA Alvarado,CSB Atenas,CA Alvarado vs CSB Atenas,Torneo Federal A,2026-09-06 19:00,target__over_1_5_goals,Over 1.5 Goals,70.6,67.1,3.4,1.49,0.6116,True,77.7
sr:match:73217728,Deportivo Rincon,Costa Brava de General Pico,Deportivo Rincon vs Costa Brava de General Pico,Torneo Federal A,2026-09-06 19:00,target__over_1_5_goals,Over 1.5 Goals,70.6,66.2,4.3,1.51,0.6116,True,77.7
sr:match:73217722,Guillermo Brown,AC San Martin de Mendoza,Guillermo Brown vs AC San Martin de Mendoza,Torneo Federal A,2026-09-06 19:00,target__over_1_5_goals,Over 1.5 Goals,70.6,64.5,6.0,1.55,0.6116,True,77.7
sr:match:67119710,CD UAI Urquiza,Argentino de Merlo,CD UAI Urquiza vs Argentino de Merlo,Primera B,2026-09-06 19:00,target__over_1_5_goals,Over 1.5 Goals,70.6,62.5,8.1,1.6,0.6116,True,77.7
sr:match:67118650,Agropecuario Argentino,Atletico de Rafaela,Agropecuario Argentino vs Atletico de Rafaela,Primera Nacional,2026-09-06 19:00,target__over_1_5_goals,Over 1.5 Goals,80.5,64.9,15.6,1.54,0.6116,True,77.7
sr:match:67117938,CA San Miguel,CD Godoy Cruz,CA San Miguel vs CD Godoy Cruz,Primera Nacional,2026-09-06 19:00,target__over_1_5_goals,Over 1.5 Goals,70.9,62.5,8.4,1.6,0.6116,True,77.7
sr:match:67123430,ASD Justo Jose de Urquiza,Juventud Unida San Miguel,ASD Justo Jose de Urquiza vs Juventud Unida San Miguel,Primera C,2026-09-06 19:00,target__over_1_5_goals,Over 1.5 Goals,70.6,63.7,6.9,1.57,0.6116,True,77.7
sr:match:67123424,CA Puerto Nuevo,CA Lugano,CA Puerto Nuevo vs CA Lugano,Primera C,2026-09-06 19:00,target__over_1_5_goals,Over 1.5 Goals,70.6,64.1,6.5,1.56,0.6116,True,77.7
sr:match:67125954,CSDC Espanol,CA Fenix Pilar,CSDC Espanol vs CA Fenix Pilar,Primera C,2026-09-06 19:00,target__over_1_5_goals,Over 1.5 Goals,70.9,61.3,9.6,1.63,0.6116,True,77.7
sr:match:67123426,Deportivo Paraguayo,CDM Leandro N. Alem,Deportivo Paraguayo vs CDM Leandro N. Alem,Primera C,2026-09-06 19:00,target__over_1_5_goals,Over 1.5 Goals,70.6,64.1,6.5,1.56,0.6116,True,77.7
sr:match:73273728,Nacao SC,Santa Catarina SC,Nacao SC vs Santa Catarina SC,Copa Santa Catarina,2026-09-06 19:00,target__over_1_5_goals,Over 1.5 Goals,81.1,76.3,4.7,1.31,0.6116,True,77.7
sr:match:71998182,FC Lokomotiv 1929 Sofia,Ludogorets,FC Lokomotiv 1929 Sofia vs Ludogorets,Parva Liga,2026-09-06 19:15,target__over_1_5_goals,Over 1.5 Goals,84.3,78.7,5.6,1.27,0.6116,True,77.7
sr:match:74307000,HSK Zrinjski Mostar,NK Siroki Brijeg,HSK Zrinjski Mostar vs NK Siroki Brijeg,Premijer Liga,2026-09-06 19:15,target__over_1_5_goals,Over 1.5 Goals,84.3,80.0,4.3,1.25,0.6116,True,77.7
sr:match:73217378,CA Huracan Las Heras,CD Argentino Monte Maiz,CA Huracan Las Heras vs CD Argentino Monte Maiz,Torneo Federal A,2026-09-06 19:30,target__over_1_5_goals,Over 1.5 Goals,70.6,56.2,14.4,1.78,0.6116,True,77.7
sr:match:67118642,San Martin de San Juan,CA Ferrocarril Midland,San Martin de San Juan vs CA Ferrocarril Midland,Primera Nacional,2026-09-06 19:30,target__over_1_5_goals,Over 1.5 Goals,70.9,62.1,8.8,1.61,0.6116,True,77.7
sr:match:71945238,Juventus,AC Milan,Juventus vs AC Milan,Serie A,2026-09-06 19:45,target__over_1_5_goals,Over 1.5 Goals,84.3,73.0,11.3,1.37,0.6116,True,77.7
sr:match:72478534,Espanyol,Sevilla,Espanyol vs Sevilla,LaLiga,2026-09-06 20:00,target__over_1_5_goals,Over 1.5 Goals,81.1,68.0,13.1,1.47,0.6116,True,77.7
sr:match:66886996,Clube do Remo PA,CR Flamengo RJ,Clube do Remo PA vs CR Flamengo RJ,Brasileiro Serie A,2026-09-06 20:00,target__over_1_5_goals,Over 1.5 Goals,84.3,80.6,3.7,1.24,0.6116,True,77.7
sr:match:73217302,CA Sarmiento de la Banda,CA 9 de Julio Rafaela,CA Sarmiento de la Banda vs CA 9 de Julio Rafaela,Torneo Federal A,2026-09-06 20:00,target__over_1_5_goals,Over 1.5 Goals,79.2,71.9,7.2,1.39,0.6116,True,77.7
sr:match:73293118,AS Cittadella,AC Lumezzane,AS Cittadella vs AC Lumezzane,"Serie C, Group A",2026-09-06 20:00,target__over_1_5_goals,Over 1.5 Goals,80.5,73.5,7.0,1.36,0.6116,True,77.7
sr:match:67117932,CA Chaco For Ever,CA Estudiantes,CA Chaco For Ever vs CA Estudiantes,Primera Nacional,2026-09-06 20:00,target__over_1_5_goals,Over 1.5 Goals,70.6,59.9,10.7,1.67,0.6116,True,77.7
sr:match:67118638,CA Temperley,CA Colegiales,CA Temperley vs CA Colegiales,Primera Nacional,2026-09-06 20:00,target__over_1_5_goals,Over 1.5 Goals,70.9,59.5,11.4,1.68,0.6116,True,77.7
sr:match:67118636,CD Maipu,CA Patronato Parana,CD Maipu vs CA Patronato Parana,Primera Nacional,2026-09-06 20:00,target__over_1_5_goals,Over 1.5 Goals,70.6,65.8,4.8,1.52,0.6116,True,77.7
sr:match:73998832,Deportivo Madryn,Club Ciudad de Bolivar,Deportivo Madryn vs Club Ciudad de Bolivar,Primera Nacional,2026-09-06 20:00,target__over_1_5_goals,Over 1.5 Goals,80.5,65.4,15.1,1.53,0.6116,True,77.7
sr:match:73038534,Libertad Asuncion,Rubio Nu,Libertad Asuncion vs Rubio Nu,Division de Honor,2026-09-06 20:00,target__over_1_5_goals,Over 1.5 Goals,80.5,75.2,5.3,1.33,0.6116,True,77.7
sr:match:74236330,CSD Coban Imperial,CD Guastatoya,CSD Coban Imperial vs CD Guastatoya,Liga Nacional,2026-09-06 20:00,target__over_1_5_goals,Over 1.5 Goals,80.5,74.1,6.4,1.35,0.6116,True,77.7
sr:match:73293864,Perugia Calcio Spa,ASD Pineto Calcio,Perugia Calcio Spa vs ASD Pineto Calcio,"Serie C, Group B",2026-09-06 20:00,target__over_1_5_goals,Over 1.5 Goals,79.2,71.4,7.7,1.4,0.6116,True,77.7
sr:match:73294606,Casertana FC,Scafatese Calcio 1922,Casertana FC vs Scafatese Calcio 1922,"Serie C, Group C",2026-09-06 20:00,target__over_1_5_goals,Over 1.5 Goals,80.5,75.2,5.3,1.33,0.6116,True,77.7
sr:match:72530898,Gil Vicente Barcelos,Academico de Viseu FC,Gil Vicente Barcelos vs Academico de Viseu FC,Liga Portugal,2026-09-06 20:30,target__over_1_5_goals,Over 1.5 Goals,81.1,71.9,9.1,1.39,0.6116,True,77.7
sr:match:73265266,CA Central Cordoba SE,CA Independiente Avellaneda,CA Central Cordoba SE vs CA Independiente Avellaneda,Primera LPF,2026-09-06 21:00,target__over_1_5_goals,Over 1.5 Goals,70.6,65.8,4.8,1.52,0.6116,True,77.7
sr:match:67117928,CA Central Norte Salta,Club Almirante Brown,CA Central Norte Salta vs Club Almirante Brown,Primera Nacional,2026-09-06 21:00,target__over_1_5_goals,Over 1.5 Goals,70.6,57.1,13.4,1.75,0.6116,True,77.7
sr:match:73998838,CA Guemes,Gimnasia Y Tiro de Salta,CA Guemes vs Gimnasia Y Tiro de Salta,Primera Nacional,2026-09-06 21:00,target__over_1_5_goals,Over 1.5 Goals,67.2,62.1,5.1,1.61,0.6116,True,77.7
sr:match:74247780,AS Arapiraquense AL,Uberlandia EC MG,AS Arapiraquense AL vs Uberlandia EC MG,Brasileiro Serie D,2026-09-06 21:00,target__over_1_5_goals,Over 1.5 Goals,70.9,64.9,6.0,1.54,0.6116,True,77.7
sr:match:73842986,Union Comercio,CDU San Martin,Union Comercio vs CDU San Martin,Liga 2,2026-09-06 21:15,target__over_1_5_goals,Over 1.5 Goals,79.2,75.8,3.4,1.32,0.6116,True,77.7
sr:match:74244302,Santa Cruz FC PE,Botafogo FC PB,Santa Cruz FC PE vs Botafogo FC PB,Brasileiro Serie C,2026-09-06 22:30,target__over_1_5_goals,Over 1.5 Goals,84.3,76.3,8.0,1.31,0.6116,True,77.7
sr:match:73217306,CA Sol de America de Formosa,CS Belgrano,CA Sol de America de Formosa vs CS Belgrano,Torneo Federal A,2026-09-06 23:00,target__over_1_5_goals,Over 1.5 Goals,70.9,64.9,6.0,1.54,0.6116,True,77.7
sr:match:67682018,CD Palestino,Universidad de Concepcion,CD Palestino vs Universidad de Concepcion,Primera Division,2026-09-06 23:30,target__over_1_5_goals,Over 1.5 Goals,84.3,81.3,3.0,1.23,0.6116,True,77.7
sr:match:74269700,CD Walter Ferretti,Managua FC,CD Walter Ferretti vs Managua FC,Primera Division,2026-09-07 00:00,target__over_1_5_goals,Over 1.5 Goals,84.3,78.1,6.2,1.28,0.6116,True,77.7
sr:match:66299486,Portland Timbers,Minnesota United FC,Portland Timbers vs Minnesota United FC,MLS,2026-09-06 03:30,target__over_2_5_goals,Over 2.5 Goals,67.6,64.1,3.5,1.56,0.641,True,56.0
sr:match:111111113657779,Taroona,Launceston United,Taroona vs Launceston United,"Tasmania Super League, Women",2026-09-06 05:30,target__over_2_5_goals,Over 2.5 Goals,81.2,76.9,4.3,1.3,0.641,True,56.0
sr:match:74298816,APIA Leichhardt,NWS Spirit,APIA Leichhardt vs NWS Spirit,NSW NPL 1,2026-09-06 07:00,target__over_2_5_goals,Over 2.5 Goals,67.6,63.7,3.9,1.57,0.641,True,56.0
sr:match:73296440,Hong Kong FC,Lee Man FC,Hong Kong FC vs Lee Man FC,Premier League,2026-09-06 09:30,target__over_2_5_goals,Over 2.5 Goals,82.1,76.9,5.2,1.3,0.641,True,56.0
sr:match:72149696,JEF United Chiba,Gamba Osaka,JEF United Chiba vs Gamba Osaka,J1 League,2026-09-06 10:00,target__over_2_5_goals,Over 2.5 Goals,67.6,56.2,11.4,1.78,0.641,True,56.0
sr:match:72116150,Azul Claro Numazu,Briobecca Urayasu,Azul Claro Numazu vs Briobecca Urayasu,Japan Football League,2026-09-06 10:00,target__over_2_5_goals,Over 2.5 Goals,47.6,44.4,3.2,2.25,0.641,True,56.0
sr:match:72149704,Cerezo Osaka,Tokyo Verdy,Cerezo Osaka vs Tokyo Verdy,J1 League,2026-09-06 11:00,target__over_2_5_goals,Over 2.5 Goals,52.5,47.6,4.9,2.1,0.641,True,56.0
sr:match:72149706,Vissel Kobe,V-Varen Nagasaki,Vissel Kobe vs V-Varen Nagasaki,J1 League,2026-09-06 11:00,target__over_2_5_goals,Over 2.5 Goals,52.5,47.6,4.9,2.1,0.641,True,56.0
sr:match:67817854,FC Anyang,Gangwon FC,FC Anyang vs Gangwon FC,K-League 1,2026-09-06 11:00,target__over_2_5_goals,Over 2.5 Goals,52.5,48.8,3.7,2.05,0.641,True,56.0
sr:match:72151124,Oita Trinita,FC Imabari,Oita Trinita vs FC Imabari,J2 League,2026-09-06 11:00,target__over_2_5_goals,Over 2.5 Goals,47.6,44.4,3.2,2.25,0.641,True,56.0
sr:match:72531572,FC Vizela,FC Felgueiras 1932,FC Vizela vs FC Felgueiras 1932,Liga Portugal 2,2026-09-06 11:00,target__over_2_5_goals,Over 2.5 Goals,47.6,41.7,6.0,2.4,0.641,True,56.0
sr:match:69502022,FK Tukums 2000/Tss II,Saldus SS/Leevon,FK Tukums 2000/Tss II vs Saldus SS/Leevon,1.Liga,2026-09-06 11:00,target__over_2_5_goals,Over 2.5 Goals,81.2,74.6,6.5,1.34,0.641,True,56.0
sr:match:68377988,Qviding FIF,Jonsereds IF,Qviding FIF vs Jonsereds IF,Division 2,2026-09-06 11:00,target__over_2_5_goals,Over 2.5 Goals,81.2,76.3,4.8,1.31,0.641,True,56.0
sr:match:72398660,Legia Warszawa II,Rekord Bielsko Biala,Legia Warszawa II vs Rekord Bielsko Biala,II Liga,2026-09-06 11:00,target__over_2_5_goals,Over 2.5 Goals,67.6,62.1,5.5,1.61,0.641,True,56.0
sr:match:73549870,Dong A Thanh Hoa,SHB Da Nang,Dong A Thanh Hoa vs SHB Da Nang,V-League 1,2026-09-06 11:00,target__over_2_5_goals,Over 2.5 Goals,47.6,44.4,3.2,2.25,0.641,True,56.0
sr:match:72041114,FC Groningen,FC Twente Enschede,FC Groningen vs FC Twente Enschede,Eredivisie,2026-09-06 11:15,target__over_2_5_goals,Over 2.5 Goals,67.6,64.5,3.1,1.55,0.641,True,56.0
sr:match:72339768,Birmingham City,Wolves,Birmingham City vs Wolves,Championship,2026-09-06 12:00,target__over_2_5_goals,Over 2.5 Goals,52.5,47.6,4.9,2.1,0.641,True,56.0
sr:match:72607954,FK Mlada Boleslav,FC Banik Ostrava,FK Mlada Boleslav vs FC Banik Ostrava,1. Liga,2026-09-06 12:00,target__over_2_5_goals,Over 2.5 Goals,66.7,58.8,7.8,1.7,0.641,True,56.0
sr:match:68995376,Henan,Chengdu Rongcheng,Henan vs Chengdu Rongcheng,Chinese Super League,2026-09-06 12:35,target__over_2_5_goals,Over 2.5 Goals,67.6,62.5,5.1,1.6,0.641,True,56.0
sr:match:68995374,Yunnan Yukun,Liaoning Tieren FC,Yunnan Yukun vs Liaoning Tieren FC,Chinese Super League,2026-09-06 12:35,target__over_2_5_goals,Over 2.5 Goals,81.2,72.5,8.7,1.38,0.641,True,56.0
sr:match:73658732,Gor Mahia FC,Pyramids FC,Gor Mahia FC vs Pyramids FC,CAF Champions League,2026-09-06 13:00,target__over_2_5_goals,Over 2.5 Goals,47.6,41.7,6.0,2.4,0.641,True,56.0
sr:match:72477368,Eibar,Granada,Eibar vs Granada,LALIGA HYPERMOTION,2026-09-06 13:00,target__over_2_5_goals,Over 2.5 Goals,47.6,43.5,4.1,2.3,0.641,True,56.0
sr:match:67126744,Orgryte IS,Hammarby IF,Orgryte IS vs Hammarby IF,Allsvenskan,2026-09-06 13:00,target__over_2_5_goals,Over 2.5 Goals,82.1,75.2,7.0,1.33,0.641,True,56.0
sr:match:68995378,Tianjin Jinmen Tiger,Zhejiang FC,Tianjin Jinmen Tiger vs Zhejiang FC,Chinese Super League,2026-09-06 13:00,target__over_2_5_goals,Over 2.5 Goals,67.6,62.5,5.1,1.6,0.641,True,56.0
sr:match:73576608,Madura United,Persijap Jepara,Madura United vs Persijap Jepara,Super League,2026-09-06 13:00,target__over_2_5_goals,Over 2.5 Goals,52.5,48.8,3.7,2.05,0.641,True,56.0
sr:match:67916098,Notodden FK,Lysekloster,Notodden FK vs Lysekloster,2nd Division Group 1,2026-09-06 13:00,target__over_2_5_goals,Over 2.5 Goals,81.2,74.1,7.1,1.35,0.641,True,56.0
sr:match:74077586,FC Honka,HJS,FC Honka vs HJS,Kakkonen,2026-09-06 13:00,target__over_2_5_goals,Over 2.5 Goals,81.2,78.1,3.1,1.28,0.641,True,56.0
sr:match:73062388,Selangor FC,Melaka FC,Selangor FC vs Melaka FC,Super League,2026-09-06 13:15,target__over_2_5_goals,Over 2.5 Goals,81.2,75.2,6.0,1.33,0.641,True,56.0
sr:match:72041116,SC Heerenveen,Alkmaar,SC Heerenveen vs Alkmaar,Eredivisie,2026-09-06 13:30,target__over_2_5_goals,Over 2.5 Goals,71.9,68.5,3.4,1.46,0.641,True,56.0
sr:match:72041118,SC Telstar,SC Cambuur,SC Telstar vs SC Cambuur,Eredivisie,2026-09-06 13:30,target__over_2_5_goals,Over 2.5 Goals,71.9,68.5,3.4,1.46,0.641,True,56.0
sr:match:72300760,FC Banik Ostrava B,SK Hanacka Slavia Kromeriz,FC Banik Ostrava B vs SK Hanacka Slavia Kromeriz,FNL,2026-09-06 13:30,target__over_2_5_goals,Over 2.5 Goals,66.7,61.0,5.7,1.64,0.641,True,56.0
sr:match:70381658,Chitipa United,Creck SC,Chitipa United vs Creck SC,Super League,2026-09-06 13:30,target__over_2_5_goals,Over 2.5 Goals,47.6,40.8,6.8,2.45,0.641,True,56.0
sr:match:71945240,Parma Calcio,Monza,Parma Calcio vs Monza,Serie A,2026-09-06 14:00,target__over_2_5_goals,Over 2.5 Goals,47.6,42.6,5.1,2.35,0.641,True,56.0
sr:match:73658718,Mighty Wanderers FC,Simba SC,Mighty Wanderers FC vs Simba SC,CAF Champions League,2026-09-06 14:00,target__over_2_5_goals,Over 2.5 Goals,47.6,41.7,6.0,2.4,0.641,True,56.0
sr:match:73658710,UD Do Songo,Atletico Petroleos de Luanda,UD Do Songo vs Atletico Petroleos de Luanda,CAF Champions League,2026-09-06 14:00,target__over_2_5_goals,Over 2.5 Goals,47.6,40.0,7.6,2.5,0.641,True,56.0
sr:match:73092900,Virtus Entella,L.R. Vicenza,Virtus Entella vs L.R. Vicenza,Serie B,2026-09-06 14:00,target__over_2_5_goals,Over 2.5 Goals,47.6,42.6,5.1,2.35,0.641,True,56.0
sr:match:73293120,AS Giana Erminio,Dolomiti Bellunesi,AS Giana Erminio vs Dolomiti Bellunesi,"Serie C, Group A",2026-09-06 14:00,target__over_2_5_goals,Over 2.5 Goals,47.6,41.7,6.0,2.4,0.641,True,56.0
sr:match:71680622,France,Korea Republic,France vs Korea Republic,"U20 FIFA World Cup, Women",2026-09-06 14:00,target__over_2_5_goals,Over 2.5 Goals,67.6,62.9,4.7,1.59,0.641,True,56.0
sr:match:74123922,CA Cerro,Racing Club Montevideo,CA Cerro vs Racing Club Montevideo,Primera Division,2026-09-06 14:00,target__over_2_5_goals,Over 2.5 Goals,45.6,39.2,6.4,2.55,0.641,True,56.0
sr:match:67915818,Ullensaker/Kisa,Levanger FK,Ullensaker/Kisa vs Levanger FK,2nd Division Group 2,2026-09-06 14:00,target__over_2_5_goals,Over 2.5 Goals,82.1,77.5,4.6,1.29,0.641,True,56.0
sr:match:73258802,Lamontville Golden Arrows,Mamelodi Sundowns,Lamontville Golden Arrows vs Mamelodi Sundowns,Premiership,2026-09-06 14:00,target__over_2_5_goals,Over 2.5 Goals,52.5,48.8,3.7,2.05,0.641,True,56.0
sr:match:73293856,US Grosseto,SEF Torres Sassari,US Grosseto vs SEF Torres Sassari,"Serie C, Group B",2026-09-06 14:00,target__over_2_5_goals,Over 2.5 Goals,52.5,46.5,6.0,2.15,0.641,True,56.0
sr:match:74116970,SSC Napoli,Parma Calcio,SSC Napoli vs Parma Calcio,"Serie A Cup, Women",2026-09-06 14:00,target__over_2_5_goals,Over 2.5 Goals,52.5,48.8,3.7,2.05,0.641,True,56.0
sr:match:72939188,GD Vitoria Sernache,CF Os Belenenses,GD Vitoria Sernache vs CF Os Belenenses,Liga Portugal 3,2026-09-06 14:30,target__over_2_5_goals,Over 2.5 Goals,52.5,48.8,3.7,2.05,0.641,True,56.0
sr:match:67915822,Trygg/Lade,Hoenefoss BK,Trygg/Lade vs Hoenefoss BK,2nd Division Group 2,2026-09-06 14:30,target__over_2_5_goals,Over 2.5 Goals,81.2,76.9,4.3,1.3,0.641,True,56.0
sr:match:72723180,Kasimpasa Istanbul,Amed Sportif Faaliyetler,Kasimpasa Istanbul vs Amed Sportif Faaliyetler,Super Lig,2026-09-06 15:00,target__over_2_5_goals,Over 2.5 Goals,52.5,46.5,6.0,2.15,0.641,True,56.0
sr:match:68823232,Londrina EC PR,Operario Ferroviario EC PR,Londrina EC PR vs Operario Ferroviario EC PR,Brasileiro Serie B,2026-09-06 15:00,target__over_2_5_goals,Over 2.5 Goals,52.5,46.5,6.0,2.15,0.641,True,56.0
sr:match:68311806,Jonkopings Sodra IF,Tvaakers IF,Jonkopings Sodra IF vs Tvaakers IF,Ettan,2026-09-06 15:00,target__over_2_5_goals,Over 2.5 Goals,67.6,59.9,7.7,1.67,0.641,True,56.0
sr:match:67123436,AD Berazategui,Club Estrella Del Sur (Alejandro Korn),AD Berazategui vs Club Estrella Del Sur (Alejandro Korn),Primera C,2026-09-06 15:00,target__over_2_5_goals,Over 2.5 Goals,45.6,40.0,5.6,2.5,0.641,True,56.0
sr:match:68194826,KA Akureyri,Breidablik,KA Akureyri vs Breidablik,Besta deild,2026-09-06 15:00,target__over_2_5_goals,Over 2.5 Goals,81.2,75.8,5.4,1.32,0.641,True,56.0
sr:match:68194824,Vikingur Reykjavik,Fram Reykjavik,Vikingur Reykjavik vs Fram Reykjavik,Besta deild,2026-09-06 15:00,target__over_2_5_goals,Over 2.5 Goals,81.2,76.9,4.3,1.3,0.641,True,56.0
sr:match:72963744,F91 Dudelange,Racing Union Luxembourg,F91 Dudelange vs Racing Union Luxembourg,Division Nationale,2026-09-06 15:00,target__over_2_5_goals,Over 2.5 Goals,67.6,64.5,3.1,1.55,0.641,True,56.0
sr:match:72963748,FC Differdange 03,Un Kaerjeng 97,FC Differdange 03 vs Un Kaerjeng 97,Division Nationale,2026-09-06 15:00,target__over_2_5_goals,Over 2.5 Goals,67.6,63.7,3.9,1.57,0.641,True,56.0
sr:match:73409244,Turan Tovuz,Sumgayit FK,Turan Tovuz vs Sumgayit FK,Premier League,2026-09-06 15:00,target__over_2_5_goals,Over 2.5 Goals,52.5,48.8,3.7,2.05,0.641,True,56.0
sr:match:67993696,HB Torshavn II,B71 Sandoy,HB Torshavn II vs B71 Sandoy,1st deild,2026-09-06 15:00,target__over_2_5_goals,Over 2.5 Goals,81.2,74.6,6.5,1.34,0.641,True,56.0
sr:match:72814212,KF Tirana,FK Vora,KF Tirana vs FK Vora,Kategoria Superiore,2026-09-06 15:00,target__over_2_5_goals,Over 2.5 Goals,52.5,48.8,3.7,2.05,0.641,True,56.0
sr:match:72449276,FH Hafnarfjordur,Thor/KA,FH Hafnarfjordur vs Thor/KA,"Besta deild, Women",2026-09-06 15:00,target__over_2_5_goals,Over 2.5 Goals,81.2,77.5,3.7,1.29,0.641,True,56.0
sr:match:72478542,Valencia,Barcelona,Valencia vs Barcelona,LaLiga,2026-09-06 15:15,target__over_2_5_goals,Over 2.5 Goals,81.2,71.9,9.2,1.39,0.641,True,56.0
sr:match:72530904,Santa Clara Azores,Rio Ave FC,Santa Clara Azores vs Rio Ave FC,Liga Portugal,2026-09-06 15:30,target__over_2_5_goals,Over 2.5 Goals,52.5,43.5,9.0,2.3,0.641,True,56.0
sr:match:72176934,Basel,Lugano,Basel vs Lugano,Super League,2026-09-06 15:30,target__over_2_5_goals,Over 2.5 Goals,67.6,64.1,3.5,1.56,0.641,True,56.0
sr:match:73217720,Fadep,CA Germinal,Fadep vs CA Germinal,Torneo Federal A,2026-09-06 15:30,target__over_2_5_goals,Over 2.5 Goals,46.7,42.6,4.1,2.35,0.641,True,56.0
sr:match:72531566,Leixoes SC,Amarante FC,Leixoes SC vs Amarante FC,Liga Portugal 2,2026-09-06 15:30,target__over_2_5_goals,Over 2.5 Goals,52.5,46.5,6.0,2.15,0.641,True,56.0
sr:match:67993694,B36 Torshavn II,FC Suduroy,B36 Torshavn II vs FC Suduroy,1st deild,2026-09-06 15:30,target__over_2_5_goals,Over 2.5 Goals,81.2,77.5,3.7,1.29,0.641,True,56.0
sr:match:72041120,ADO Den Haag,Fortuna Sittard,ADO Den Haag vs Fortuna Sittard,Eredivisie,2026-09-06 15:45,target__over_2_5_goals,Over 2.5 Goals,71.9,68.0,3.8,1.47,0.641,True,56.0
sr:match:73658696,Colombe Sportive Du Dja Et Lobo,Stade Malien de Bamako,Colombe Sportive Du Dja Et Lobo vs Stade Malien de Bamako,CAF Champions League,2026-09-06 16:00,target__over_2_5_goals,Over 2.5 Goals,47.6,40.0,7.6,2.5,0.641,True,56.0
sr:match:73658694,Enugu Rangers International FC,AS Sobemap,Enugu Rangers International FC vs AS Sobemap,CAF Champions League,2026-09-06 16:00,target__over_2_5_goals,Over 2.5 Goals,47.6,40.0,7.6,2.5,0.641,True,56.0
sr:match:67015360,Molde,KFUM Oslo,Molde vs KFUM Oslo,Eliteserien,2026-09-06 16:00,target__over_2_5_goals,Over 2.5 Goals,81.2,72.5,8.7,1.38,0.641,True,56.0
sr:match:67015366,Sarpsborg 08,Vaalerenga IF,Sarpsborg 08 vs Vaalerenga IF,Eliteserien,2026-09-06 16:00,target__over_2_5_goals,Over 2.5 Goals,81.2,69.9,11.2,1.43,0.641,True,56.0
sr:match:67018150,Lyn 1896 FK,Egersunds IK,Lyn 1896 FK vs Egersunds IK,1st Division,2026-09-06 16:00,target__over_2_5_goals,Over 2.5 Goals,81.2,68.5,12.7,1.46,0.641,True,56.0
sr:match:73287454,SC/ESV Parndorf 1919,Wolfsberger AC,SC/ESV Parndorf 1919 vs Wolfsberger AC,OFB Cup,2026-09-06 16:00,target__over_2_5_goals,Over 2.5 Goals,81.2,75.8,5.4,1.32,0.641,True,56.0
sr:match:68492682,FK Auda Riga,FK Grobina,FK Auda Riga vs FK Grobina,Virsliga,2026-09-06 16:00,target__over_2_5_goals,Over 2.5 Goals,67.6,58.5,9.1,1.71,0.641,True,56.0
sr:match:73334384,Bechem United,Bibiani Gold Stars FC,Bechem United vs Bibiani Gold Stars FC,Premier League,2026-09-06 16:00,target__over_2_5_goals,Over 2.5 Goals,47.6,43.5,4.1,2.3,0.641,True,56.0
sr:match:73334370,Debibi United FC,Asante Kotoko,Debibi United FC vs Asante Kotoko,Premier League,2026-09-06 16:00,target__over_2_5_goals,Over 2.5 Goals,46.7,39.2,7.5,2.55,0.641,True,56.0
sr:match:73334386,Heart of Lions,Aduana Stars,Heart of Lions vs Aduana Stars,Premier League,2026-09-06 16:00,target__over_2_5_goals,Over 2.5 Goals,47.6,42.6,5.1,2.35,0.641,True,56.0
sr:match:73334374,Hearts of Oak,Berekum Chelsea,Hearts of Oak vs Berekum Chelsea,Premier League,2026-09-06 16:00,target__over_2_5_goals,Over 2.5 Goals,47.6,38.5,9.2,2.6,0.641,True,56.0
sr:match:73334372,Port City FC,FC AshantiGold 04,Port City FC vs FC AshantiGold 04,Premier League,2026-09-06 16:00,target__over_2_5_goals,Over 2.5 Goals,47.6,38.5,9.2,2.6,0.641,True,56.0
sr:match:72513172,Eintracht Frankfurt,Augsburg,Eintracht Frankfurt vs Augsburg,Bundesliga,2026-09-06 16:30,target__over_2_5_goals,Over 2.5 Goals,81.2,67.1,14.1,1.49,0.641,True,56.0
sr:match:73658700,ASC Kara,ASEC Mimosas,ASC Kara vs ASEC Mimosas,CAF Champions League,2026-09-06 16:30,target__over_2_5_goals,Over 2.5 Goals,47.6,39.2,8.4,2.55,0.641,True,56.0
sr:match:74191594,ES Metlaoui,ES Hammam Sousse,ES Metlaoui vs ES Hammam Sousse,Ligue 1,2026-09-06 16:30,target__over_2_5_goals,Over 2.5 Goals,47.6,34.5,13.1,2.9,0.641,True,56.0
sr:match:72278458,NK Maribor,Mura Murska Sobota,NK Maribor vs Mura Murska Sobota,PrvaLiga,2026-09-06 16:30,target__over_2_5_goals,Over 2.5 Goals,67.6,61.3,6.2,1.63,0.641,True,56.0
sr:match:74306996,FK Zeljeznicar Sarajevo,FK Velez Mostar,FK Zeljeznicar Sarajevo vs FK Velez Mostar,Premijer Liga,2026-09-06 16:30,target__over_2_5_goals,Over 2.5 Goals,47.6,44.4,3.2,2.25,0.641,True,56.0
sr:match:73258800,Kaizer Chiefs,Siwelele FC,Kaizer Chiefs vs Siwelele FC,Premiership,2026-09-06 16:30,target__over_2_5_goals,Over 2.5 Goals,47.6,41.7,6.0,2.4,0.641,True,56.0
sr:match:74077790,GBK Kokkola,Jakobstads Bollklubb,GBK Kokkola vs Jakobstads Bollklubb,Kakkonen,2026-09-06 16:30,target__over_2_5_goals,Over 2.5 Goals,81.2,78.1,3.1,1.28,0.641,True,56.0
sr:match:71901872,FK Kauno Zalgiris,Dziugas,FK Kauno Zalgiris vs Dziugas,TOPLYGA,2026-09-06 16:45,target__over_2_5_goals,Over 2.5 Goals,67.6,54.6,12.9,1.83,0.641,True,56.0
sr:match:71945226,Bologna,Sassuolo,Bologna vs Sassuolo,Serie A,2026-09-06 17:00,target__over_2_5_goals,Over 2.5 Goals,52.5,48.8,3.7,2.05,0.641,True,56.0
sr:match:71925008,Broendby IF,Randers FC,Broendby IF vs Randers FC,Superliga,2026-09-06 17:00,target__over_2_5_goals,Over 2.5 Goals,67.6,62.9,4.7,1.59,0.641,True,56.0
sr:match:72936024,Atromitos Athinon,PAE PS Kalamata,Atromitos Athinon vs PAE PS Kalamata,Super League,2026-09-06 17:00,target__over_2_5_goals,Over 2.5 Goals,52.5,48.8,3.7,2.05,0.641,True,56.0
sr:match:71998180,PFC Lokomotiv Plovdiv,PFC Cherno More Varna,PFC Lokomotiv Plovdiv vs PFC Cherno More Varna,Parva Liga,2026-09-06 17:00,target__over_2_5_goals,Over 2.5 Goals,47.6,44.4,3.2,2.25,0.641,True,56.0
sr:match:73293122,Juventus Next Gen,US Pergolettese Crema,Juventus Next Gen vs US Pergolettese Crema,"Serie C, Group A",2026-09-06 17:00,target__over_2_5_goals,Over 2.5 Goals,52.5,46.5,6.0,2.15,0.641,True,56.0
sr:match:67119722,Deportivo Camioneros,Argentino de Quilmes,Deportivo Camioneros vs Argentino de Quilmes,Primera B,2026-09-06 17:00,target__over_2_5_goals,Over 2.5 Goals,47.6,39.2,8.4,2.55,0.641,True,56.0
sr:match:73293868,Reggiana 1919,Vado FC,Reggiana 1919 vs Vado FC,"Serie C, Group B",2026-09-06 17:00,target__over_2_5_goals,Over 2.5 Goals,52.5,46.5,6.0,2.15,0.641,True,56.0
sr:match:73068004,Real Murcia CF,CD Teruel,Real Murcia CF vs CD Teruel,Primera Federacion,2026-09-06 17:15,target__over_2_5_goals,Over 2.5 Goals,47.6,42.6,5.1,2.35,0.641,True,56.0
sr:match:72478526,Alaves,Osasuna,Alaves vs Osasuna,LaLiga,2026-09-06 17:30,target__over_2_5_goals,Over 2.5 Goals,47.6,39.2,8.4,2.55,0.641,True,56.0
sr:match:72530908,Vitoria SC Guimaraes,Casa Pia Lisbon,Vitoria SC Guimaraes vs Casa Pia Lisbon,Liga Portugal,2026-09-06 18:00,target__over_2_5_goals,Over 2.5 Goals,52.5,48.8,3.7,2.05,0.641,True,56.0
sr:match:72723192,Kocaelispor,Samsunspor,Kocaelispor vs Samsunspor,Super Lig,2026-09-06 18:00,target__over_2_5_goals,Over 2.5 Goals,47.6,44.4,3.2,2.25,0.641,True,56.0
sr:match:72083032,Crvena Zvezda,FK Partizan Belgrade,Crvena Zvezda vs FK Partizan Belgrade,Superliga,2026-09-06 18:00,target__over_2_5_goals,Over 2.5 Goals,81.2,76.9,4.3,1.3,0.641,True,56.0
sr:match:67015358,Kristiansund BK,Tromsoe IL,Kristiansund BK vs Tromsoe IL,Eliteserien,2026-09-06 18:15,target__over_2_5_goals,Over 2.5 Goals,68.9,57.5,11.5,1.74,0.641,True,56.0
sr:match:72203036,KV Waasland-Beveren,Oud-Heverlee Leuven,KV Waasland-Beveren vs Oud-Heverlee Leuven,Pro League,2026-09-06 18:15,target__over_2_5_goals,Over 2.5 Goals,67.6,62.1,5.5,1.61,0.641,True,56.0
sr:match:73265256,CA Rosario Central,Newell's Old Boys,CA Rosario Central vs Newell's Old Boys,Primera LPF,2026-09-06 18:45,target__over_2_5_goals,Over 2.5 Goals,45.6,40.0,5.6,2.5,0.641,True,56.0
sr:match:73217374,CA Alvarado,CSB Atenas,CA Alvarado vs CSB Atenas,Torneo Federal A,2026-09-06 19:00,target__over_2_5_goals,Over 2.5 Goals,47.6,40.0,7.6,2.5,0.641,True,56.0
sr:match:73217726,CA Juventud Unida Universitario San Luis,CD Santamarina Tandil,CA Juventud Unida Universitario San Luis vs CD Santamarina Tandil,Torneo Federal A,2026-09-06 19:00,target__over_2_5_goals,Over 2.5 Goals,45.6,41.7,3.9,2.4,0.641,True,56.0
sr:match:73217728,Deportivo Rincon,Costa Brava de General Pico,Deportivo Rincon vs Costa Brava de General Pico,Torneo Federal A,2026-09-06 19:00,target__over_2_5_goals,Over 2.5 Goals,45.6,39.2,6.4,2.55,0.641,True,56.0
sr:match:67118650,Agropecuario Argentino,Atletico de Rafaela,Agropecuario Argentino vs Atletico de Rafaela,Primera Nacional,2026-09-06 19:00,target__over_2_5_goals,Over 2.5 Goals,46.7,37.7,8.9,2.65,0.641,True,56.0
sr:match:67125954,CSDC Espanol,CA Fenix Pilar,CSDC Espanol vs CA Fenix Pilar,Primera C,2026-09-06 19:00,target__over_2_5_goals,Over 2.5 Goals,45.6,35.1,10.5,2.85,0.641,True,56.0
sr:match:74123940,Gremio Esportivo Brasil,CE Lajeadense RS,Gremio Esportivo Brasil vs CE Lajeadense RS,"Gaucho, Serie A2",2026-09-06 19:00,target__over_2_5_goals,Over 2.5 Goals,52.5,47.6,4.9,2.1,0.641,True,56.0
sr:match:72043140,Jagiellonia Bialystok,WKS Slask Wroclaw,Jagiellonia Bialystok vs WKS Slask Wroclaw,Ekstraklasa,2026-09-06 19:15,target__over_2_5_goals,Over 2.5 Goals,67.6,63.7,3.9,1.57,0.641,True,56.0
sr:match:72936034,Panathinaikos,PAOK,Panathinaikos vs PAOK,Super League,2026-09-06 19:30,target__over_2_5_goals,Over 2.5 Goals,56.7,50.3,6.5,1.99,0.641,True,56.0
sr:match:73217372,Club Olimpo,Club Cipolletti,Club Olimpo vs Club Cipolletti,Torneo Federal A,2026-09-06 19:30,target__over_2_5_goals,Over 2.5 Goals,47.6,44.4,3.2,2.25,0.641,True,56.0
sr:match:71945238,Juventus,AC Milan,Juventus vs AC Milan,Serie A,2026-09-06 19:45,target__over_2_5_goals,Over 2.5 Goals,52.5,46.5,6.0,2.15,0.641,True,56.0
sr:match:72478534,Espanyol,Sevilla,Espanyol vs Sevilla,LaLiga,2026-09-06 20:00,target__over_2_5_goals,Over 2.5 Goals,47.6,40.8,6.8,2.45,0.641,True,56.0
sr:match:66886988,Cruzeiro EC MG,CA Paranaense PR,Cruzeiro EC MG vs CA Paranaense PR,Brasileiro Serie A,2026-09-06 20:00,target__over_2_5_goals,Over 2.5 Goals,67.6,48.8,18.8,2.05,0.641,True,56.0
sr:match:73217542,CA Boca Unidos Corrientes,Gimnasia y Esgrima de Concepcion del Uruguay,CA Boca Unidos Corrientes vs Gimnasia y Esgrima de Concepcion del Uruguay,Torneo Federal A,2026-09-06 20:00,target__over_2_5_goals,Over 2.5 Goals,46.7,42.6,4.1,2.35,0.641,True,56.0
sr:match:73217300,CAS Defensores de Belgrano,Sportivo General San Martin Formosa,CAS Defensores de Belgrano vs Sportivo General San Martin Formosa,Torneo Federal A,2026-09-06 20:00,target__over_2_5_goals,Over 2.5 Goals,52.5,46.5,6.0,2.15,0.641,True,56.0
sr:match:73293124,ACD Ospitaletto,FC Arzignano Valchiampo,ACD Ospitaletto vs FC Arzignano Valchiampo,"Serie C, Group A",2026-09-06 20:00,target__over_2_5_goals,Over 2.5 Goals,45.6,39.2,6.4,2.55,0.641,True,56.0
sr:match:73293132,Union Brescia,Calcio Desenzano,Union Brescia vs Calcio Desenzano,"Serie C, Group A",2026-09-06 20:00,target__over_2_5_goals,Over 2.5 Goals,52.5,45.5,7.1,2.2,0.641,True,56.0
sr:match:74236330,CSD Coban Imperial,CD Guastatoya,CSD Coban Imperial vs CD Guastatoya,Liga Nacional,2026-09-06 20:00,target__over_2_5_goals,Over 2.5 Goals,52.5,47.6,4.9,2.1,0.641,True,56.0
sr:match:73293864,Perugia Calcio Spa,ASD Pineto Calcio,Perugia Calcio Spa vs ASD Pineto Calcio,"Serie C, Group B",2026-09-06 20:00,target__over_2_5_goals,Over 2.5 Goals,52.5,44.4,8.1,2.25,0.641,True,56.0
sr:match:73294606,Casertana FC,Scafatese Calcio 1922,Casertana FC vs Scafatese Calcio 1922,"Serie C, Group C",2026-09-06 20:00,target__over_2_5_goals,Over 2.5 Goals,52.5,48.8,3.7,2.05,0.641,True,56.0
sr:match:72530898,Gil Vicente Barcelos,Academico de Viseu FC,Gil Vicente Barcelos vs Academico de Viseu FC,Liga Portugal,2026-09-06 20:30,target__over_2_5_goals,Over 2.5 Goals,67.6,45.5,22.1,2.2,0.641,True,56.0
sr:match:74270558,Deportivo Miranda,Bolivar SC,Deportivo Miranda vs Bolivar SC,Segunda Division,2026-09-06 20:30,target__over_2_5_goals,Over 2.5 Goals,47.6,44.4,3.2,2.25,0.641,True,56.0
sr:match:73265262,CA Lanus,Defensa y Justicia,CA Lanus vs Defensa y Justicia,Primera LPF,2026-09-06 21:00,target__over_2_5_goals,Over 2.5 Goals,47.6,42.6,5.1,2.35,0.641,True,56.0
sr:match:74247780,AS Arapiraquense AL,Uberlandia EC MG,AS Arapiraquense AL vs Uberlandia EC MG,Brasileiro Serie D,2026-09-06 21:00,target__over_2_5_goals,Over 2.5 Goals,45.6,37.7,7.9,2.65,0.641,True,56.0
sr:match:72335086,Internacional de Bogota.,Aguilas Doradas Rionegro,Internacional de Bogota. vs Aguilas Doradas Rionegro,Liga DIMAYOR,2026-09-06 22:00,target__over_2_5_goals,Over 2.5 Goals,52.5,46.5,6.0,2.15,0.641,True,56.0
sr:match:68687888,Delfin SC,CD Universidad Catolica del Ecuador,Delfin SC vs CD Universidad Catolica del Ecuador,LigaPro Primera A,2026-09-06 22:00,target__over_2_5_goals,Over 2.5 Goals,52.5,48.8,3.7,2.05,0.641,True,56.0
sr:match:66886980,Botafogo FR RJ,SE Palmeiras SP,Botafogo FR RJ vs SE Palmeiras SP,Brasileiro Serie A,2026-09-06 22:30,target__over_2_5_goals,Over 2.5 Goals,67.6,53.5,14.1,1.87,0.641,True,56.0
sr:match:73265278,CA River Plate (ARG),Independiente Rivadavia,CA River Plate (ARG) vs Independiente Rivadavia,Primera LPF,2026-09-06 23:15,target__over_2_5_goals,Over 2.5 Goals,46.7,43.5,3.2,2.3,0.641,True,56.0
sr:match:68157106,Los Angeles FC 2,Ventura County FC,Los Angeles FC 2 vs Ventura County FC,MLS Next Pro,2026-09-06 03:00,target__over_3_5_goals,Over 3.5 Goals,58.2,53.2,5.0,1.88,0.6631,True,35.0
sr:match:73086566,ACS FC Bacau,CSC Dumbravita,ACS FC Bacau vs CSC Dumbravita,Liga 2,2026-09-06 09:00,target__over_3_5_goals,Over 3.5 Goals,40.1,30.8,9.3,3.25,0.6631,True,35.0
sr:match:72597680,FC Zbrojovka Brno B,SK Polanka Nad Odrou,FC Zbrojovka Brno B vs SK Polanka Nad Odrou,MSFL,2026-09-06 09:15,target__over_3_5_goals,Over 3.5 Goals,52.0,48.8,3.2,2.05,0.6631,True,35.0
sr:match:73576606,Malut United,Garuda Yaksa,Malut United vs Garuda Yaksa,Super League,2026-09-06 09:30,target__over_3_5_goals,Over 3.5 Goals,42.5,37.0,5.5,2.7,0.6631,True,35.0
sr:match:72149708,Fagiano Okayama,Sanfrecce Hiroshima,Fagiano Okayama vs Sanfrecce Hiroshima,J1 League,2026-09-06 10:00,target__over_3_5_goals,Over 3.5 Goals,40.1,35.1,5.0,2.85,0.6631,True,35.0
sr:match:72151108,Blaublitz Akita,RB Omiya Ardija,Blaublitz Akita vs RB Omiya Ardija,J2 League,2026-09-06 10:00,target__over_3_5_goals,Over 3.5 Goals,40.0,33.3,6.7,3.0,0.6631,True,35.0
sr:match:72151948,Roasso Kumamoto,Nara Club,Roasso Kumamoto vs Nara Club,J3 League,2026-09-06 10:00,target__over_3_5_goals,Over 3.5 Goals,41.3,36.4,4.9,2.75,0.6631,True,35.0
sr:match:72676002,WAF Vorwarts Brigittenau,Vienna Amateure,WAF Vorwarts Brigittenau vs Vienna Amateure,Wiener Stadtliga,2026-09-06 10:15,target__over_3_5_goals,Over 3.5 Goals,50.3,44.4,5.9,2.25,0.6631,True,35.0
sr:match:73323798,Csm Satu Mare,Stinta Poli Timisoara,Csm Satu Mare vs Stinta Poli Timisoara,Liga 2,2026-09-06 10:30,target__over_3_5_goals,Over 3.5 Goals,40.1,34.5,5.6,2.9,0.6631,True,35.0
sr:match:68852234,FCI Levadia Tallinn,FC Phoenix Johvi,FCI Levadia Tallinn vs FC Phoenix Johvi,Esiliiga B,2026-09-06 10:30,target__over_3_5_goals,Over 3.5 Goals,83.3,67.1,16.2,1.49,0.6631,True,35.0
sr:match:68852232,Parnu JK Vaprus II,JK Tallinna Kalev,Parnu JK Vaprus II vs JK Tallinna Kalev,Esiliiga B,2026-09-06 10:30,target__over_3_5_goals,Over 3.5 Goals,83.3,72.5,10.9,1.38,0.6631,True,35.0
sr:match:72149704,Cerezo Osaka,Tokyo Verdy,Cerezo Osaka vs Tokyo Verdy,J1 League,2026-09-06 11:00,target__over_3_5_goals,Over 3.5 Goals,40.0,26.3,13.7,3.8,0.6631,True,35.0
sr:match:72149706,Vissel Kobe,V-Varen Nagasaki,Vissel Kobe vs V-Varen Nagasaki,J1 League,2026-09-06 11:00,target__over_3_5_goals,Over 3.5 Goals,40.1,26.7,13.5,3.75,0.6631,True,35.0
sr:match:68046732,Gimpo FC,Seongnam Ilhwa,Gimpo FC vs Seongnam Ilhwa,K-League 2,2026-09-06 11:00,target__over_3_5_goals,Over 3.5 Goals,40.0,30.3,9.7,3.3,0.6631,True,35.0
sr:match:73916394,Naftan Novopolotsk,FC Minsk,Naftan Novopolotsk vs FC Minsk,Vysshaya Liga,2026-09-06 11:00,target__over_3_5_goals,Over 3.5 Goals,40.1,31.2,8.9,3.2,0.6631,True,35.0
sr:match:72467450,Feyenoord Rotterdam,PSV Eindhoven,Feyenoord Rotterdam vs PSV Eindhoven,"Eredivisie, Women",2026-09-06 11:15,target__over_3_5_goals,Over 3.5 Goals,40.1,35.1,5.0,2.85,0.6631,True,35.0
sr:match:72149700,FC Tokyo,Kyoto Sanga FC,FC Tokyo vs Kyoto Sanga FC,J1 League,2026-09-06 11:30,target__over_3_5_goals,Over 3.5 Goals,40.1,33.9,6.2,2.95,0.6631,True,35.0
sr:match:73976136,Fcf Como,Como 1907,Fcf Como vs Como 1907,"Serie A Cup, Women",2026-09-06 11:30,target__over_3_5_goals,Over 3.5 Goals,40.1,35.1,5.0,2.85,0.6631,True,35.0
sr:match:72491298,UDG Tenerife,RC Deportivo De La Coruna,UDG Tenerife vs RC Deportivo De La Coruna,Primera Division Women,2026-09-06 11:45,target__over_3_5_goals,Over 3.5 Goals,40.0,36.4,3.6,2.75,0.6631,True,35.0
sr:match:72607954,FK Mlada Boleslav,FC Banik Ostrava,FK Mlada Boleslav vs FC Banik Ostrava,1. Liga,2026-09-06 12:00,target__over_3_5_goals,Over 3.5 Goals,40.1,37.0,3.1,2.7,0.6631,True,35.0
sr:match:72044320,Aarhus Fremad,Kolding IF,Aarhus Fremad vs Kolding IF,1. Division,2026-09-06 12:00,target__over_3_5_goals,Over 3.5 Goals,40.0,35.7,4.3,2.8,0.6631,True,35.0
sr:match:73346468,Durham LFC,Southampton FC,Durham LFC vs Southampton FC,"Super League 2, Women",2026-09-06 12:00,target__over_3_5_goals,Over 3.5 Goals,40.0,34.5,5.5,2.9,0.6631,True,35.0
sr:match:72513848,Greuther Furth,Heidenheim,Greuther Furth vs Heidenheim,2. Bundesliga,2026-09-06 12:30,target__over_3_5_goals,Over 3.5 Goals,50.3,45.5,4.9,2.2,0.6631,True,35.0
sr:match:72513850,VfL 1899 Osnabruck,Eintracht Braunschweig,VfL 1899 Osnabruck vs Eintracht Braunschweig,2. Bundesliga,2026-09-06 12:30,target__over_3_5_goals,Over 3.5 Goals,40.1,37.0,3.1,2.7,0.6631,True,35.0
sr:match:72203030,Cercle Brugge,Gent,Cercle Brugge vs Gent,Pro League,2026-09-06 12:30,target__over_3_5_goals,Over 3.5 Goals,40.1,37.0,3.1,2.7,0.6631,True,35.0
sr:match:69456584,Guangxi Hengchen FC,Shijiazhuang Gongfu FC,Guangxi Hengchen FC vs Shijiazhuang Gongfu FC,China League 1,2026-09-06 12:30,target__over_3_5_goals,Over 3.5 Goals,40.0,33.3,6.7,3.0,0.6631,True,35.0
sr:match:73549434,Lion City Sailors FC,BG Tampines Rovers,Lion City Sailors FC vs BG Tampines Rovers,Community Shield,2026-09-06 12:30,target__over_3_5_goals,Over 3.5 Goals,50.3,46.5,3.8,2.15,0.6631,True,35.0
sr:match:67920622,Viking FK 2,Stabaek Fotball 2,Viking FK 2 vs Stabaek Fotball 2,"3. Division, Group 4",2026-09-06 12:30,target__over_3_5_goals,Over 3.5 Goals,83.3,71.9,11.4,1.39,0.6631,True,35.0
sr:match:67126744,Orgryte IS,Hammarby IF,Orgryte IS vs Hammarby IF,Allsvenskan,2026-09-06 13:00,target__over_3_5_goals,Over 3.5 Goals,58.2,54.3,3.8,1.84,0.6631,True,35.0
sr:match:72176930,Servette Geneva,FC St. Gallen 1879,Servette Geneva vs FC St. Gallen 1879,Super League,2026-09-06 13:00,target__over_3_5_goals,Over 3.5 Goals,54.5,50.0,4.5,2.0,0.6631,True,35.0
sr:match:73576608,Madura United,Persijap Jepara,Madura United vs Persijap Jepara,Super League,2026-09-06 13:00,target__over_3_5_goals,Over 3.5 Goals,41.3,28.6,12.7,3.5,0.6631,True,35.0
sr:match:72578288,FK Ural Yekaterinburg,FC Kamaz Naberezhnye Chelny,FK Ural Yekaterinburg vs FC Kamaz Naberezhnye Chelny,1. Liga,2026-09-06 13:00,target__over_3_5_goals,Over 3.5 Goals,40.1,35.1,5.0,2.85,0.6631,True,35.0
sr:match:73916392,FC Belshina Bobruisk,FC Neman Grodno,FC Belshina Bobruisk vs FC Neman Grodno,Vysshaya Liga,2026-09-06 13:00,target__over_3_5_goals,Over 3.5 Goals,42.5,30.8,11.7,3.25,0.6631,True,35.0
sr:match:72674248,1. FC Phonix Lubeck,SV Werder Bremen II,1. FC Phonix Lubeck vs SV Werder Bremen II,Regionalliga North,2026-09-06 13:00,target__over_3_5_goals,Over 3.5 Goals,54.5,50.8,3.7,1.97,0.6631,True,35.0
sr:match:71945232,Frosinone,Venezia FC,Frosinone vs Venezia FC,Serie A,2026-09-06 14:00,target__over_3_5_goals,Over 3.5 Goals,40.1,35.7,4.4,2.8,0.6631,True,35.0
sr:match:74172376,AE Larissa FC,Anagennisi Karditsas 1904,AE Larissa FC vs Anagennisi Karditsas 1904,Super League 2,2026-09-06 14:00,target__over_3_5_goals,Over 3.5 Goals,40.1,28.6,11.5,3.5,0.6631,True,35.0
sr:match:74172380,Nestos Chrysoupoli FC,APS Zakynthos,Nestos Chrysoupoli FC vs APS Zakynthos,Super League 2,2026-09-06 14:00,target__over_3_5_goals,Over 3.5 Goals,40.1,29.4,10.7,3.4,0.6631,True,35.0
sr:match:74172368,Panionios Athens,Asteras Tripolis B,Panionios Athens vs Asteras Tripolis B,Super League 2,2026-09-06 14:00,target__over_3_5_goals,Over 3.5 Goals,41.3,30.0,11.2,3.33,0.6631,True,35.0
sr:match:73945164,FC BKMA Yerevan,FC Urartu Yerevan,FC BKMA Yerevan vs FC Urartu Yerevan,Premier League,2026-09-06 14:00,target__over_3_5_goals,Over 3.5 Goals,40.1,37.0,3.1,2.7,0.6631,True,35.0
sr:match:73258802,Lamontville Golden Arrows,Mamelodi Sundowns,Lamontville Golden Arrows vs Mamelodi Sundowns,Premiership,2026-09-06 14:00,target__over_3_5_goals,Over 3.5 Goals,40.1,27.8,12.3,3.6,0.6631,True,35.0
sr:match:73293856,US Grosseto,SEF Torres Sassari,US Grosseto vs SEF Torres Sassari,"Serie C, Group B",2026-09-06 14:00,target__over_3_5_goals,Over 3.5 Goals,40.1,26.7,13.5,3.75,0.6631,True,35.0
sr:match:74077788,Huima/Urho,Narpes Kraft,Huima/Urho vs Narpes Kraft,Kakkonen,2026-09-06 14:00,target__over_3_5_goals,Over 3.5 Goals,83.3,71.9,11.4,1.39,0.6631,True,35.0
sr:match:73345992,Charlton Athletic,Liverpool LFC,Charlton Athletic vs Liverpool LFC,Super League Women,2026-09-06 14:00,target__over_3_5_goals,Over 3.5 Goals,40.1,35.7,4.4,2.8,0.6631,True,35.0
sr:match:72513176,Hamburger SV,Mainz,Hamburger SV vs Mainz,Bundesliga,2026-09-06 14:30,target__over_3_5_goals,Over 3.5 Goals,40.0,36.4,3.6,2.75,0.6631,True,35.0
sr:match:72939188,GD Vitoria Sernache,CF Os Belenenses,GD Vitoria Sernache vs CF Os Belenenses,Liga Portugal 3,2026-09-06 14:30,target__over_3_5_goals,Over 3.5 Goals,40.1,28.6,11.5,3.5,0.6631,True,35.0
sr:match:72302606,Zalaegerszeg TE,Puskas Akademia FC Felcsut,Zalaegerszeg TE vs Puskas Akademia FC Felcsut,NB I,2026-09-06 14:30,target__over_3_5_goals,Over 3.5 Goals,40.1,37.0,3.1,2.7,0.6631,True,35.0
sr:match:72723188,Corum FK,Eyupspor,Corum FK vs Eyupspor,Super Lig,2026-09-06 15:00,target__over_3_5_goals,Over 3.5 Goals,40.1,29.4,10.7,3.4,0.6631,True,35.0
sr:match:72723180,Kasimpasa Istanbul,Amed Sportif Faaliyetler,Kasimpasa Istanbul vs Amed Sportif Faaliyetler,Super Lig,2026-09-06 15:00,target__over_3_5_goals,Over 3.5 Goals,40.0,25.6,14.4,3.9,0.6631,True,35.0
sr:match:72302124,Koninklijke Lierse Sportkring,RFC Liege,Koninklijke Lierse Sportkring vs RFC Liege,Challenger Pro League,2026-09-06 15:00,target__over_3_5_goals,Over 3.5 Goals,40.1,35.7,4.4,2.8,0.6631,True,35.0
sr:match:72559026,Cultural Leonesa,Merida AD,Cultural Leonesa vs Merida AD,Primera Federacion,2026-09-06 15:00,target__over_3_5_goals,Over 3.5 Goals,40.1,26.3,13.8,3.8,0.6631,True,35.0
sr:match:67915826,Lorenskog IF,IK Junkeren,Lorenskog IF vs IK Junkeren,2nd Division Group 2,2026-09-06 15:00,target__over_3_5_goals,Over 3.5 Goals,51.6,47.6,4.0,2.1,0.6631,True,35.0
sr:match:72837134,Arnavutkoy Belediyesi Genclik Ve Spor,Aliaga Futbol,Arnavutkoy Belediyesi Genclik Ve Spor vs Aliaga Futbol,2. Lig,2026-09-06 15:00,target__over_3_5_goals,Over 3.5 Goals,42.5,36.4,6.1,2.75,0.6631,True,35.0
sr:match:72889478,Tuzlaspor,Kucukcekmece Sinop Spor,Tuzlaspor vs Kucukcekmece Sinop Spor,3. Lig,2026-09-06 15:00,target__over_3_5_goals,Over 3.5 Goals,40.1,33.9,6.2,2.95,0.6631,True,35.0
sr:match:72963738,Atert Bissen,US Mondorf-Les-Bains,Atert Bissen vs US Mondorf-Les-Bains,Division Nationale,2026-09-06 15:00,target__over_3_5_goals,Over 3.5 Goals,41.3,35.7,5.6,2.8,0.6631,True,35.0
sr:match:72963740,FC Progres Niederkorn,US Rumelange,FC Progres Niederkorn vs US Rumelange,Division Nationale,2026-09-06 15:00,target__over_3_5_goals,Over 3.5 Goals,50.3,44.4,5.9,2.25,0.6631,True,35.0
sr:match:69343096,Tobol Kostanay,Ulytau FC,Tobol Kostanay vs Ulytau FC,Premier League,2026-09-06 15:00,target__over_3_5_goals,Over 3.5 Goals,40.1,32.3,7.9,3.1,0.6631,True,35.0
sr:match:72814212,KF Tirana,FK Vora,KF Tirana vs FK Vora,Kategoria Superiore,2026-09-06 15:00,target__over_3_5_goals,Over 3.5 Goals,41.3,27.8,13.5,3.6,0.6631,True,35.0
sr:match:69592612,FK Rubin Kazan,FC Zenit Saint Petersburg,FK Rubin Kazan vs FC Zenit Saint Petersburg,"Superleague, Women",2026-09-06 15:00,target__over_3_5_goals,Over 3.5 Goals,50.3,46.5,3.8,2.15,0.6631,True,35.0
sr:match:72560246,SK Pama,SPG Edelserpentin,SK Pama vs SPG Edelserpentin,Burgenlandliga,2026-09-06 15:00,target__over_3_5_goals,Over 3.5 Goals,52.0,44.4,7.6,2.25,0.6631,True,35.0
sr:match:72530904,Santa Clara Azores,Rio Ave FC,Santa Clara Azores vs Rio Ave FC,Liga Portugal,2026-09-06 15:30,target__over_3_5_goals,Over 3.5 Goals,40.1,23.3,16.9,4.3,0.6631,True,35.0
sr:match:72176932,FC Sion,FC Thun,FC Sion vs FC Thun,Super League,2026-09-06 15:30,target__over_3_5_goals,Over 3.5 Goals,54.5,47.6,6.8,2.1,0.6631,True,35.0
sr:match:73269894,SG Sonnenhof Grossaspach,TSG Hoffenheim II,SG Sonnenhof Grossaspach vs TSG Hoffenheim II,3. Liga,2026-09-06 15:30,target__over_3_5_goals,Over 3.5 Goals,50.3,43.5,6.8,2.3,0.6631,True,35.0
sr:match:72041120,ADO Den Haag,Fortuna Sittard,ADO Den Haag vs Fortuna Sittard,Eredivisie,2026-09-06 15:45,target__over_3_5_goals,Over 3.5 Goals,54.5,47.6,6.8,2.1,0.6631,True,35.0
sr:match:67015366,Sarpsborg 08,Vaalerenga IF,Sarpsborg 08 vs Vaalerenga IF,Eliteserien,2026-09-06 16:00,target__over_3_5_goals,Over 3.5 Goals,54.5,48.8,5.7,2.05,0.6631,True,35.0
sr:match:73831894,Derry City FC,Dundalk FC,Derry City FC vs Dundalk FC,FAI Cup,2026-09-06 16:00,target__over_3_5_goals,Over 3.5 Goals,40.1,33.3,6.8,3.0,0.6631,True,35.0
sr:match:68492682,FK Auda Riga,FK Grobina,FK Auda Riga vs FK Grobina,Virsliga,2026-09-06 16:00,target__over_3_5_goals,Over 3.5 Goals,40.1,36.4,3.8,2.75,0.6631,True,35.0
sr:match:67604966,SJK Akatemia,JaPS,SJK Akatemia vs JaPS,Ykkosliiga,2026-09-06 16:00,target__over_3_5_goals,Over 3.5 Goals,40.1,34.5,5.6,2.9,0.6631,True,35.0
sr:match:72415536,FK Varnsdorf,FK Velke Hamry,FK Varnsdorf vs FK Velke Hamry,CFL,2026-09-06 16:00,target__over_3_5_goals,Over 3.5 Goals,54.5,46.5,7.9,2.15,0.6631,True,35.0
sr:match:72517220,KS Wisloka Debica,MKS Podlasie Biala Podlaska,KS Wisloka Debica vs MKS Podlasie Biala Podlaska,"III Liga, Group 4",2026-09-06 16:00,target__over_3_5_goals,Over 3.5 Goals,40.1,34.5,5.6,2.9,0.6631,True,35.0
sr:match:73945166,FC Shirak Gyumri,Sardarapat FC,FC Shirak Gyumri vs Sardarapat FC,Premier League,2026-09-06 16:00,target__over_3_5_goals,Over 3.5 Goals,40.1,31.2,8.9,3.2,0.6631,True,35.0
sr:match:73334384,Bechem United,Bibiani Gold Stars FC,Bechem United vs Bibiani Gold Stars FC,Premier League,2026-09-06 16:00,target__over_3_5_goals,Over 3.5 Goals,40.0,23.8,16.2,4.2,0.6631,True,35.0
sr:match:73334386,Heart of Lions,Aduana Stars,Heart of Lions vs Aduana Stars,Premier League,2026-09-06 16:00,target__over_3_5_goals,Over 3.5 Goals,40.0,23.8,16.2,4.2,0.6631,True,35.0
sr:match:72036146,Angers,Rennes,Angers vs Rennes,Ligue 1,2026-09-06 16:15,target__over_3_5_goals,Over 3.5 Goals,40.1,37.0,3.1,2.7,0.6631,True,35.0
sr:match:72513172,Eintracht Frankfurt,Augsburg,Eintracht Frankfurt vs Augsburg,Bundesliga,2026-09-06 16:30,target__over_3_5_goals,Over 3.5 Goals,54.5,45.5,9.0,2.2,0.6631,True,35.0
sr:match:72334298,FK Dinamo Moscow,FK Spartak Moscow,FK Dinamo Moscow vs FK Spartak Moscow,Premier League,2026-09-06 16:30,target__over_3_5_goals,Over 3.5 Goals,40.1,35.7,4.4,2.8,0.6631,True,35.0
sr:match:74191592,ES Sahel,JS Omrane,ES Sahel vs JS Omrane,Ligue 1,2026-09-06 16:30,target__over_3_5_goals,Over 3.5 Goals,40.1,25.0,15.1,4.0,0.6631,True,35.0
sr:match:74191590,Esperance Sportive de Tunis,Avenir S Marsa,Esperance Sportive de Tunis vs Avenir S Marsa,Ligue 1,2026-09-06 16:30,target__over_3_5_goals,Over 3.5 Goals,42.5,33.3,9.2,3.0,0.6631,True,35.0
sr:match:67682012,Deportes La Serena,Nublense,Deportes La Serena vs Nublense,Primera Division,2026-09-06 16:30,target__over_3_5_goals,Over 3.5 Goals,40.0,30.3,9.7,3.3,0.6631,True,35.0
sr:match:72043142,KKS Lech Poznan,Rakow Czestochowa,KKS Lech Poznan vs Rakow Czestochowa,Ekstraklasa,2026-09-06 16:30,target__over_3_5_goals,Over 3.5 Goals,50.3,43.5,6.8,2.3,0.6631,True,35.0
sr:match:73326320,AL Fateh,AL Nassr,AL Fateh vs AL Nassr,U21 Elite League,2026-09-06 16:35,target__over_3_5_goals,Over 3.5 Goals,40.1,35.7,4.4,2.8,0.6631,True,35.0
sr:match:72302608,Ferencvarosi Budapest,Ujpest FC Budapest,Ferencvarosi Budapest vs Ujpest FC Budapest,NB I,2026-09-06 16:45,target__over_3_5_goals,Over 3.5 Goals,50.3,44.4,5.9,2.25,0.6631,True,35.0
sr:match:72607950,FC Hradec Kralove,Sparta Prague,FC Hradec Kralove vs Sparta Prague,1. Liga,2026-09-06 17:00,target__over_3_5_goals,Over 3.5 Goals,40.0,34.5,5.5,2.9,0.6631,True,35.0
sr:match:71680624,Ecuador,Ghana,Ecuador vs Ghana,"U20 FIFA World Cup, Women",2026-09-06 17:00,target__over_3_5_goals,Over 3.5 Goals,40.0,32.3,7.7,3.1,0.6631,True,35.0
sr:match:71680638,USA,Italy,USA vs Italy,"U20 FIFA World Cup, Women",2026-09-06 17:00,target__over_3_5_goals,Over 3.5 Goals,40.1,37.0,3.1,2.7,0.6631,True,35.0
sr:match:71936098,Sporting Cristal,Los Chankas CYC,Sporting Cristal vs Los Chankas CYC,Liga 1,2026-09-06 17:00,target__over_3_5_goals,Over 3.5 Goals,50.3,46.5,3.8,2.15,0.6631,True,35.0
sr:match:67912790,FC Torpedo Kutaisi,FC Dinamo Tbilisi,FC Torpedo Kutaisi vs FC Dinamo Tbilisi,Erovnuli Liga,2026-09-06 17:00,target__over_3_5_goals,Over 3.5 Goals,40.1,37.0,3.1,2.7,0.6631,True,35.0
sr:match:73160364,Nea Salamina Famagusta,AEK Larnaca,Nea Salamina Famagusta vs AEK Larnaca,1st Division,2026-09-06 17:00,target__over_3_5_goals,Over 3.5 Goals,40.1,31.2,8.9,3.2,0.6631,True,35.0
sr:match:72284046,FC Ashdod,Hapoel Kfar Shalem FC,FC Ashdod vs Hapoel Kfar Shalem FC,National League,2026-09-06 17:00,target__over_3_5_goals,Over 3.5 Goals,40.1,37.0,3.1,2.7,0.6631,True,35.0
sr:match:72284050,Hapoel Afula FC,Maccabi Kabilio Jaffa,Hapoel Afula FC vs Maccabi Kabilio Jaffa,National League,2026-09-06 17:00,target__over_3_5_goals,Over 3.5 Goals,40.1,33.3,6.8,3.0,0.6631,True,35.0
sr:match:72284036,Hapoel Ra`anana FC,Hapoel Kfar Saba FC,Hapoel Ra`anana FC vs Hapoel Kfar Saba FC,National League,2026-09-06 17:00,target__over_3_5_goals,Over 3.5 Goals,40.1,30.8,9.3,3.25,0.6631,True,35.0
sr:match:72837136,Menemen Belediyespor,Inegol Kafkas Genclikspor,Menemen Belediyespor vs Inegol Kafkas Genclikspor,2. Lig,2026-09-06 17:00,target__over_3_5_goals,Over 3.5 Goals,40.0,35.1,4.9,2.85,0.6631,True,35.0
sr:match:73074172,Al Dhafra SSC,Al Wahda FC (UAE),Al Dhafra SSC vs Al Wahda FC (UAE),Arabian Gulf League,2026-09-06 17:15,target__over_3_5_goals,Over 3.5 Goals,42.5,38.5,4.0,2.6,0.6631,True,35.0
sr:match:73067994,AD Alcorcon,CE Europa,AD Alcorcon vs CE Europa,Primera Federacion,2026-09-06 17:15,target__over_3_5_goals,Over 3.5 Goals,40.0,31.2,8.8,3.2,0.6631,True,35.0
sr:match:74234404,Qarabag,Araz Nakhchivan PFK,Qarabag vs Araz Nakhchivan PFK,Premier League,2026-09-06 17:15,target__over_3_5_goals,Over 3.5 Goals,54.5,44.4,10.0,2.25,0.6631,True,35.0
sr:match:72478526,Alaves,Osasuna,Alaves vs Osasuna,LaLiga,2026-09-06 17:30,target__over_3_5_goals,Over 3.5 Goals,24.1,20.4,3.7,4.9,0.6631,True,35.0
sr:match:72530908,Vitoria SC Guimaraes,Casa Pia Lisbon,Vitoria SC Guimaraes vs Casa Pia Lisbon,Liga Portugal,2026-09-06 18:00,target__over_3_5_goals,Over 3.5 Goals,40.1,27.8,12.3,3.6,0.6631,True,35.0
sr:match:72723178,Trabzonspor,Genclerbirligi SK,Trabzonspor vs Genclerbirligi SK,Super Lig,2026-09-06 18:00,target__over_3_5_goals,Over 3.5 Goals,40.1,35.7,4.4,2.8,0.6631,True,35.0
sr:match:72735732,Antalyaspor,Sivasspor,Antalyaspor vs Sivasspor,1. Lig,2026-09-06 18:00,target__over_3_5_goals,Over 3.5 Goals,41.3,32.3,9.0,3.1,0.6631,True,35.0
sr:match:72735742,Batman Petrolspor,Fatih Karagumruk Istanbul,Batman Petrolspor vs Fatih Karagumruk Istanbul,1. Lig,2026-09-06 18:00,target__over_3_5_goals,Over 3.5 Goals,40.1,30.8,9.3,3.25,0.6631,True,35.0
sr:match:72531562,UD Leiria,Portimonense SC,UD Leiria vs Portimonense SC,Liga Portugal 2,2026-09-06 18:00,target__over_3_5_goals,Over 3.5 Goals,40.0,33.3,6.7,3.0,0.6631,True,35.0
sr:match:72042244,MFK Ruzomberok,Spartak Trnava,MFK Ruzomberok vs Spartak Trnava,Superliga,2026-09-06 18:00,target__over_3_5_goals,Over 3.5 Goals,40.1,35.1,5.0,2.85,0.6631,True,35.0
sr:match:73185394,Aserri FC,AD Cariari Pococi,Aserri FC vs AD Cariari Pococi,Liga de Ascenso,2026-09-06 18:00,target__over_3_5_goals,Over 3.5 Goals,40.0,32.3,7.7,3.1,0.6631,True,35.0
sr:match:72963742,AS La Jeunesse D Esch/Alzette,FC Wiltz 71,AS La Jeunesse D Esch/Alzette vs FC Wiltz 71,Division Nationale,2026-09-06 18:00,target__over_3_5_goals,Over 3.5 Goals,41.3,37.0,4.2,2.7,0.6631,True,35.0
sr:match:67015358,Kristiansund BK,Tromsoe IL,Kristiansund BK vs Tromsoe IL,Eliteserien,2026-09-06 18:15,target__over_3_5_goals,Over 3.5 Goals,40.1,35.7,4.4,2.8,0.6631,True,35.0
sr:match:72302126,Royal Francs Borains,KSC Lokeren Temse,Royal Francs Borains vs KSC Lokeren Temse,Challenger Pro League,2026-09-06 18:15,target__over_3_5_goals,Over 3.5 Goals,41.3,35.1,6.2,2.85,0.6631,True,35.0
sr:match:72398650,GKS Tychy,Avia Swidnik,GKS Tychy vs Avia Swidnik,II Liga,2026-09-06 18:30,target__over_3_5_goals,Over 3.5 Goals,40.1,35.7,4.4,2.8,0.6631,True,35.0
sr:match:73270034,Fortuna Cologne,Fortuna D,Fortuna Cologne vs Fortuna D,3. Liga,2026-09-06 18:30,target__over_3_5_goals,Over 3.5 Goals,40.0,35.1,4.9,2.85,0.6631,True,35.0
sr:match:67682020,CD O'Higgins,Deportes Union La Calera,CD O'Higgins vs Deportes Union La Calera,Primera Division,2026-09-06 18:45,target__over_3_5_goals,Over 3.5 Goals,40.0,31.2,8.8,3.2,0.6631,True,35.0
sr:match:73954154,Al Shabab Kuwait,Kazma SC,Al Shabab Kuwait vs Kazma SC,Premier League,2026-09-06 18:50,target__over_3_5_goals,Over 3.5 Goals,41.3,33.3,7.9,3.0,0.6631,True,35.0
sr:match:73843004,CSDC Alianza Universidad,Union Minas,CSDC Alianza Universidad vs Union Minas,Liga 2,2026-09-06 19:00,target__over_3_5_goals,Over 3.5 Goals,42.5,32.3,10.2,3.1,0.6631,True,35.0
sr:match:74123940,Gremio Esportivo Brasil,CE Lajeadense RS,Gremio Esportivo Brasil vs CE Lajeadense RS,"Gaucho, Serie A2",2026-09-06 19:00,target__over_3_5_goals,Over 3.5 Goals,40.0,26.7,13.3,3.75,0.6631,True,35.0
sr:match:73273728,Nacao SC,Santa Catarina SC,Nacao SC vs Santa Catarina SC,Copa Santa Catarina,2026-09-06 19:00,target__over_3_5_goals,Over 3.5 Goals,40.0,30.0,10.0,3.33,0.6631,True,35.0
sr:match:71998182,FC Lokomotiv 1929 Sofia,Ludogorets,FC Lokomotiv 1929 Sofia vs Ludogorets,Parva Liga,2026-09-06 19:15,target__over_3_5_goals,Over 3.5 Goals,41.3,32.3,9.0,3.1,0.6631,True,35.0
sr:match:74307000,HSK Zrinjski Mostar,NK Siroki Brijeg,HSK Zrinjski Mostar vs NK Siroki Brijeg,Premijer Liga,2026-09-06 19:15,target__over_3_5_goals,Over 3.5 Goals,40.1,34.5,5.6,2.9,0.6631,True,35.0
sr:match:72477362,Almeria,Cadiz,Almeria vs Cadiz,LALIGA HYPERMOTION,2026-09-06 20:00,target__over_3_5_goals,Over 3.5 Goals,40.1,34.5,5.6,2.9,0.6631,True,35.0
sr:match:66886996,Clube do Remo PA,CR Flamengo RJ,Clube do Remo PA vs CR Flamengo RJ,Brasileiro Serie A,2026-09-06 20:00,target__over_3_5_goals,Over 3.5 Goals,40.1,35.1,5.0,2.85,0.6631,True,35.0
sr:match:71913054,NK Slaven Belupo,NK Lokomotiva Zagreb,NK Slaven Belupo vs NK Lokomotiva Zagreb,HNL,2026-09-06 20:00,target__over_3_5_goals,Over 3.5 Goals,40.1,37.0,3.1,2.7,0.6631,True,35.0
sr:match:73038534,Libertad Asuncion,Rubio Nu,Libertad Asuncion vs Rubio Nu,Division de Honor,2026-09-06 20:00,target__over_3_5_goals,Over 3.5 Goals,40.0,28.6,11.4,3.5,0.6631,True,35.0
sr:match:73184896,Adr Jicaral,Quepos Cambute,Adr Jicaral vs Quepos Cambute,Liga de Ascenso,2026-09-06 20:00,target__over_3_5_goals,Over 3.5 Goals,40.1,35.1,5.0,2.85,0.6631,True,35.0
sr:match:73293864,Perugia Calcio Spa,ASD Pineto Calcio,Perugia Calcio Spa vs ASD Pineto Calcio,"Serie C, Group B",2026-09-06 20:00,target__over_3_5_goals,Over 3.5 Goals,40.1,25.0,15.1,4.0,0.6631,True,35.0
sr:match:73294606,Casertana FC,Scafatese Calcio 1922,Casertana FC vs Scafatese Calcio 1922,"Serie C, Group C",2026-09-06 20:00,target__over_3_5_goals,Over 3.5 Goals,40.0,28.6,11.4,3.5,0.6631,True,35.0
sr:match:72530898,Gil Vicente Barcelos,Academico de Viseu FC,Gil Vicente Barcelos vs Academico de Viseu FC,Liga Portugal,2026-09-06 20:30,target__over_3_5_goals,Over 3.5 Goals,40.0,25.6,14.4,3.9,0.6631,True,35.0
sr:match:74123926,Club Nacional de Football,CA Juventud de Las Piedras,Club Nacional de Football vs CA Juventud de Las Piedras,Primera Division,2026-09-06 20:30,target__over_3_5_goals,Over 3.5 Goals,40.1,32.3,7.9,3.1,0.6631,True,35.0
sr:match:74099684,Club Atletico Barinas,Yaracuyanos FC,Club Atletico Barinas vs Yaracuyanos FC,Segunda Division,2026-09-06 20:30,target__over_3_5_goals,Over 3.5 Goals,40.1,35.7,4.4,2.8,0.6631,True,35.0
sr:match:74270558,Deportivo Miranda,Bolivar SC,Deportivo Miranda vs Bolivar SC,Segunda Division,2026-09-06 20:30,target__over_3_5_goals,Over 3.5 Goals,40.0,24.4,15.6,4.1,0.6631,True,35.0
sr:match:74270560,Mineros de Guayana,Atletico Avila FC,Mineros de Guayana vs Atletico Avila FC,Segunda Division,2026-09-06 20:30,target__over_3_5_goals,Over 3.5 Goals,40.1,26.7,13.5,3.75,0.6631,True,35.0
sr:match:71936094,Juan Pablo II College,Alianza Lima,Juan Pablo II College vs Alianza Lima,Liga 1,2026-09-06 21:00,target__over_3_5_goals,Over 3.5 Goals,41.3,32.3,9.0,3.1,0.6631,True,35.0
sr:match:73075250,CD Aguila San Miguel,Alianza FC San Salvador,CD Aguila San Miguel vs Alianza FC San Salvador,Primera Division,2026-09-06 22:00,target__over_3_5_goals,Over 3.5 Goals,40.0,27.8,12.2,3.6,0.6631,True,35.0
sr:match:73580156,Deportivo Tachira,Deportivo Rayo Zuliano,Deportivo Tachira vs Deportivo Rayo Zuliano,Primera Division,2026-09-06 22:30,target__over_3_5_goals,Over 3.5 Goals,47.6,44.4,3.2,2.25,0.6631,True,35.0
sr:match:73217306,CA Sol de America de Formosa,CS Belgrano,CA Sol de America de Formosa vs CS Belgrano,Torneo Federal A,2026-09-06 23:00,target__over_3_5_goals,Over 3.5 Goals,23.4,19.6,3.8,5.1,0.6631,True,35.0
sr:match:68686100,Vancouver Langley FC,FC Supra Du Quebec,Vancouver Langley FC vs FC Supra Du Quebec,Canadian Premier League,2026-09-06 23:00,target__over_3_5_goals,Over 3.5 Goals,42.5,38.5,4.0,2.6,0.6631,True,35.0
sr:match:74308426,Club Leon,CF America,Club Leon vs CF America,Leagues Cup,2026-09-06 23:00,target__over_3_5_goals,Over 3.5 Goals,40.1,37.0,3.1,2.7,0.6631,True,35.0
sr:match:67682018,CD Palestino,Universidad de Concepcion,CD Palestino vs Universidad de Concepcion,Primera Division,2026-09-06 23:30,target__over_3_5_goals,Over 3.5 Goals,41.3,36.4,4.9,2.75,0.6631,True,35.0
sr:match:72661612,CD Tapatio,Leones Negros UDEG,CD Tapatio vs Leones Negros UDEG,Liga de Expansion MX,2026-09-07 00:00,target__over_3_5_goals,Over 3.5 Goals,40.1,34.5,5.6,2.9,0.6631,True,35.0
sr:match:74269700,CD Walter Ferretti,Managua FC,CD Walter Ferretti vs Managua FC,Primera Division,2026-09-07 00:00,target__over_3_5_goals,Over 3.5 Goals,40.1,31.2,8.9,3.2,0.6631,True,35.0
sr:match:72149696,JEF United Chiba,Gamba Osaka,JEF United Chiba vs Gamba Osaka,J1 League,2026-09-06 10:00,target__over_4_5_goals,Over 4.5 Goals,22.4,18.2,4.2,5.5,0.6327,True,19.9
sr:match:72676002,WAF Vorwarts Brigittenau,Vienna Amateure,WAF Vorwarts Brigittenau vs Vienna Amateure,Wiener Stadtliga,2026-09-06 10:15,target__over_4_5_goals,Over 4.5 Goals,32.3,26.7,5.6,3.75,0.6327,True,19.9
sr:match:72151116,Jubilo Iwata,Kataller Toyama,Jubilo Iwata vs Kataller Toyama,J2 League,2026-09-06 11:00,target__over_4_5_goals,Over 4.5 Goals,22.4,17.9,4.5,5.6,0.6327,True,19.9
sr:match:68995376,Henan,Chengdu Rongcheng,Henan vs Chengdu Rongcheng,Chinese Super League,2026-09-06 12:35,target__over_4_5_goals,Over 4.5 Goals,31.1,23.3,7.8,4.3,0.6327,True,19.9
sr:match:68995378,Tianjin Jinmen Tiger,Zhejiang FC,Tianjin Jinmen Tiger vs Zhejiang FC,Chinese Super League,2026-09-06 13:00,target__over_4_5_goals,Over 4.5 Goals,32.3,23.5,8.7,4.25,0.6327,True,19.9
sr:match:72176930,Servette Geneva,FC St. Gallen 1879,Servette Geneva vs FC St. Gallen 1879,Super League,2026-09-06 13:00,target__over_4_5_goals,Over 4.5 Goals,36.1,30.3,5.8,3.3,0.6327,True,19.9
sr:match:67916098,Notodden FK,Lysekloster,Notodden FK vs Lysekloster,2nd Division Group 1,2026-09-06 13:00,target__over_4_5_goals,Over 4.5 Goals,39.3,33.9,5.4,2.95,0.6327,True,19.9
sr:match:72674248,1. FC Phonix Lubeck,SV Werder Bremen II,1. FC Phonix Lubeck vs SV Werder Bremen II,Regionalliga North,2026-09-06 13:00,target__over_4_5_goals,Over 4.5 Goals,39.3,32.3,7.1,3.1,0.6327,True,19.9
sr:match:72596070,Blauw Geel 38,VV Goes,Blauw Geel 38 vs VV Goes,Derde Divisie,2026-09-06 13:00,target__over_4_5_goals,Over 4.5 Goals,39.3,30.0,9.3,3.33,0.6327,True,19.9
sr:match:68311096,FC Arlanda,Umea FC,FC Arlanda vs Umea FC,Ettan,2026-09-06 13:30,target__over_4_5_goals,Over 4.5 Goals,31.1,25.6,5.4,3.9,0.6327,True,19.9
sr:match:72036164,Troyes,Strasbourg,Troyes vs Strasbourg,Ligue 1,2026-09-06 14:00,target__over_4_5_goals,Over 4.5 Goals,22.4,16.0,6.4,6.25,0.6327,True,19.9
sr:match:73658718,Mighty Wanderers FC,Simba SC,Mighty Wanderers FC vs Simba SC,CAF Champions League,2026-09-06 14:00,target__over_4_5_goals,Over 4.5 Goals,22.4,11.5,10.9,8.7,0.6327,True,19.9
sr:match:73293114,US Albinoleffe,AC Carpi,US Albinoleffe vs AC Carpi,"Serie C, Group A",2026-09-06 14:00,target__over_4_5_goals,Over 4.5 Goals,22.4,13.3,9.1,7.5,0.6327,True,19.9
sr:match:73294620,Salernitana,Cavese 1919,Salernitana vs Cavese 1919,"Serie C, Group C",2026-09-06 14:00,target__over_4_5_goals,Over 4.5 Goals,22.4,13.5,8.9,7.4,0.6327,True,19.9
sr:match:72963744,F91 Dudelange,Racing Union Luxembourg,F91 Dudelange vs Racing Union Luxembourg,Division Nationale,2026-09-06 15:00,target__over_4_5_goals,Over 4.5 Goals,31.1,25.6,5.4,3.9,0.6327,True,19.9
sr:match:69343096,Tobol Kostanay,Ulytau FC,Tobol Kostanay vs Ulytau FC,Premier League,2026-09-06 15:00,target__over_4_5_goals,Over 4.5 Goals,22.4,17.9,4.5,5.6,0.6327,True,19.9
sr:match:73409244,Turan Tovuz,Sumgayit FK,Turan Tovuz vs Sumgayit FK,Premier League,2026-09-06 15:00,target__over_4_5_goals,Over 4.5 Goals,22.4,14.5,7.9,6.9,0.6327,True,19.9
sr:match:72652008,Grasshopper Zurich,Servette Geneva W,Grasshopper Zurich vs Servette Geneva W,"Super League, Women",2026-09-06 15:00,target__over_4_5_goals,Over 4.5 Goals,31.1,25.0,6.1,4.0,0.6327,True,19.9
sr:match:73269894,SG Sonnenhof Grossaspach,TSG Hoffenheim II,SG Sonnenhof Grossaspach vs TSG Hoffenheim II,3. Liga,2026-09-06 15:30,target__over_4_5_goals,Over 4.5 Goals,39.3,25.6,13.7,3.9,0.6327,True,19.9
sr:match:72041120,ADO Den Haag,Fortuna Sittard,ADO Den Haag vs Fortuna Sittard,Eredivisie,2026-09-06 15:45,target__over_4_5_goals,Over 4.5 Goals,32.3,27.8,4.5,3.6,0.6327,True,19.9
sr:match:67018150,Lyn 1896 FK,Egersunds IK,Lyn 1896 FK vs Egersunds IK,1st Division,2026-09-06 16:00,target__over_4_5_goals,Over 4.5 Goals,32.3,28.6,3.7,3.5,0.6327,True,19.9
sr:match:73831894,Derry City FC,Dundalk FC,Derry City FC vs Dundalk FC,FAI Cup,2026-09-06 16:00,target__over_4_5_goals,Over 4.5 Goals,22.4,18.2,4.2,5.5,0.6327,True,19.9
sr:match:72043142,KKS Lech Poznan,Rakow Czestochowa,KKS Lech Poznan vs Rakow Czestochowa,Ekstraklasa,2026-09-06 16:30,target__over_4_5_goals,Over 4.5 Goals,31.1,25.6,5.4,3.9,0.6327,True,19.9
sr:match:71925008,Broendby IF,Randers FC,Broendby IF vs Randers FC,Superliga,2026-09-06 17:00,target__over_4_5_goals,Over 4.5 Goals,31.1,23.5,7.5,4.25,0.6327,True,19.9
sr:match:73293862,US Livorno 1915,Atalanta BC U23,US Livorno 1915 vs Atalanta BC U23,"Serie C, Group B",2026-09-06 17:00,target__over_4_5_goals,Over 4.5 Goals,20.0,14.9,5.1,6.7,0.6327,True,19.9
sr:match:73074172,Al Dhafra SSC,Al Wahda FC (UAE),Al Dhafra SSC vs Al Wahda FC (UAE),Arabian Gulf League,2026-09-06 17:15,target__over_4_5_goals,Over 4.5 Goals,31.1,22.2,8.8,4.5,0.6327,True,19.9
sr:match:73185394,Aserri FC,AD Cariari Pococi,Aserri FC vs AD Cariari Pococi,Liga de Ascenso,2026-09-06 18:00,target__over_4_5_goals,Over 4.5 Goals,22.4,17.4,5.0,5.75,0.6327,True,19.9
sr:match:72387978,ASC Otelul Galati,Rapid Bucuresti 1923,ASC Otelul Galati vs Rapid Bucuresti 1923,Superliga,2026-09-06 18:30,target__over_4_5_goals,Over 4.5 Goals,22.4,14.3,8.1,7.0,0.6327,True,19.9
sr:match:73270034,Fortuna Cologne,Fortuna D,Fortuna Cologne vs Fortuna D,3. Liga,2026-09-06 18:30,target__over_4_5_goals,Over 4.5 Goals,22.4,19.0,3.3,5.25,0.6327,True,19.9
sr:match:73843004,CSDC Alianza Universidad,Union Minas,CSDC Alianza Universidad vs Union Minas,Liga 2,2026-09-06 19:00,target__over_4_5_goals,Over 4.5 Goals,22.4,17.5,4.8,5.7,0.6327,True,19.9
sr:match:72043140,Jagiellonia Bialystok,WKS Slask Wroclaw,Jagiellonia Bialystok vs WKS Slask Wroclaw,Ekstraklasa,2026-09-06 19:15,target__over_4_5_goals,Over 4.5 Goals,31.1,24.4,6.7,4.1,0.6327,True,19.9
sr:match:73217302,CA Sarmiento de la Banda,CA 9 de Julio Rafaela,CA Sarmiento de la Banda vs CA 9 de Julio Rafaela,Torneo Federal A,2026-09-06 20:00,target__over_4_5_goals,Over 4.5 Goals,31.1,13.3,17.7,7.5,0.6327,True,19.9
sr:match:73184896,Adr Jicaral,Quepos Cambute,Adr Jicaral vs Quepos Cambute,Liga de Ascenso,2026-09-06 20:00,target__over_4_5_goals,Over 4.5 Goals,22.4,19.2,3.2,5.2,0.6327,True,19.9
sr:match:74236330,CSD Coban Imperial,CD Guastatoya,CSD Coban Imperial vs CD Guastatoya,Liga Nacional,2026-09-06 20:00,target__over_4_5_goals,Over 4.5 Goals,31.1,14.5,16.6,6.9,0.6327,True,19.9
sr:match:73293864,Perugia Calcio Spa,ASD Pineto Calcio,Perugia Calcio Spa vs ASD Pineto Calcio,"Serie C, Group B",2026-09-06 20:00,target__over_4_5_goals,Over 4.5 Goals,22.4,13.2,9.2,7.6,0.6327,True,19.9
sr:match:73580156,Deportivo Tachira,Deportivo Rayo Zuliano,Deportivo Tachira vs Deportivo Rayo Zuliano,Primera Division,2026-09-06 22:30,target__over_4_5_goals,Over 4.5 Goals,31.1,26.7,4.4,3.75,0.6327,True,19.9
sr:match:74308426,Club Leon,CF America,Club Leon vs CF America,Leagues Cup,2026-09-06 23:00,target__over_4_5_goals,Over 4.5 Goals,31.1,20.4,10.6,4.9,0.6327,True,19.9
sr:match:72661612,CD Tapatio,Leones Negros UDEG,CD Tapatio vs Leones Negros UDEG,Liga de Expansion MX,2026-09-07 00:00,target__over_4_5_goals,Over 4.5 Goals,22.4,18.9,3.5,5.3,0.6327,True,19.9
sr:match:74269700,CD Walter Ferretti,Managua FC,CD Walter Ferretti vs Managua FC,Primera Division,2026-09-07 00:00,target__over_4_5_goals,Over 4.5 Goals,31.1,16.9,14.1,5.9,0.6327,True,19.9
sr:match:74077788,Huima/Urho,Narpes Kraft,Huima/Urho vs Narpes Kraft,Kakkonen,2026-09-06 14:00,target__over_6_5_corners,Corners Over 6.5,83.8,22.7,61.1,4.4,0.5615,True,80.5
sr:match:74077792,FF Jaro Akademia,VPS Akatemia,FF Jaro Akademia vs VPS Akatemia,Kakkonen,2026-09-06 16:30,target__over_6_5_corners,Corners Over 6.5,83.8,23.3,60.6,4.3,0.5615,True,80.5
