event_id,home_team,away_team,match,tournament,kickoff,target,pick,model_prob_%,implied_prob_%,edge_%,decimal_odds,model_auc,has_odds_match,hit_rate_%
sr:match:68046744,Jeonnam Dragons,Gimpo FC,Jeonnam Dragons vs Gimpo FC,K-League 2,2026-09-13 08:30,target__away_clean_sheet,Away Clean Sheet,47.3,39.2,8.1,2.55,0.6508,True,23.0
sr:match:73204158,Rakow II Czestochowa,BKS Sparta Katowice,Rakow II Czestochowa vs BKS Sparta Katowice,"III Liga, Group 3",2026-09-13 11:00,target__away_clean_sheet,Away Clean Sheet,47.3,36.4,10.9,2.75,0.6508,True,23.0
sr:match:67017170,Stabaek Fotball,Lillestrom SK Kvinner,Stabaek Fotball vs Lillestrom SK Kvinner,"Toppserien, Women",2026-09-13 12:00,target__away_clean_sheet,Away Clean Sheet,21.8,18.5,3.3,5.4,0.6508,True,23.0
sr:match:72513862,Karlsruher SC,Energie Cottbus,Karlsruher SC vs Energie Cottbus,2. Bundesliga,2026-09-13 12:30,target__away_clean_sheet,Away Clean Sheet,22.8,15.6,7.2,6.4,0.6508,True,23.0
sr:match:68214814,Paide Linnameeskond,Harju JK Laagri,Paide Linnameeskond vs Harju JK Laagri,Premium Liiga,2026-09-13 12:30,target__away_clean_sheet,Away Clean Sheet,21.8,18.5,3.3,5.4,0.6508,True,23.0
sr:match:72499038,Brabrand IF,FC Roskilde,Brabrand IF vs FC Roskilde,2nd Division,2026-09-13 13:00,target__away_clean_sheet,Away Clean Sheet,47.3,36.4,10.9,2.75,0.6508,True,23.0
sr:match:72837150,Sebat Genclik Spor,Sanliurfaspor,Sebat Genclik Spor vs Sanliurfaspor,2. Lig,2026-09-13 13:30,target__away_clean_sheet,Away Clean Sheet,47.3,43.5,3.8,2.3,0.6508,True,23.0
sr:match:67126358,IFK Norrkoping FK,IK Oddevold,IFK Norrkoping FK vs IK Oddevold,Superettan,2026-09-13 14:00,target__away_clean_sheet,Away Clean Sheet,21.8,16.9,4.8,5.9,0.6508,True,23.0
sr:match:73258816,Siwelele FC,Lamontville Golden Arrows,Siwelele FC vs Lamontville Golden Arrows,Premiership,2026-09-13 14:00,target__away_clean_sheet,Away Clean Sheet,47.3,40.0,7.3,2.5,0.6508,True,23.0
sr:match:73019560,Pamba Jiji SC,TRA United Sports Club,Pamba Jiji SC vs TRA United Sports Club,Premier League,2026-09-13 14:00,target__away_clean_sheet,Away Clean Sheet,47.3,40.0,7.3,2.5,0.6508,True,23.0
sr:match:72963764,US Rumelange,Atert Bissen,US Rumelange vs Atert Bissen,Division Nationale,2026-09-13 15:00,target__away_clean_sheet,Away Clean Sheet,47.3,37.0,10.2,2.7,0.6508,True,23.0
sr:match:67850116,Eb/Streymur,B36 Torshavn,Eb/Streymur vs B36 Torshavn,Premier League,2026-09-13 15:00,target__away_clean_sheet,Away Clean Sheet,47.3,35.1,12.2,2.85,0.6508,True,23.0
sr:match:72652032,Grasshopper Zurich,FC Luzern,Grasshopper Zurich vs FC Luzern,"Super League, Women",2026-09-13 15:00,target__away_clean_sheet,Away Clean Sheet,21.8,16.0,5.8,6.25,0.6508,True,23.0
sr:match:72044648,FC Volendam,FC Den Bosch,FC Volendam vs FC Den Bosch,Eerste Divisie,2026-09-13 15:45,target__away_clean_sheet,Away Clean Sheet,21.8,14.9,6.9,6.7,0.6508,True,23.0
sr:match:67915856,IK Junkeren,Skeid Fotball,IK Junkeren vs Skeid Fotball,2nd Division Group 2,2026-09-13 16:45,target__away_clean_sheet,Away Clean Sheet,29.1,22.7,6.3,4.4,0.6508,True,23.0
sr:match:71925022,Nordsjaelland,AGF Aarhus,Nordsjaelland vs AGF Aarhus,Superliga,2026-09-13 17:00,target__away_clean_sheet,Away Clean Sheet,21.8,17.9,3.9,5.6,0.6508,True,23.0
sr:match:73293140,US Folgore Caratese,Alcione Milano,US Folgore Caratese vs Alcione Milano,"Serie C, Group A",2026-09-13 17:00,target__away_clean_sheet,Away Clean Sheet,47.3,37.0,10.2,2.7,0.6508,True,23.0
sr:match:72398672,Sandecja Nowy Sacz,Slask II Wroclaw,Sandecja Nowy Sacz vs Slask II Wroclaw,II Liga,2026-09-13 18:30,target__away_clean_sheet,Away Clean Sheet,21.8,18.5,3.3,5.4,0.6508,True,23.0
sr:match:72225172,Hapoel Petah Tikva FC,Hapoel Be`er Sheva FC,Hapoel Petah Tikva FC vs Hapoel Be`er Sheva FC,Premier League,2026-09-13 18:30,target__away_clean_sheet,Away Clean Sheet,47.3,42.6,4.7,2.35,0.6508,True,23.0
sr:match:74214684,Diriyah Club,Abha Club,Diriyah Club vs Abha Club,Saudi Pro League,2026-09-13 19:00,target__away_clean_sheet,Away Clean Sheet,21.8,16.4,5.4,6.1,0.6508,True,23.0
sr:match:72936044,PAOK,Aris Thessaloniki,PAOK vs Aris Thessaloniki,Super League,2026-09-13 19:00,target__away_clean_sheet,Away Clean Sheet,21.8,18.2,3.6,5.5,0.6508,True,23.0
sr:match:67123444,Defensores de Cambaceres,CS Barracas,Defensores de Cambaceres vs CS Barracas,Primera C,2026-09-13 19:00,target__away_clean_sheet,Away Clean Sheet,47.3,41.7,5.6,2.4,0.6508,True,23.0
sr:match:73217380,Club Cipolletti,CA Alvarado,Club Cipolletti vs CA Alvarado,Torneo Federal A,2026-09-13 19:30,target__away_clean_sheet,Away Clean Sheet,47.3,41.7,5.6,2.4,0.6508,True,23.0
sr:match:71945260,Sassuolo,Juventus,Sassuolo vs Juventus,Serie A,2026-09-13 19:45,target__away_clean_sheet,Away Clean Sheet,47.3,42.6,4.7,2.35,0.6508,True,23.0
sr:match:68157124,Chattanooga FC,Atlanta United 2,Chattanooga FC vs Atlanta United 2,MLS Next Pro,2026-09-13 20:00,target__away_clean_sheet,Away Clean Sheet,21.8,17.9,3.9,5.6,0.6508,True,23.0
sr:match:68157126,Chicago Fire FC II,Philadelphia Union II,Chicago Fire FC II vs Philadelphia Union II,MLS Next Pro,2026-09-13 20:00,target__away_clean_sheet,Away Clean Sheet,21.8,16.0,5.8,6.25,0.6508,True,23.0
sr:match:72053616,Sporting FC,Deportivo Saprissa San Jose,Sporting FC vs Deportivo Saprissa San Jose,Primera Division,2026-09-13 23:00,target__away_clean_sheet,Away Clean Sheet,47.3,36.4,10.9,2.75,0.6508,True,23.0
sr:match:66299536,Colorado Rapids,CF Montreal,Colorado Rapids vs CF Montreal,MLS,2026-09-13 02:30,target__away_win,Away Win,24.1,19.3,4.7,5.17,0.7237,True,32.7
sr:match:74325108,FC Motagua Tegucigalpa,FC Policia Nacional,FC Motagua Tegucigalpa vs FC Policia Nacional,Liga Nacional,2026-09-13 02:30,target__away_win,Away Win,24.1,20.4,3.7,4.9,0.7237,True,32.7
sr:match:73095426,CD Escorpiones Belen,CS Herediano,CD Escorpiones Belen vs CS Herediano,Primera Division,2026-09-13 03:00,target__away_win,Away Win,74.3,62.5,11.8,1.6,0.7237,True,32.7
sr:match:72055164,CF Cruz Azul,CF America,CF Cruz Azul vs CF America,Liga MX,2026-09-13 04:15,target__away_win,Away Win,42.4,37.7,4.7,2.65,0.7237,True,32.7
sr:match:68916454,Siheung Citizen FC,Changwon City FC,Siheung Citizen FC vs Changwon City FC,K3 League,2026-09-13 09:00,target__away_win,Away Win,23.6,19.6,4.0,5.1,0.7237,True,32.7
sr:match:68916456,Yangpyeong FC,Pocheon Citizen FC,Yangpyeong FC vs Pocheon Citizen FC,K3 League,2026-09-13 09:00,target__away_win,Away Win,74.3,62.9,11.4,1.59,0.7237,True,32.7
sr:match:73296574,Golik North District,Hong Kong Rangers,Golik North District vs Hong Kong Rangers,Premier League,2026-09-13 09:00,target__away_win,Away Win,23.6,18.2,5.4,5.5,0.7237,True,32.7
sr:match:73296450,Shatin,Kowloon City,Shatin vs Kowloon City,Premier League,2026-09-13 09:00,target__away_win,Away Win,56.2,44.4,11.7,2.25,0.7237,True,32.7
sr:match:72300778,SK Slavia Prague B,FK Viktoria Zizkov,SK Slavia Prague B vs FK Viktoria Zizkov,FNL,2026-09-13 09:15,target__away_win,Away Win,42.4,30.8,11.7,3.25,0.7237,True,32.7
sr:match:72597698,MFK Havirov,TJ Unie Hlubina,MFK Havirov vs TJ Unie Hlubina,MSFL,2026-09-13 09:15,target__away_win,Away Win,56.2,52.6,3.5,1.9,0.7237,True,32.7
sr:match:73576624,Persita Tangerang,Malut United,Persita Tangerang vs Malut United,Super League,2026-09-13 09:30,target__away_win,Away Win,42.4,38.5,4.0,2.6,0.7237,True,32.7
sr:match:73576626,PSM Makassar,Arema FC,PSM Makassar vs Arema FC,Super League,2026-09-13 09:30,target__away_win,Away Win,42.4,37.7,4.7,2.65,0.7237,True,32.7
sr:match:72676020,SK Slovan HAC,WAF Vorwarts Brigittenau,SK Slovan HAC vs WAF Vorwarts Brigittenau,Wiener Stadtliga,2026-09-13 09:30,target__away_win,Away Win,42.4,36.4,6.1,2.75,0.7237,True,32.7
sr:match:74425420,Canberra Croatia FC,Tigers FC,Canberra Croatia FC vs Tigers FC,Capital NPL 1,2026-09-13 10:00,target__away_win,Away Win,42.4,35.7,6.7,2.8,0.7237,True,32.7
sr:match:72151958,Mio Biwako Shiga,Kagoshima United,Mio Biwako Shiga vs Kagoshima United,J3 League,2026-09-13 10:30,target__away_win,Away Win,56.2,52.6,3.5,1.9,0.7237,True,32.7
sr:match:73778626,Rangers,Celtic,Rangers vs Celtic,League Cup,2026-09-13 12:00,target__away_win,Away Win,42.4,39.2,3.2,2.55,0.7237,True,32.7
sr:match:72499030,Naestved BK,Thisted FC,Naestved BK vs Thisted FC,2nd Division,2026-09-13 12:00,target__away_win,Away Win,23.6,18.9,4.7,5.3,0.7237,True,32.7
sr:match:72500712,ASA Aarhus,Naesby BK,ASA Aarhus vs Naesby BK,3rd Division,2026-09-13 12:00,target__away_win,Away Win,56.2,51.5,4.6,1.94,0.7237,True,32.7
sr:match:68311112,Umea FC,FC Stockholm Internazionale,Umea FC vs FC Stockholm Internazionale,Ettan,2026-09-13 12:00,target__away_win,Away Win,74.3,70.4,3.9,1.42,0.7237,True,32.7
sr:match:73346000,Manchester United WFC,Chelsea FC W,Manchester United WFC vs Chelsea FC W,Super League Women,2026-09-13 12:00,target__away_win,Away Win,74.3,64.1,10.2,1.56,0.7237,True,32.7
sr:match:72513854,Heidenheim,Holstein Kiel,Heidenheim vs Holstein Kiel,2. Bundesliga,2026-09-13 12:30,target__away_win,Away Win,42.4,32.3,10.2,3.1,0.7237,True,32.7
sr:match:72513862,Karlsruher SC,Energie Cottbus,Karlsruher SC vs Energie Cottbus,2. Bundesliga,2026-09-13 12:30,target__away_win,Away Win,30.6,24.4,6.2,4.1,0.7237,True,32.7
sr:match:69456598,Meizhou Hakka,Nanjing City,Meizhou Hakka vs Nanjing City,China League 1,2026-09-13 12:30,target__away_win,Away Win,50.0,39.2,10.8,2.55,0.7237,True,32.7
sr:match:68214814,Paide Linnameeskond,Harju JK Laagri,Paide Linnameeskond vs Harju JK Laagri,Premium Liiga,2026-09-13 12:30,target__away_win,Away Win,29.5,21.7,7.8,4.6,0.7237,True,32.7
sr:match:72680118,VfB Stuttgart II,SC Preussen 06 Munster,VfB Stuttgart II vs SC Preussen 06 Munster,3. Liga,2026-09-13 12:30,target__away_win,Away Win,42.4,35.1,7.4,2.85,0.7237,True,32.7
sr:match:67916114,SK Traeff,Notodden FK,SK Traeff vs Notodden FK,2nd Division Group 1,2026-09-13 12:30,target__away_win,Away Win,50.0,40.8,9.2,2.45,0.7237,True,32.7
sr:match:71901880,FK Panevezys,FK Kauno Zalgiris,FK Panevezys vs FK Kauno Zalgiris,TOPLYGA,2026-09-13 12:30,target__away_win,Away Win,74.3,63.3,11.0,1.58,0.7237,True,32.7
sr:match:72478548,Celta,Malaga CF,Celta vs Malaga CF,LaLiga,2026-09-13 13:00,target__away_win,Away Win,23.6,18.4,5.2,5.43,0.7237,True,32.7
sr:match:72477400,Sporting Gijon,Club Deportivo Eldense,Sporting Gijon vs Club Deportivo Eldense,LALIGA HYPERMOTION,2026-09-13 13:00,target__away_win,Away Win,23.6,19.6,4.0,5.1,0.7237,True,32.7
sr:match:71925018,Lyngby BK,SonderjyskE,Lyngby BK vs SonderjyskE,Superliga,2026-09-13 13:00,target__away_win,Away Win,29.5,19.2,10.3,5.2,0.7237,True,32.7
sr:match:71925014,Silkeborg IF,Viborg FF,Silkeborg IF vs Viborg FF,Superliga,2026-09-13 13:00,target__away_win,Away Win,56.2,51.8,4.4,1.93,0.7237,True,32.7
sr:match:72500722,Hoersholm-Usseroed IK,Holbaek B&I,Hoersholm-Usseroed IK vs Holbaek B&I,3rd Division,2026-09-13 13:00,target__away_win,Away Win,74.3,65.8,8.5,1.52,0.7237,True,32.7
sr:match:67915848,Tromsdalen UIL,Trygg/Lade,Tromsdalen UIL vs Trygg/Lade,2nd Division Group 2,2026-09-13 13:00,target__away_win,Away Win,24.1,19.6,4.5,5.1,0.7237,True,32.7
sr:match:72674260,FC St. Pauli II,Eintracht Norderstedt,FC St. Pauli II vs Eintracht Norderstedt,Regionalliga North,2026-09-13 13:00,target__away_win,Away Win,50.0,46.5,3.5,2.15,0.7237,True,32.7
sr:match:72041130,SC Heerenveen,SC Telstar,SC Heerenveen vs SC Telstar,Eredivisie,2026-09-13 13:30,target__away_win,Away Win,24.1,20.9,3.2,4.78,0.7237,True,32.7
sr:match:73409252,Araz Nakhchivan PFK,Turan Tovuz,Araz Nakhchivan PFK vs Turan Tovuz,Premier League,2026-09-13 13:30,target__away_win,Away Win,74.3,62.1,12.2,1.61,0.7237,True,32.7
sr:match:72607972,Viktoria Plzen,SK Sigma Olomouc,Viktoria Plzen vs SK Sigma Olomouc,1. Liga,2026-09-13 14:00,target__away_win,Away Win,23.6,19.6,4.0,5.1,0.7237,True,32.7
sr:match:73293138,Dolomiti Bellunesi,US Albinoleffe,Dolomiti Bellunesi vs US Albinoleffe,"Serie C, Group A",2026-09-13 14:00,target__away_win,Away Win,42.4,35.7,6.7,2.8,0.7237,True,32.7
sr:match:68311114,AFC Eskilstuna,Piteaa IF,AFC Eskilstuna vs Piteaa IF,Ettan,2026-09-13 14:00,target__away_win,Away Win,29.5,20.8,8.7,4.8,0.7237,True,32.7
sr:match:68320362,Lidkopings FK,Herrestads AIF,Lidkopings FK vs Herrestads AIF,Division 2,2026-09-13 14:00,target__away_win,Away Win,50.0,45.5,4.5,2.2,0.7237,True,32.7
sr:match:74178294,Lebeny SE,Esmtk Budapest,Lebeny SE vs Esmtk Budapest,Magyar Kupa,2026-09-13 14:00,target__away_win,Away Win,74.3,64.9,9.4,1.54,0.7237,True,32.7
sr:match:72837760,Serik Belediyespor,Inegolspor,Serik Belediyespor vs Inegolspor,2. Lig,2026-09-13 14:00,target__away_win,Away Win,29.5,25.0,4.5,4.0,0.7237,True,32.7
sr:match:67018500,FK Fyllingsdalen,Arna-Bjornar,FK Fyllingsdalen vs Arna-Bjornar,"1st Division, Women",2026-09-13 14:00,target__away_win,Away Win,82.5,73.5,9.0,1.36,0.7237,True,32.7
sr:match:72302138,RFC Liege,Club NXT,RFC Liege vs Club NXT,Challenger Pro League,2026-09-13 15:00,target__away_win,Away Win,37.9,32.3,5.7,3.1,0.7237,True,32.7
sr:match:68214816,FC Kuressaare,Tartu JK Tammeka,FC Kuressaare vs Tartu JK Tammeka,Premium Liiga,2026-09-13 15:00,target__away_win,Away Win,50.0,45.5,4.5,2.2,0.7237,True,32.7
sr:match:72517236,Moravia Morawica,MKS Czarni Polaniec,Moravia Morawica vs MKS Czarni Polaniec,"III Liga, Group 4",2026-09-13 15:00,target__away_win,Away Win,56.2,51.0,5.1,1.96,0.7237,True,32.7
sr:match:74460164,Stjarnan Gardabae,IBV Vestmannaeyjar,Stjarnan Gardabae vs IBV Vestmannaeyjar,Besta deild,2026-09-13 15:00,target__away_win,Away Win,30.6,26.3,4.3,3.8,0.7237,True,32.7
sr:match:74460168,Valur Reykjavik,Thor Akureyri,Valur Reykjavik vs Thor Akureyri,Besta deild,2026-09-13 15:00,target__away_win,Away Win,29.5,22.2,7.3,4.5,0.7237,True,32.7
sr:match:72963764,US Rumelange,Atert Bissen,US Rumelange vs Atert Bissen,Division Nationale,2026-09-13 15:00,target__away_win,Away Win,74.3,67.6,6.8,1.48,0.7237,True,32.7
sr:match:72466512,PFC Chernomorets Burgas,PFC Spartak Pleven,PFC Chernomorets Burgas vs PFC Spartak Pleven,Vtora Liga,2026-09-13 15:00,target__away_win,Away Win,23.6,17.9,5.7,5.6,0.7237,True,32.7
sr:match:72652032,Grasshopper Zurich,FC Luzern,Grasshopper Zurich vs FC Luzern,"Super League, Women",2026-09-13 15:00,target__away_win,Away Win,23.6,17.5,6.0,5.7,0.7237,True,32.7
sr:match:67126768,Malmo,Orgryte IS,Malmo vs Orgryte IS,Allsvenskan,2026-09-13 15:30,target__away_win,Away Win,23.6,14.8,8.8,6.75,0.7237,True,32.7
sr:match:72041138,PEC Zwolle,Feyenoord,PEC Zwolle vs Feyenoord,Eredivisie,2026-09-13 15:45,target__away_win,Away Win,74.3,68.0,6.3,1.47,0.7237,True,32.7
sr:match:71998188,POFC Botev Vratsa,PFC Levski Sofia,POFC Botev Vratsa vs PFC Levski Sofia,Parva Liga,2026-09-13 15:45,target__away_win,Away Win,74.3,68.0,6.3,1.47,0.7237,True,32.7
sr:match:73658750,Rivers United FC,FC San Pedro,Rivers United FC vs FC San Pedro,CAF Champions League,2026-09-13 16:00,target__away_win,Away Win,23.6,20.4,3.2,4.9,0.7237,True,32.7
sr:match:67015374,HamKam,Molde,HamKam vs Molde,Eliteserien,2026-09-13 16:00,target__away_win,Away Win,73.3,56.2,17.1,1.78,0.7237,True,32.7
sr:match:67015382,IK Start,SK Brann,IK Start vs SK Brann,Eliteserien,2026-09-13 16:00,target__away_win,Away Win,56.2,47.8,8.3,2.09,0.7237,True,32.7
sr:match:67015376,KFUM Oslo,Aalesunds FK,KFUM Oslo vs Aalesunds FK,Eliteserien,2026-09-13 16:00,target__away_win,Away Win,42.4,36.2,6.2,2.76,0.7237,True,32.7
sr:match:71913062,NK Istra 1961,NK Rudes Zagreb,NK Istra 1961 vs NK Rudes Zagreb,HNL,2026-09-13 16:00,target__away_win,Away Win,23.6,16.4,7.2,6.1,0.7237,True,32.7
sr:match:74448496,Club S Hammam-Lif,Esperance Sportive de Tunis,Club S Hammam-Lif vs Esperance Sportive de Tunis,Ligue 1,2026-09-13 16:00,target__away_win,Away Win,74.3,68.0,6.3,1.47,0.7237,True,32.7
sr:match:67018170,Ranheim,Aasane Fotball,Ranheim vs Aasane Fotball,1st Division,2026-09-13 16:00,target__away_win,Away Win,30.6,23.3,7.4,4.3,0.7237,True,32.7
sr:match:67018172,Raufoss IL,Odds BK,Raufoss IL vs Odds BK,1st Division,2026-09-13 16:00,target__away_win,Away Win,74.3,70.4,3.9,1.42,0.7237,True,32.7
sr:match:71936116,CD Moquegua,Sporting Cristal,CD Moquegua vs Sporting Cristal,Liga 1,2026-09-13 16:00,target__away_win,Away Win,56.2,51.8,4.4,1.93,0.7237,True,32.7
sr:match:72281318,NK Rudar Velenje,Triglav Kranj,NK Rudar Velenje vs Triglav Kranj,2. Liga,2026-09-13 16:00,target__away_win,Away Win,74.3,57.1,17.2,1.75,0.7237,True,32.7
sr:match:72221266,Man Utd,Man City,Man Utd vs Man City,Premier League,2026-09-13 16:30,target__away_win,Away Win,56.2,45.0,11.1,2.22,0.7237,True,32.7
sr:match:72597704,SK Artis B,FC Zlin B,SK Artis B vs FC Zlin B,MSFL,2026-09-13 16:30,target__away_win,Away Win,23.6,19.6,4.0,5.1,0.7237,True,32.7
sr:match:71901882,FK Suduva Marijampole,Vilnius FK Zalgiris,FK Suduva Marijampole vs Vilnius FK Zalgiris,TOPLYGA,2026-09-13 16:45,target__away_win,Away Win,50.0,39.2,10.8,2.55,0.7237,True,32.7
sr:match:67920642,Stabaek Fotball 2,Vindbjart FK,Stabaek Fotball 2 vs Vindbjart FK,"3. Division, Group 4",2026-09-13 17:00,target__away_win,Away Win,74.3,67.1,7.2,1.49,0.7237,True,32.7
sr:match:74472474,Throttur Reykjavik,UMF Njardvik,Throttur Reykjavik vs UMF Njardvik,1. deild,2026-09-13 17:15,target__away_win,Away Win,29.5,24.4,5.1,4.1,0.7237,True,32.7
sr:match:72477398,Mallorca,CE Sabadell FC,Mallorca vs CE Sabadell FC,LALIGA HYPERMOTION,2026-09-13 17:30,target__away_win,Away Win,23.6,20.4,3.2,4.9,0.7237,True,32.7
sr:match:72203052,SV Zulte Waregem,Royal Charleroi SC,SV Zulte Waregem vs Royal Charleroi SC,Pro League,2026-09-13 17:30,target__away_win,Away Win,42.4,37.6,4.8,2.66,0.7237,True,32.7
sr:match:72814226,Af Elbasani,KF Egnatia Rrogozhine,Af Elbasani vs KF Egnatia Rrogozhine,Kategoria Superiore,2026-09-13 17:30,target__away_win,Away Win,50.0,41.7,8.3,2.4,0.7237,True,32.7
sr:match:72387988,FC Corvinul Hunedoara 1921,CS Universitatea Craiova,FC Corvinul Hunedoara 1921 vs CS Universitatea Craiova,Superliga,2026-09-13 18:30,target__away_win,Away Win,56.2,52.6,3.5,1.9,0.7237,True,32.7
sr:match:72398672,Sandecja Nowy Sacz,Slask II Wroclaw,Sandecja Nowy Sacz vs Slask II Wroclaw,II Liga,2026-09-13 18:30,target__away_win,Away Win,23.6,19.6,4.0,5.1,0.7237,True,32.7
sr:match:73265314,CA Tigre,CA Rosario Central,CA Tigre vs CA Rosario Central,Primera LPF,2026-09-13 18:45,target__away_win,Away Win,42.4,37.0,5.4,2.7,0.7237,True,32.7
sr:match:73896268,Deportivo Llacuabamba,Pirata FC,Deportivo Llacuabamba vs Pirata FC,Liga 2,2026-09-13 19:00,target__away_win,Away Win,23.6,19.2,4.4,5.2,0.7237,True,32.7
sr:match:72278468,NK Radomlje,NK Maribor,NK Radomlje vs NK Maribor,PrvaLiga,2026-09-13 19:15,target__away_win,Away Win,74.3,59.9,14.5,1.67,0.7237,True,32.7
sr:match:73180378,Zebbug Rangers FC,Fgura United FC,Zebbug Rangers FC vs Fgura United FC,Challenge League,2026-09-13 19:30,target__away_win,Away Win,74.3,65.4,9.0,1.53,0.7237,True,32.7
sr:match:74448048,FK Velez Mostar,FK Sarajevo,FK Velez Mostar vs FK Sarajevo,Premijer Liga,2026-09-13 19:45,target__away_win,Away Win,56.2,43.5,12.7,2.3,0.7237,True,32.7
sr:match:66887006,Mirassol FC SP,EC Vitoria BA,Mirassol FC SP vs EC Vitoria BA,Brasileiro Serie A,2026-09-13 20:00,target__away_win,Away Win,24.1,20.0,4.1,5.0,0.7237,True,32.7
sr:match:73217308,Sportivo General San Martin Formosa,CA Sarmiento de la Banda,Sportivo General San Martin Formosa vs CA Sarmiento de la Banda,Torneo Federal A,2026-09-13 20:00,target__away_win,Away Win,23.6,20.4,3.2,4.9,0.7237,True,32.7
sr:match:74497472,Deportivo Rayo Zuliano,Portuguesa FC,Deportivo Rayo Zuliano vs Portuguesa FC,Primera Division,2026-09-13 20:30,target__away_win,Away Win,56.2,51.8,4.4,1.93,0.7237,True,32.7
sr:match:73265312,Argentinos Juniors,Gimnasia y Esgrima La Plata,Argentinos Juniors vs Gimnasia y Esgrima La Plata,Primera LPF,2026-09-13 21:00,target__away_win,Away Win,24.1,20.0,4.1,5.0,0.7237,True,32.7
sr:match:74207162,San Martin de Tucuman,Agropecuario Argentino,San Martin de Tucuman vs Agropecuario Argentino,Primera Nacional,2026-09-13 22:30,target__away_win,Away Win,24.1,21.1,3.0,4.75,0.7237,True,32.7
sr:match:73204580,Atletico San Luis,Club Santos Laguna,Atletico San Luis vs Club Santos Laguna,"Liga MX, Women",2026-09-14 00:00,target__away_win,Away Win,30.6,21.1,9.6,4.75,0.7237,True,32.7
sr:match:73204578,Club America,CF Tigres UANL,Club America vs CF Tigres UANL,"Liga MX, Women",2026-09-14 00:00,target__away_win,Away Win,29.5,22.2,7.3,4.5,0.7237,True,32.7
sr:match:72661218,Tauro FC,CD Universitario Penonome,Tauro FC vs CD Universitario Penonome,Liga Panamena,2026-09-13 02:30,target__btts_no,BTTS No,62.7,54.9,7.8,1.82,0.616,True,46.5
sr:match:74420656,APIA Leichhardt,Sydney United 58 FC,APIA Leichhardt vs Sydney United 58 FC,NSW NPL 1,2026-09-13 06:00,target__btts_no,BTTS No,62.7,50.0,12.7,2.0,0.616,True,46.5
sr:match:68046742,Gyeongnam FC,Seongnam Ilhwa,Gyeongnam FC vs Seongnam Ilhwa,K-League 2,2026-09-13 08:30,target__btts_no,BTTS No,62.7,54.3,8.4,1.84,0.616,True,46.5
sr:match:68046744,Jeonnam Dragons,Gimpo FC,Jeonnam Dragons vs Gimpo FC,K-League 2,2026-09-13 08:30,target__btts_no,BTTS No,58.5,52.4,6.1,1.91,0.616,True,46.5
sr:match:68916456,Yangpyeong FC,Pocheon Citizen FC,Yangpyeong FC vs Pocheon Citizen FC,K3 League,2026-09-13 09:00,target__btts_no,BTTS No,61.8,53.2,8.6,1.88,0.616,True,46.5
sr:match:72664938,Briobecca Urayasu,Verspah Oita,Briobecca Urayasu vs Verspah Oita,Japan Football League,2026-09-13 09:00,target__btts_no,BTTS No,59.2,54.9,4.3,1.82,0.616,True,46.5
sr:match:73576626,PSM Makassar,Arema FC,PSM Makassar vs Arema FC,Super League,2026-09-13 09:30,target__btts_no,BTTS No,62.7,52.4,10.4,1.91,0.616,True,46.5
sr:match:72414980,FC Viktoria Plzen B,FK Pribram B,FC Viktoria Plzen B vs FK Pribram B,CFL,2026-09-13 09:30,target__btts_no,BTTS No,50.2,43.5,6.7,2.3,0.616,True,46.5
sr:match:73295726,Real Sociedad San Sebastian B,Cacereno Femenino,Real Sociedad San Sebastian B vs Cacereno Femenino,"Primera Federacion, Women",2026-09-13 10:00,target__btts_no,BTTS No,61.8,52.9,8.9,1.89,0.616,True,46.5
sr:match:72939202,CF Os Belenenses,Atletico Clube de Portugal,CF Os Belenenses vs Atletico Clube de Portugal,Liga Portugal 3,2026-09-13 11:00,target__btts_no,BTTS No,61.8,57.1,4.6,1.75,0.616,True,46.5
sr:match:73204158,Rakow II Czestochowa,BKS Sparta Katowice,Rakow II Czestochowa vs BKS Sparta Katowice,"III Liga, Group 3",2026-09-13 11:00,target__btts_no,BTTS No,59.2,50.0,9.2,2.0,0.616,True,46.5
sr:match:72679306,Torpedo Miass,FC Irtysh Omsk,Torpedo Miass vs FC Irtysh Omsk,"2. Liga, Division A",2026-09-13 11:00,target__btts_no,BTTS No,50.2,46.5,3.7,2.15,0.616,True,46.5
sr:match:74443546,Sassuolo Calcio,AS Roma W,Sassuolo Calcio vs AS Roma W,"Serie A Cup, Women",2026-09-13 11:00,target__btts_no,BTTS No,50.2,46.5,3.7,2.15,0.616,True,46.5
sr:match:72500716,Holstebro BK,BK Frem,Holstebro BK vs BK Frem,3rd Division,2026-09-13 12:00,target__btts_no,BTTS No,44.4,40.8,3.6,2.45,0.616,True,46.5
sr:match:69456596,Wuxi Wugou,Nantong Zhiyun,Wuxi Wugou vs Nantong Zhiyun,China League 1,2026-09-13 12:00,target__btts_no,BTTS No,61.8,54.1,7.7,1.85,0.616,True,46.5
sr:match:74454958,Shandong Taishan B,Hangzhou Linping Wuyue,Shandong Taishan B vs Hangzhou Linping Wuyue,China League 2,2026-09-13 12:00,target__btts_no,BTTS No,66.2,61.7,4.5,1.62,0.616,True,46.5
sr:match:68378018,Astorps FF,Qviding FIF,Astorps FF vs Qviding FIF,Division 2,2026-09-13 12:00,target__btts_no,BTTS No,50.2,36.4,13.8,2.75,0.616,True,46.5
sr:match:67018504,Odds BK,IK Start,Odds BK vs IK Start,"1st Division, Women",2026-09-13 12:00,target__btts_no,BTTS No,50.2,43.5,6.7,2.3,0.616,True,46.5
sr:match:72499032,Vsk Aarhus,B93 Copenhagen,Vsk Aarhus vs B93 Copenhagen,2nd Division,2026-09-13 12:30,target__btts_no,BTTS No,50.2,46.5,3.7,2.15,0.616,True,46.5
sr:match:71901880,FK Panevezys,FK Kauno Zalgiris,FK Panevezys vs FK Kauno Zalgiris,TOPLYGA,2026-09-13 12:30,target__btts_no,BTTS No,59.2,52.9,6.3,1.89,0.616,True,46.5
sr:match:72499038,Brabrand IF,FC Roskilde,Brabrand IF vs FC Roskilde,2nd Division,2026-09-13 13:00,target__btts_no,BTTS No,54.5,48.8,5.8,2.05,0.616,True,46.5
sr:match:73576628,Persebaya Surabaya,Psim Yogyakarta,Persebaya Surabaya vs Psim Yogyakarta,Super League,2026-09-13 13:00,target__btts_no,BTTS No,59.2,52.6,6.6,1.9,0.616,True,46.5
sr:match:74299672,Kuopion Palloseura,HJK Helsinki,Kuopion Palloseura vs HJK Helsinki,Veikkausliiga,2026-09-13 13:00,target__btts_no,BTTS No,50.2,45.5,4.7,2.2,0.616,True,46.5
sr:match:72674260,FC St. Pauli II,Eintracht Norderstedt,FC St. Pauli II vs Eintracht Norderstedt,Regionalliga North,2026-09-13 13:00,target__btts_no,BTTS No,44.4,37.0,7.4,2.7,0.616,True,46.5
sr:match:72409934,FC Polissya Zhytomyr,FC Livyi Bereh Kyiv,FC Polissya Zhytomyr vs FC Livyi Bereh Kyiv,Premier League,2026-09-13 13:30,target__btts_no,BTTS No,66.2,61.0,5.2,1.64,0.616,True,46.5
sr:match:72036174,Lille,Troyes,Lille vs Troyes,Ligue 1,2026-09-13 14:00,target__btts_no,BTTS No,62.7,52.6,10.1,1.9,0.616,True,46.5
sr:match:73293136,AC Carpi,AS Cittadella,AC Carpi vs AS Cittadella,"Serie C, Group A",2026-09-13 14:00,target__btts_no,BTTS No,59.2,55.9,3.3,1.79,0.616,True,46.5
sr:match:74306728,CA Progreso,CA Cerro,CA Progreso vs CA Cerro,Primera Division,2026-09-13 14:00,target__btts_no,BTTS No,66.2,60.2,6.0,1.66,0.616,True,46.5
sr:match:68320362,Lidkopings FK,Herrestads AIF,Lidkopings FK vs Herrestads AIF,Division 2,2026-09-13 14:00,target__btts_no,BTTS No,44.9,40.0,4.9,2.5,0.616,True,46.5
sr:match:74178286,Karcag SE,WKW ETO FC Gyor,Karcag SE vs WKW ETO FC Gyor,Magyar Kupa,2026-09-13 14:00,target__btts_no,BTTS No,59.2,50.3,9.0,1.99,0.616,True,46.5
sr:match:74178294,Lebeny SE,Esmtk Budapest,Lebeny SE vs Esmtk Budapest,Magyar Kupa,2026-09-13 14:00,target__btts_no,BTTS No,50.2,46.5,3.7,2.15,0.616,True,46.5
sr:match:73258816,Siwelele FC,Lamontville Golden Arrows,Siwelele FC vs Lamontville Golden Arrows,Premiership,2026-09-13 14:00,target__btts_no,BTTS No,66.2,62.1,4.1,1.61,0.616,True,46.5
sr:match:73019560,Pamba Jiji SC,TRA United Sports Club,Pamba Jiji SC vs TRA United Sports Club,Premier League,2026-09-13 14:00,target__btts_no,BTTS No,66.2,62.9,3.3,1.59,0.616,True,46.5
sr:match:73346006,Birmingham City WFC,Brighton and Hove Albion WFC,Birmingham City WFC vs Brighton and Hove Albion WFC,Super League Women,2026-09-13 14:00,target__btts_no,BTTS No,59.2,51.0,8.2,1.96,0.616,True,46.5
sr:match:73346004,Liverpool LFC,Tottenham Hotspur FC,Liverpool LFC vs Tottenham Hotspur FC,Super League Women,2026-09-13 14:00,target__btts_no,BTTS No,54.5,50.8,3.8,1.97,0.616,True,46.5
sr:match:72578312,Torpedo Moscow,FC Nizhny Novgorod,Torpedo Moscow vs FC Nizhny Novgorod,1. Liga,2026-09-13 14:30,target__btts_no,BTTS No,62.7,55.6,7.2,1.8,0.616,True,46.5
sr:match:72837158,Aliaga Futbol,Isparta 32 Spor,Aliaga Futbol vs Isparta 32 Spor,2. Lig,2026-09-13 14:30,target__btts_no,BTTS No,50.2,46.5,3.7,2.15,0.616,True,46.5
sr:match:68320974,IFK Lidingo FK,Helges IF,IFK Lidingo FK vs Helges IF,Division 2,2026-09-13 14:45,target__btts_no,BTTS No,44.4,40.0,4.4,2.5,0.616,True,46.5
sr:match:68214816,FC Kuressaare,Tartu JK Tammeka,FC Kuressaare vs Tartu JK Tammeka,Premium Liiga,2026-09-13 15:00,target__btts_no,BTTS No,50.2,44.4,5.7,2.25,0.616,True,46.5
sr:match:74460146,KR Reykjavik,IA Akranes,KR Reykjavik vs IA Akranes,Besta deild,2026-09-13 15:00,target__btts_no,BTTS No,30.3,27.0,3.3,3.7,0.616,True,46.5
sr:match:72478552,Levante,Barcelona,Levante vs Barcelona,LaLiga,2026-09-13 15:15,target__btts_no,BTTS No,66.2,50.8,15.4,1.97,0.616,True,46.5
sr:match:72477404,Valladolid,Real Oviedo,Valladolid vs Real Oviedo,LALIGA HYPERMOTION,2026-09-13 15:15,target__btts_no,BTTS No,66.2,61.0,5.2,1.64,0.616,True,46.5
sr:match:67126768,Malmo,Orgryte IS,Malmo vs Orgryte IS,Allsvenskan,2026-09-13 15:30,target__btts_no,BTTS No,50.2,46.5,3.7,2.15,0.616,True,46.5
sr:match:71936116,CD Moquegua,Sporting Cristal,CD Moquegua vs Sporting Cristal,Liga 1,2026-09-13 16:00,target__btts_no,BTTS No,58.5,50.0,8.5,2.0,0.616,True,46.5
sr:match:72281318,NK Rudar Velenje,Triglav Kranj,NK Rudar Velenje vs Triglav Kranj,2. Liga,2026-09-13 16:00,target__btts_no,BTTS No,50.2,46.5,3.7,2.15,0.616,True,46.5
sr:match:72036172,Le Mans FC,Lens,Le Mans FC vs Lens,Ligue 1,2026-09-13 16:15,target__btts_no,BTTS No,50.2,45.5,4.7,2.2,0.616,True,46.5
sr:match:72513200,SV 07 Elversberg,Bayern Munich,SV 07 Elversberg vs Bayern Munich,Bundesliga,2026-09-13 16:30,target__btts_no,BTTS No,44.4,40.0,4.4,2.5,0.616,True,46.5
sr:match:74203130,Al Kahrabaa SC,AL Minaa,Al Kahrabaa SC vs AL Minaa,Stars League,2026-09-13 16:45,target__btts_no,BTTS No,62.7,59.5,3.2,1.68,0.616,True,46.5
sr:match:72735752,Bursaspor,Esenler Erokspor,Bursaspor vs Esenler Erokspor,1. Lig,2026-09-13 18:00,target__btts_no,BTTS No,58.5,50.5,8.0,1.98,0.616,True,46.5
sr:match:73160380,Olympiakos Nicosia,Als Omonia,Olympiakos Nicosia vs Als Omonia,1st Division,2026-09-13 18:00,target__btts_no,BTTS No,62.7,54.6,8.1,1.83,0.616,True,46.5
sr:match:74111098,FC Dinamo Minsk,FC Brest,FC Dinamo Minsk vs FC Brest,Vysshaya Liga,2026-09-13 18:10,target__btts_no,BTTS No,58.5,51.8,6.6,1.93,0.616,True,46.5
sr:match:73265314,CA Tigre,CA Rosario Central,CA Tigre vs CA Rosario Central,Primera LPF,2026-09-13 18:45,target__btts_no,BTTS No,66.2,61.7,4.5,1.62,0.616,True,46.5
sr:match:74225694,EC Pelotas RS,EC Guarani RS,EC Pelotas RS vs EC Guarani RS,"Gaucho, Serie A2",2026-09-13 19:00,target__btts_no,BTTS No,66.2,61.3,4.8,1.63,0.616,True,46.5
sr:match:73943896,Carlos A Mannucci,Sporting Cristal,Carlos A Mannucci vs Sporting Cristal,Liga Femenina,2026-09-13 19:00,target__btts_no,BTTS No,62.7,59.5,3.2,1.68,0.616,True,46.5
sr:match:73273734,Santa Catarina SC,CN Marcilio Dias SC,Santa Catarina SC vs CN Marcilio Dias SC,Copa Santa Catarina,2026-09-13 19:00,target__btts_no,BTTS No,58.5,53.2,5.3,1.88,0.616,True,46.5
sr:match:72936048,Panathinaikos,Panaitolikos Agrinio,Panathinaikos vs Panaitolikos Agrinio,Super League,2026-09-13 19:30,target__btts_no,BTTS No,66.2,60.6,5.6,1.65,0.616,True,46.5
sr:match:71945260,Sassuolo,Juventus,Sassuolo vs Juventus,Serie A,2026-09-13 19:45,target__btts_no,BTTS No,58.5,50.3,8.2,1.99,0.616,True,46.5
sr:match:72036168,Brest,PSG,Brest vs PSG,Ligue 1,2026-09-13 19:45,target__btts_no,BTTS No,59.2,50.3,9.0,1.99,0.616,True,46.5
sr:match:72477402,Tenerife CD,Leganes,Tenerife CD vs Leganes,LALIGA HYPERMOTION,2026-09-13 20:00,target__btts_no,BTTS No,66.2,59.2,7.0,1.69,0.616,True,46.5
sr:match:73217734,AC San Martin de Mendoza,CDC Nicanor Otamendi,AC San Martin de Mendoza vs CDC Nicanor Otamendi,Torneo Federal A,2026-09-13 20:00,target__btts_no,BTTS No,66.2,62.5,3.7,1.6,0.616,True,46.5
sr:match:73293150,AC Trento,Union Brescia,AC Trento vs Union Brescia,"Serie C, Group A",2026-09-13 20:00,target__btts_no,BTTS No,61.8,58.1,3.6,1.72,0.616,True,46.5
sr:match:74306722,Defensor Sporting,Deportivo Maldonado,Defensor Sporting vs Deportivo Maldonado,Primera Division,2026-09-13 20:00,target__btts_no,BTTS No,66.2,55.2,10.9,1.81,0.616,True,46.5
sr:match:72474956,CSD Coban Imperial,Comunicaciones FC ,CSD Coban Imperial vs Comunicaciones FC ,Liga Nacional,2026-09-13 20:00,target__btts_no,BTTS No,61.8,58.1,3.6,1.72,0.616,True,46.5
sr:match:74100414,Sport Club Gaucho Passo Fundo RS,Veranopolis RS,Sport Club Gaucho Passo Fundo RS vs Veranopolis RS,"Gaucho, Serie A2",2026-09-13 20:00,target__btts_no,BTTS No,66.2,62.1,4.1,1.61,0.616,True,46.5
sr:match:72939014,Uniao SC Paredes,AD Fafe,Uniao SC Paredes vs AD Fafe,Liga Portugal 3,2026-09-13 20:30,target__btts_no,BTTS No,61.8,54.9,6.8,1.82,0.616,True,46.5
sr:match:72335114,Atletico Nacional,Aguilas Doradas Rionegro,Atletico Nacional vs Aguilas Doradas Rionegro,Liga DIMAYOR,2026-09-13 22:05,target__btts_no,BTTS No,66.2,59.2,7.0,1.69,0.616,True,46.5
sr:match:68157118,Columbus Crew 2,New England Revolution II,Columbus Crew 2 vs New England Revolution II,MLS Next Pro,2026-09-13 23:00,target__btts_no,BTTS No,44.4,39.2,5.2,2.55,0.616,True,46.5
sr:match:74306726,CA Penarol Montevideo,Albion FC,CA Penarol Montevideo vs Albion FC,Primera Division,2026-09-13 23:30,target__btts_no,BTTS No,66.2,60.6,5.6,1.65,0.616,True,46.5
sr:match:72474950,CD Guastatoya,CSD Xelaju MC,CD Guastatoya vs CSD Xelaju MC,Liga Nacional,2026-09-14 00:00,target__btts_no,BTTS No,61.8,54.6,7.1,1.83,0.616,True,46.5
sr:match:72661222,Veraguas United FC,Alianza FC Panama,Veraguas United FC vs Alianza FC Panama,Liga Panamena,2026-09-14 00:15,target__btts_no,BTTS No,66.2,52.1,14.1,1.92,0.616,True,46.5
sr:match:72055172,CF Monterrey,Tigres UANL,CF Monterrey vs Tigres UANL,Liga MX,2026-09-13 02:10,target__btts_yes,BTTS Yes,66.3,61.3,5.0,1.63,0.6112,True,53.5
sr:match:72335102,Alianza FC Valledupar,CD Junior FC,Alianza FC Valledupar vs CD Junior FC,Liga DIMAYOR,2026-09-13 02:20,target__btts_yes,BTTS Yes,60.1,54.9,5.2,1.82,0.6112,True,53.5
sr:match:66299538,Real Salt Lake,New York City FC,Real Salt Lake vs New York City FC,MLS,2026-09-13 02:30,target__btts_yes,BTTS Yes,66.3,62.5,3.8,1.6,0.6112,True,53.5
sr:match:73095426,CD Escorpiones Belen,CS Herediano,CD Escorpiones Belen vs CS Herediano,Primera Division,2026-09-13 03:00,target__btts_yes,BTTS Yes,60.1,53.2,6.9,1.88,0.6112,True,53.5
sr:match:66299542,San Jose Earthquakes,Houston Dynamo,San Jose Earthquakes vs Houston Dynamo,MLS,2026-09-13 03:30,target__btts_yes,BTTS Yes,66.3,62.1,4.2,1.61,0.6112,True,53.5
sr:match:72055164,CF Cruz Azul,CF America,CF Cruz Azul vs CF America,Liga MX,2026-09-13 04:15,target__btts_yes,BTTS Yes,66.3,61.3,5.0,1.63,0.6112,True,53.5
sr:match:72149720,Tokyo Verdy,JEF United Chiba,Tokyo Verdy vs JEF United Chiba,J1 League,2026-09-13 10:00,target__btts_yes,BTTS Yes,65.0,50.8,14.2,1.97,0.6112,True,53.5
sr:match:73295722,FC Barcelona B,Real Union de Tenerife Santa Cruz,FC Barcelona B vs Real Union de Tenerife Santa Cruz,"Primera Federacion, Women",2026-09-13 10:00,target__btts_yes,BTTS Yes,50.8,47.6,3.1,2.1,0.6112,True,53.5
sr:match:72339828,Sheffield United,Wolves,Sheffield United vs Wolves,Championship,2026-09-13 12:00,target__btts_yes,BTTS Yes,66.3,61.7,4.6,1.62,0.6112,True,53.5
sr:match:72513868,VfL 1899 Osnabruck,Hertha,VfL 1899 Osnabruck vs Hertha,2. Bundesliga,2026-09-13 12:30,target__btts_yes,BTTS Yes,73.0,67.1,5.9,1.49,0.6112,True,53.5
sr:match:72334322,RFK Akhmat Grozny,FC Dynamo-Makhachkala,RFK Akhmat Grozny vs FC Dynamo-Makhachkala,Premier League,2026-09-13 12:30,target__btts_yes,BTTS Yes,60.1,51.3,8.8,1.95,0.6112,True,53.5
sr:match:72478548,Celta,Malaga CF,Celta vs Malaga CF,LaLiga,2026-09-13 13:00,target__btts_yes,BTTS Yes,66.3,47.6,18.7,2.1,0.6112,True,53.5
sr:match:67126770,IF Elfsborg,Kalmar FF,IF Elfsborg vs Kalmar FF,Allsvenskan,2026-09-13 13:00,target__btts_yes,BTTS Yes,65.0,57.1,7.9,1.75,0.6112,True,53.5
sr:match:74111094,FC Dnepr Mogilev,Maxline Vitebsk,FC Dnepr Mogilev vs Maxline Vitebsk,Vysshaya Liga,2026-09-13 13:00,target__btts_yes,BTTS Yes,60.1,48.8,11.3,2.05,0.6112,True,53.5
sr:match:72345506,WSG Tirol,TSV Hartberg,WSG Tirol vs TSV Hartberg,Bundesliga,2026-09-13 13:30,target__btts_yes,BTTS Yes,66.3,63.3,3.1,1.58,0.6112,True,53.5
sr:match:73658782,Simba SC,Mighty Wanderers FC,Simba SC vs Mighty Wanderers FC,CAF Champions League,2026-09-13 14:00,target__btts_yes,BTTS Yes,50.8,37.0,13.7,2.7,0.6112,True,53.5
sr:match:72607978,FC Zlin,FC Hradec Kralove,FC Zlin vs FC Hradec Kralove,1. Liga,2026-09-13 14:00,target__btts_yes,BTTS Yes,66.3,53.8,12.6,1.86,0.6112,True,53.5
sr:match:68320972,Angby IF,IK Franke,Angby IF vs IK Franke,Division 2,2026-09-13 14:00,target__btts_yes,BTTS Yes,73.0,69.0,4.0,1.45,0.6112,True,53.5
sr:match:74178282,Mezoors Kse,Puskas Akademia FC Felcsut,Mezoors Kse vs Puskas Akademia FC Felcsut,Magyar Kupa,2026-09-13 14:00,target__btts_yes,BTTS Yes,50.8,46.5,4.2,2.15,0.6112,True,53.5
sr:match:72513186,RB Leipzig,Hamburger SV,RB Leipzig vs Hamburger SV,Bundesliga,2026-09-13 14:30,target__btts_yes,BTTS Yes,66.3,60.6,5.7,1.65,0.6112,True,53.5
sr:match:71925016,Randers FC,Odense Boldklub,Randers FC vs Odense Boldklub,Superliga,2026-09-13 15:00,target__btts_yes,BTTS Yes,66.3,62.9,3.5,1.59,0.6112,True,53.5
sr:match:67916110,Arendal FK,Kvik Halden FK,Arendal FK vs Kvik Halden FK,2nd Division Group 1,2026-09-13 15:00,target__btts_yes,BTTS Yes,73.0,69.0,4.0,1.45,0.6112,True,53.5
sr:match:73346488,Leicester City WFC,Durham LFC,Leicester City WFC vs Durham LFC,"Super League 2, Women",2026-09-13 15:00,target__btts_yes,BTTS Yes,60.1,47.6,12.5,2.1,0.6112,True,53.5
sr:match:72176946,Lausanne-Sport,Servette Geneva,Lausanne-Sport vs Servette Geneva,Super League,2026-09-13 15:30,target__btts_yes,BTTS Yes,73.0,65.8,7.2,1.52,0.6112,True,53.5
sr:match:71998188,POFC Botev Vratsa,PFC Levski Sofia,POFC Botev Vratsa vs PFC Levski Sofia,Parva Liga,2026-09-13 15:45,target__btts_yes,BTTS Yes,50.8,47.6,3.1,2.1,0.6112,True,53.5
sr:match:67015376,KFUM Oslo,Aalesunds FK,KFUM Oslo vs Aalesunds FK,Eliteserien,2026-09-13 16:00,target__btts_yes,BTTS Yes,77.2,66.2,11.0,1.51,0.6112,True,53.5
sr:match:71913062,NK Istra 1961,NK Rudes Zagreb,NK Istra 1961 vs NK Rudes Zagreb,HNL,2026-09-13 16:00,target__btts_yes,BTTS Yes,66.3,59.2,7.2,1.69,0.6112,True,53.5
sr:match:74448496,Club S Hammam-Lif,Esperance Sportive de Tunis,Club S Hammam-Lif vs Esperance Sportive de Tunis,Ligue 1,2026-09-13 16:00,target__btts_yes,BTTS Yes,50.8,40.8,9.9,2.45,0.6112,True,53.5
sr:match:74448494,JS Omrane,ES Metlaoui,JS Omrane vs ES Metlaoui,Ligue 1,2026-09-13 16:00,target__btts_yes,BTTS Yes,49.1,44.4,4.6,2.25,0.6112,True,53.5
sr:match:72936038,PAE PS Kalamata,Volos NPS,PAE PS Kalamata vs Volos NPS,Super League,2026-09-13 16:00,target__btts_yes,BTTS Yes,66.3,52.4,14.0,1.91,0.6112,True,53.5
sr:match:67018174,Sogndal Fotball,Stroemmen IF,Sogndal Fotball vs Stroemmen IF,1st Division,2026-09-13 16:00,target__btts_yes,BTTS Yes,80.0,71.9,8.1,1.39,0.6112,True,53.5
sr:match:74172384,Panserraikos FC,Asteras Tripolis B,Panserraikos FC vs Asteras Tripolis B,Super League 2,2026-09-13 16:00,target__btts_yes,BTTS Yes,50.8,40.0,10.8,2.5,0.6112,True,53.5
sr:match:72221266,Man Utd,Man City,Man Utd vs Man City,Premier League,2026-09-13 16:30,target__btts_yes,BTTS Yes,73.0,66.7,6.3,1.5,0.6112,True,53.5
sr:match:71945258,Napoli,Bologna,Napoli vs Bologna,Serie A,2026-09-13 17:00,target__btts_yes,BTTS Yes,60.1,50.5,9.6,1.98,0.6112,True,53.5
sr:match:71925022,Nordsjaelland,AGF Aarhus,Nordsjaelland vs AGF Aarhus,Superliga,2026-09-13 17:00,target__btts_yes,BTTS Yes,73.0,67.6,5.4,1.48,0.6112,True,53.5
sr:match:72936036,Asteras Tripolis,AEK Athens,Asteras Tripolis vs AEK Athens,Super League,2026-09-13 17:00,target__btts_yes,BTTS Yes,50.8,45.5,5.3,2.2,0.6112,True,53.5
sr:match:67912810,FC Iberia 1999,FC Spaeri,FC Iberia 1999 vs FC Spaeri,Erovnuli Liga,2026-09-13 17:00,target__btts_yes,BTTS Yes,61.1,56.5,4.6,1.77,0.6112,True,53.5
sr:match:72478550,Getafe,RC Deportivo de A Coruna,Getafe vs RC Deportivo de A Coruna,LaLiga,2026-09-13 17:30,target__btts_yes,BTTS Yes,49.0,40.8,8.2,2.45,0.6112,True,53.5
sr:match:72203052,SV Zulte Waregem,Royal Charleroi SC,SV Zulte Waregem vs Royal Charleroi SC,Pro League,2026-09-13 17:30,target__btts_yes,BTTS Yes,66.3,63.3,3.1,1.58,0.6112,True,53.5
sr:match:72960998,SC Freiburg,1. FSV Mainz 05,SC Freiburg vs 1. FSV Mainz 05,Women Bundesliga,2026-09-13 17:30,target__btts_yes,BTTS Yes,66.3,53.2,13.2,1.88,0.6112,True,53.5
sr:match:73658764,Pyramids FC,Gor Mahia FC,Pyramids FC vs Gor Mahia FC,CAF Champions League,2026-09-13 18:00,target__btts_yes,BTTS Yes,60.1,39.2,20.9,2.55,0.6112,True,53.5
sr:match:72530912,FC Arouca,Santa Clara Azores,FC Arouca vs Santa Clara Azores,Liga Portugal,2026-09-13 18:00,target__btts_yes,BTTS Yes,60.1,50.8,9.4,1.97,0.6112,True,53.5
sr:match:72723202,Amed Sportif Faaliyetler,Istanbul BB,Amed Sportif Faaliyetler vs Istanbul BB,Super Lig,2026-09-13 18:00,target__btts_yes,BTTS Yes,65.0,60.2,4.8,1.66,0.6112,True,53.5
sr:match:72474952,Deportivo Mixco,Aurora FC,Deportivo Mixco vs Aurora FC,Liga Nacional,2026-09-13 18:00,target__btts_yes,BTTS Yes,60.1,53.5,6.6,1.87,0.6112,True,53.5
sr:match:67015372,Fredrikstad FK,Sarpsborg 08,Fredrikstad FK vs Sarpsborg 08,Eliteserien,2026-09-13 18:15,target__btts_yes,BTTS Yes,66.3,62.1,4.2,1.61,0.6112,True,53.5
sr:match:73346010,Aston Villa WFC,Manchester City WFC,Aston Villa WFC vs Manchester City WFC,Super League Women,2026-09-13 18:30,target__btts_yes,BTTS Yes,60.1,55.9,4.3,1.79,0.6112,True,53.5
sr:match:72041134,PSV Eindhoven,Sparta Rotterdam,PSV Eindhoven vs Sparta Rotterdam,Eredivisie,2026-09-13 19:00,target__btts_yes,BTTS Yes,66.3,62.9,3.5,1.59,0.6112,True,53.5
sr:match:74214684,Diriyah Club,Abha Club,Diriyah Club vs Abha Club,Saudi Pro League,2026-09-13 19:00,target__btts_yes,BTTS Yes,60.1,53.8,6.4,1.86,0.6112,True,53.5
sr:match:72936040,AE Kifisia FC,APO Levadiakos FC,AE Kifisia FC vs APO Levadiakos FC,Super League,2026-09-13 19:00,target__btts_yes,BTTS Yes,60.1,54.3,5.8,1.84,0.6112,True,53.5
sr:match:74225350,FC Santa Cruz RS,CE Lajeadense RS,FC Santa Cruz RS vs CE Lajeadense RS,"Gaucho, Serie A2",2026-09-13 19:00,target__btts_yes,BTTS Yes,44.5,37.0,7.5,2.7,0.6112,True,53.5
sr:match:73217382,CSB Atenas,Juventud Antoniana,CSB Atenas vs Juventud Antoniana,Torneo Federal A,2026-09-13 20:30,target__btts_yes,BTTS Yes,50.8,36.4,14.4,2.75,0.6112,True,53.5
sr:match:73217310,CA 9 de Julio Rafaela,CA Bartolome Mitre,CA 9 de Julio Rafaela vs CA Bartolome Mitre,Torneo Federal A,2026-09-13 21:00,target__btts_yes,BTTS Yes,50.8,43.5,7.3,2.3,0.6112,True,53.5
sr:match:67682026,Colo-Colo,Deportes Concepcion,Colo-Colo vs Deportes Concepcion,Primera Division,2026-09-13 21:30,target__btts_yes,BTTS Yes,60.1,54.3,5.8,1.84,0.6112,True,53.5
sr:match:67117944,CD Godoy Cruz,Colon de Santa Fe,CD Godoy Cruz vs Colon de Santa Fe,Primera Nacional,2026-09-13 22:00,target__btts_yes,BTTS Yes,49.1,45.5,3.6,2.2,0.6112,True,53.5
sr:match:73185400,AD Cariari Pococi,AD Carmelita,AD Cariari Pococi vs AD Carmelita,Liga de Ascenso,2026-09-13 23:30,target__btts_yes,BTTS Yes,66.3,62.5,3.8,1.6,0.6112,True,53.5
sr:match:68157134,Red Bull New York II,FC Cincinnati 2,Red Bull New York II vs FC Cincinnati 2,MLS Next Pro,2026-09-14 00:00,target__btts_yes,BTTS Yes,73.9,69.9,4.0,1.43,0.6112,True,53.5
sr:match:68687908,Barcelona SC,Delfin SC,Barcelona SC vs Delfin SC,LigaPro Primera A,2026-09-14 00:00,target__btts_yes,BTTS Yes,60.1,50.3,9.9,1.99,0.6112,True,53.5
sr:match:73204578,Club America,CF Tigres UANL,Club America vs CF Tigres UANL,"Liga MX, Women",2026-09-14 00:00,target__btts_yes,BTTS Yes,73.0,68.0,4.9,1.47,0.6112,True,53.5
sr:match:67912306,Portland Thorns FC,Chicago Red Stars,Portland Thorns FC vs Chicago Red Stars,National Womens Soccer League,2026-09-14 00:00,target__btts_yes,BTTS Yes,66.3,60.2,6.1,1.66,0.6112,True,53.5
sr:match:72335116,CD Once Caldas,Deportivo Cali,CD Once Caldas vs Deportivo Cali,Liga DIMAYOR,2026-09-14 00:10,target__btts_yes,BTTS Yes,60.1,52.1,8.0,1.92,0.6112,True,53.5
sr:match:66299538,Real Salt Lake,New York City FC,Real Salt Lake vs New York City FC,MLS,2026-09-13 02:30,target__draw,Draw,30.5,27.5,3.0,3.64,0.5993,True,22.8
sr:match:68311112,Umea FC,FC Stockholm Internazionale,Umea FC vs FC Stockholm Internazionale,Ettan,2026-09-13 12:00,target__draw,Draw,30.5,21.3,9.2,4.7,0.5993,True,22.8
sr:match:73601718,Sheffield Wednesday U21,Charlton Athletic U21,Sheffield Wednesday U21 vs Charlton Athletic U21,U21 Professional Development League,2026-09-13 12:00,target__draw,Draw,26.9,22.7,4.2,4.4,0.5993,True,22.8
sr:match:73409252,Araz Nakhchivan PFK,Turan Tovuz,Araz Nakhchivan PFK vs Turan Tovuz,Premier League,2026-09-13 13:30,target__draw,Draw,30.5,27.0,3.5,3.7,0.5993,True,22.8
sr:match:74178286,Karcag SE,WKW ETO FC Gyor,Karcag SE vs WKW ETO FC Gyor,Magyar Kupa,2026-09-13 14:00,target__draw,Draw,24.4,19.0,5.3,5.25,0.5993,True,22.8
sr:match:72334316,FK Spartak Moscow,FK Rostov,FK Spartak Moscow vs FK Rostov,Premier League,2026-09-13 15:00,target__draw,Draw,30.5,26.3,4.2,3.8,0.5993,True,22.8
sr:match:67018172,Raufoss IL,Odds BK,Raufoss IL vs Odds BK,1st Division,2026-09-13 16:00,target__draw,Draw,24.4,19.2,5.1,5.2,0.5993,True,22.8
sr:match:72597704,SK Artis B,FC Zlin B,SK Artis B vs FC Zlin B,MSFL,2026-09-13 16:30,target__draw,Draw,26.6,22.7,3.9,4.4,0.5993,True,22.8
sr:match:72936036,Asteras Tripolis,AEK Athens,Asteras Tripolis vs AEK Athens,Super League,2026-09-13 17:00,target__draw,Draw,26.9,21.7,5.1,4.6,0.5993,True,22.8
sr:match:72083048,FK IMT Novi Beograd,Crvena Zvezda,FK IMT Novi Beograd vs Crvena Zvezda,Superliga,2026-09-13 18:00,target__draw,Draw,26.9,18.2,8.7,5.5,0.5993,True,22.8
sr:match:73346010,Aston Villa WFC,Manchester City WFC,Aston Villa WFC vs Manchester City WFC,Super League Women,2026-09-13 18:30,target__draw,Draw,26.6,19.0,7.5,5.25,0.5993,True,22.8
sr:match:74214684,Diriyah Club,Abha Club,Diriyah Club vs Abha Club,Saudi Pro League,2026-09-13 19:00,target__draw,Draw,26.9,21.1,5.8,4.75,0.5993,True,22.8
sr:match:72936048,Panathinaikos,Panaitolikos Agrinio,Panathinaikos vs Panaitolikos Agrinio,Super League,2026-09-13 19:30,target__draw,Draw,24.4,19.6,4.8,5.1,0.5993,True,22.8
sr:match:67682026,Colo-Colo,Deportes Concepcion,Colo-Colo vs Deportes Concepcion,Primera Division,2026-09-13 21:30,target__draw,Draw,26.6,21.7,4.8,4.6,0.5993,True,22.8
sr:match:68686112,Pacific FC,Cavalry FC,Pacific FC vs Cavalry FC,Canadian Premier League,2026-09-13 23:00,target__draw,Draw,30.5,24.4,6.1,4.1,0.5993,True,22.8
sr:match:72661218,Tauro FC,CD Universitario Penonome,Tauro FC vs CD Universitario Penonome,Liga Panamena,2026-09-13 02:30,target__home_clean_sheet,Home Clean Sheet,45.9,40.0,5.9,2.5,0.6485,True,30.0
sr:match:73184904,Municipal Grecia,Adr Jicaral,Municipal Grecia vs Adr Jicaral,Liga de Ascenso,2026-09-13 03:00,target__home_clean_sheet,Home Clean Sheet,30.9,27.8,3.1,3.6,0.6485,True,30.0
sr:match:68046742,Gyeongnam FC,Seongnam Ilhwa,Gyeongnam FC vs Seongnam Ilhwa,K-League 2,2026-09-13 08:30,target__home_clean_sheet,Home Clean Sheet,44.4,33.3,11.1,3.0,0.6485,True,30.0
sr:match:68046744,Jeonnam Dragons,Gimpo FC,Jeonnam Dragons vs Gimpo FC,K-League 2,2026-09-13 08:30,target__home_clean_sheet,Home Clean Sheet,30.2,27.0,3.1,3.7,0.6485,True,30.0
sr:match:68916454,Siheung Citizen FC,Changwon City FC,Siheung Citizen FC vs Changwon City FC,K3 League,2026-09-13 09:00,target__home_clean_sheet,Home Clean Sheet,60.7,51.5,9.2,1.94,0.6485,True,30.0
sr:match:72597710,1. FC Slovacko B,MFk Karvina B,1. FC Slovacko B vs MFk Karvina B,MSFL,2026-09-13 09:15,target__home_clean_sheet,Home Clean Sheet,45.9,37.0,8.9,2.7,0.6485,True,30.0
sr:match:72656460,Opava B,FC Vratimov,Opava B vs FC Vratimov,Divize F,2026-09-13 09:15,target__home_clean_sheet,Home Clean Sheet,30.9,26.3,4.6,3.8,0.6485,True,30.0
sr:match:72414980,FC Viktoria Plzen B,FK Pribram B,FC Viktoria Plzen B vs FK Pribram B,CFL,2026-09-13 09:30,target__home_clean_sheet,Home Clean Sheet,47.1,39.2,7.9,2.55,0.6485,True,30.0
sr:match:73295726,Real Sociedad San Sebastian B,Cacereno Femenino,Real Sociedad San Sebastian B vs Cacereno Femenino,"Primera Federacion, Women",2026-09-13 10:00,target__home_clean_sheet,Home Clean Sheet,45.9,30.0,15.9,3.33,0.6485,True,30.0
sr:match:74403216,Rochedale Rovers,Moreton City Excelsior U23,Rochedale Rovers vs Moreton City Excelsior U23,U23 Queensland NPL,2026-09-13 10:00,target__home_clean_sheet,Home Clean Sheet,30.9,25.6,5.2,3.9,0.6485,True,30.0
sr:match:73735036,Parnu JK Vaprus II,FA Tartu Kalev,Parnu JK Vaprus II vs FA Tartu Kalev,Esiliiga B,2026-09-13 10:30,target__home_clean_sheet,Home Clean Sheet,30.2,20.8,9.3,4.8,0.6485,True,30.0
sr:match:68046748,Suwon FC,Cheonan City FC,Suwon FC vs Cheonan City FC,K-League 2,2026-09-13 11:00,target__home_clean_sheet,Home Clean Sheet,45.9,40.8,5.1,2.45,0.6485,True,30.0
sr:match:72559062,Racing Club de Ferrol,Real Union de Irun,Racing Club de Ferrol vs Real Union de Irun,Primera Federacion,2026-09-13 11:00,target__home_clean_sheet,Home Clean Sheet,45.9,40.0,5.9,2.5,0.6485,True,30.0
sr:match:72500718,FC Helsingoer,Sundby BK,FC Helsingoer vs Sundby BK,3rd Division,2026-09-13 12:00,target__home_clean_sheet,Home Clean Sheet,45.9,40.8,5.1,2.45,0.6485,True,30.0
sr:match:74454958,Shandong Taishan B,Hangzhou Linping Wuyue,Shandong Taishan B vs Hangzhou Linping Wuyue,China League 2,2026-09-13 12:00,target__home_clean_sheet,Home Clean Sheet,60.7,53.2,7.5,1.88,0.6485,True,30.0
sr:match:67915842,Rana FK,Lorenskog IF,Rana FK vs Lorenskog IF,2nd Division Group 2,2026-09-13 12:00,target__home_clean_sheet,Home Clean Sheet,30.2,25.0,5.2,4.0,0.6485,True,30.0
sr:match:72700534,AS Cannes,Grenoble Foot 38,AS Cannes vs Grenoble Foot 38,"Seconde Ligue, Women",2026-09-13 12:00,target__home_clean_sheet,Home Clean Sheet,47.1,33.9,13.2,2.95,0.6485,True,30.0
sr:match:72499032,Vsk Aarhus,B93 Copenhagen,Vsk Aarhus vs B93 Copenhagen,2nd Division,2026-09-13 12:30,target__home_clean_sheet,Home Clean Sheet,30.9,27.0,3.8,3.7,0.6485,True,30.0
sr:match:67916114,SK Traeff,Notodden FK,SK Traeff vs Notodden FK,2nd Division Group 1,2026-09-13 12:30,target__home_clean_sheet,Home Clean Sheet,30.9,26.7,4.2,3.75,0.6485,True,30.0
sr:match:73062400,Sabah FC,Brunei DPMM FC,Sabah FC vs Brunei DPMM FC,Super League,2026-09-13 12:30,target__home_clean_sheet,Home Clean Sheet,45.9,38.5,7.5,2.6,0.6485,True,30.0
sr:match:72499036,Skive IK,Middelfart BK,Skive IK vs Middelfart BK,2nd Division,2026-09-13 13:00,target__home_clean_sheet,Home Clean Sheet,30.9,27.0,3.8,3.7,0.6485,True,30.0
sr:match:73576628,Persebaya Surabaya,Psim Yogyakarta,Persebaya Surabaya vs Psim Yogyakarta,Super League,2026-09-13 13:00,target__home_clean_sheet,Home Clean Sheet,45.9,42.6,3.4,2.35,0.6485,True,30.0
sr:match:73603022,Brentford U21,Everton U21,Brentford U21 vs Everton U21,U21 Premier League 2,2026-09-13 13:00,target__home_clean_sheet,Home Clean Sheet,30.9,26.3,4.6,3.8,0.6485,True,30.0
sr:match:72596088,Udi 19,EVV Echt,Udi 19 vs EVV Echt,Derde Divisie,2026-09-13 13:00,target__home_clean_sheet,Home Clean Sheet,45.9,37.0,8.9,2.7,0.6485,True,30.0
sr:match:74305568,TPV Tampere,KuPS Akatemia,TPV Tampere vs KuPS Akatemia,Ykkonen,2026-09-13 13:00,target__home_clean_sheet,Home Clean Sheet,30.9,25.6,5.2,3.9,0.6485,True,30.0
sr:match:72345502,FK Austria Wien,Austria Lustenau,FK Austria Wien vs Austria Lustenau,Bundesliga,2026-09-13 13:30,target__home_clean_sheet,Home Clean Sheet,45.9,37.7,8.2,2.65,0.6485,True,30.0
sr:match:72230744,KS Lechia Gdansk,Miedz Legnica,KS Lechia Gdansk vs Miedz Legnica,1. Liga,2026-09-13 13:30,target__home_clean_sheet,Home Clean Sheet,30.9,24.4,6.5,4.1,0.6485,True,30.0
sr:match:72036174,Lille,Troyes,Lille vs Troyes,Ligue 1,2026-09-13 14:00,target__home_clean_sheet,Home Clean Sheet,60.7,46.5,14.2,2.15,0.6485,True,30.0
sr:match:72607972,Viktoria Plzen,SK Sigma Olomouc,Viktoria Plzen vs SK Sigma Olomouc,1. Liga,2026-09-13 14:00,target__home_clean_sheet,Home Clean Sheet,45.9,42.6,3.4,2.35,0.6485,True,30.0
sr:match:74306728,CA Progreso,CA Cerro,CA Progreso vs CA Cerro,Primera Division,2026-09-13 14:00,target__home_clean_sheet,Home Clean Sheet,47.1,42.6,4.6,2.35,0.6485,True,30.0
sr:match:68320362,Lidkopings FK,Herrestads AIF,Lidkopings FK vs Herrestads AIF,Division 2,2026-09-13 14:00,target__home_clean_sheet,Home Clean Sheet,30.2,23.5,6.6,4.25,0.6485,True,30.0
sr:match:73258816,Siwelele FC,Lamontville Golden Arrows,Siwelele FC vs Lamontville Golden Arrows,Premiership,2026-09-13 14:00,target__home_clean_sheet,Home Clean Sheet,45.9,41.7,4.3,2.4,0.6485,True,30.0
sr:match:73346482,Southampton FC,Ipswich Town Lfc,Southampton FC vs Ipswich Town Lfc,"Super League 2, Women",2026-09-13 14:00,target__home_clean_sheet,Home Clean Sheet,45.9,42.6,3.4,2.35,0.6485,True,30.0
sr:match:72656454,FK Bilovec,Pusta Polom,FK Bilovec vs Pusta Polom,Divize F,2026-09-13 14:30,target__home_clean_sheet,Home Clean Sheet,30.9,27.0,3.8,3.7,0.6485,True,30.0
sr:match:72334316,FK Spartak Moscow,FK Rostov,FK Spartak Moscow vs FK Rostov,Premier League,2026-09-13 15:00,target__home_clean_sheet,Home Clean Sheet,47.1,43.5,3.6,2.3,0.6485,True,30.0
sr:match:68214816,FC Kuressaare,Tartu JK Tammeka,FC Kuressaare vs Tartu JK Tammeka,Premium Liiga,2026-09-13 15:00,target__home_clean_sheet,Home Clean Sheet,30.9,25.0,5.9,4.0,0.6485,True,30.0
sr:match:73068026,Juventud Torremolinos CF,Real Zaragoza,Juventud Torremolinos CF vs Real Zaragoza,Primera Federacion,2026-09-13 15:00,target__home_clean_sheet,Home Clean Sheet,36.1,31.2,4.9,3.2,0.6485,True,30.0
sr:match:74460164,Stjarnan Gardabae,IBV Vestmannaeyjar,Stjarnan Gardabae vs IBV Vestmannaeyjar,Besta deild,2026-09-13 15:00,target__home_clean_sheet,Home Clean Sheet,30.2,27.0,3.1,3.7,0.6485,True,30.0
sr:match:72467464,AZ Alkmaar,PSV Eindhoven,AZ Alkmaar vs PSV Eindhoven,"Eredivisie, Women",2026-09-13 15:45,target__home_clean_sheet,Home Clean Sheet,30.0,16.9,13.1,5.9,0.6485,True,30.0
sr:match:74448498,Olympique de Beja,A Sakiet Edayer,Olympique de Beja vs A Sakiet Edayer,Ligue 1,2026-09-13 16:00,target__home_clean_sheet,Home Clean Sheet,45.9,41.7,4.3,2.4,0.6485,True,30.0
sr:match:71936116,CD Moquegua,Sporting Cristal,CD Moquegua vs Sporting Cristal,Liga 1,2026-09-13 16:00,target__home_clean_sheet,Home Clean Sheet,30.2,25.0,5.2,4.0,0.6485,True,30.0
sr:match:74111096,Bate Borisov,Naftan Novopolotsk,Bate Borisov vs Naftan Novopolotsk,Vysshaya Liga,2026-09-13 16:00,target__home_clean_sheet,Home Clean Sheet,60.7,51.3,9.4,1.95,0.6485,True,30.0
sr:match:72043148,Legia Warszawa,Widzew Lodz,Legia Warszawa vs Widzew Lodz,Ekstraklasa,2026-09-13 16:30,target__home_clean_sheet,Home Clean Sheet,45.9,40.8,5.1,2.45,0.6485,True,30.0
sr:match:67915856,IK Junkeren,Skeid Fotball,IK Junkeren vs Skeid Fotball,2nd Division Group 2,2026-09-13 16:45,target__home_clean_sheet,Home Clean Sheet,30.9,22.7,8.1,4.4,0.6485,True,30.0
sr:match:74203130,Al Kahrabaa SC,AL Minaa,Al Kahrabaa SC vs AL Minaa,Stars League,2026-09-13 16:45,target__home_clean_sheet,Home Clean Sheet,45.9,38.5,7.5,2.6,0.6485,True,30.0
sr:match:72837764,52 Orduspor FK,Hekimoglu Trabzon,52 Orduspor FK vs Hekimoglu Trabzon,2. Lig,2026-09-13 17:00,target__home_clean_sheet,Home Clean Sheet,30.9,27.8,3.1,3.6,0.6485,True,30.0
sr:match:72814226,Af Elbasani,KF Egnatia Rrogozhine,Af Elbasani vs KF Egnatia Rrogozhine,Kategoria Superiore,2026-09-13 17:30,target__home_clean_sheet,Home Clean Sheet,36.1,32.3,3.9,3.1,0.6485,True,30.0
sr:match:72530926,Benfica,Gil Vicente Barcelos,Benfica vs Gil Vicente Barcelos,Liga Portugal,2026-09-13 18:00,target__home_clean_sheet,Home Clean Sheet,88.1,64.9,23.2,1.54,0.6485,True,30.0
sr:match:72735752,Bursaspor,Esenler Erokspor,Bursaspor vs Esenler Erokspor,1. Lig,2026-09-13 18:00,target__home_clean_sheet,Home Clean Sheet,47.1,40.8,6.3,2.45,0.6485,True,30.0
sr:match:72735750,Fatih Karagumruk Istanbul,Manisa Futbol Kulubu,Fatih Karagumruk Istanbul vs Manisa Futbol Kulubu,1. Lig,2026-09-13 18:00,target__home_clean_sheet,Home Clean Sheet,45.9,35.1,10.9,2.85,0.6485,True,30.0
sr:match:72304282,FK Sutjeska Niksic,FK Decic Tuzi,FK Sutjeska Niksic vs FK Decic Tuzi,1. CFL,2026-09-13 18:00,target__home_clean_sheet,Home Clean Sheet,47.1,43.5,3.6,2.3,0.6485,True,30.0
sr:match:74111098,FC Dinamo Minsk,FC Brest,FC Dinamo Minsk vs FC Brest,Vysshaya Liga,2026-09-13 18:10,target__home_clean_sheet,Home Clean Sheet,45.9,40.0,5.9,2.5,0.6485,True,30.0
sr:match:73265302,CA Sarmiento Junin,CA Belgrano de Cordoba,CA Sarmiento Junin vs CA Belgrano de Cordoba,Primera LPF,2026-09-13 18:45,target__home_clean_sheet,Home Clean Sheet,45.9,35.7,10.2,2.8,0.6485,True,30.0
sr:match:67682030,Deportes La Serena,Universidad de Chile,Deportes La Serena vs Universidad de Chile,Primera Division,2026-09-13 19:00,target__home_clean_sheet,Home Clean Sheet,30.0,23.3,6.7,4.3,0.6485,True,30.0
sr:match:73204576,Puebla FC,Queretaro FC,Puebla FC vs Queretaro FC,"Liga MX, Women",2026-09-13 19:00,target__home_clean_sheet,Home Clean Sheet,30.2,26.7,3.5,3.75,0.6485,True,30.0
sr:match:73273734,Santa Catarina SC,CN Marcilio Dias SC,Santa Catarina SC vs CN Marcilio Dias SC,Copa Santa Catarina,2026-09-13 19:00,target__home_clean_sheet,Home Clean Sheet,45.9,36.4,9.6,2.75,0.6485,True,30.0
sr:match:74101020,Montaneses FC,Racing de Veracruz,Montaneses FC vs Racing de Veracruz,Liga Primera Premier,2026-09-13 19:00,target__home_clean_sheet,Home Clean Sheet,30.9,25.0,5.9,4.0,0.6485,True,30.0
sr:match:73217546,CA Defensores de Vilelas,Independiente de Chivilcoy,CA Defensores de Vilelas vs Independiente de Chivilcoy,Torneo Federal A,2026-09-13 19:30,target__home_clean_sheet,Home Clean Sheet,60.7,55.6,5.2,1.8,0.6485,True,30.0
sr:match:73217732,CA Germinal,Guillermo Brown,CA Germinal vs Guillermo Brown,Torneo Federal A,2026-09-13 19:30,target__home_clean_sheet,Home Clean Sheet,47.1,43.5,3.6,2.3,0.6485,True,30.0
sr:match:67117954,Club Almirante Brown,Ferro Carril Oeste,Club Almirante Brown vs Ferro Carril Oeste,Primera Nacional,2026-09-13 19:30,target__home_clean_sheet,Home Clean Sheet,60.7,46.5,14.2,2.15,0.6485,True,30.0
sr:match:73180372,Mgarr United FC,Tarxien Rainbows FC,Mgarr United FC vs Tarxien Rainbows FC,Challenge League,2026-09-13 19:30,target__home_clean_sheet,Home Clean Sheet,30.9,26.3,4.6,3.8,0.6485,True,30.0
sr:match:72477402,Tenerife CD,Leganes,Tenerife CD vs Leganes,LALIGA HYPERMOTION,2026-09-13 20:00,target__home_clean_sheet,Home Clean Sheet,45.9,40.8,5.1,2.45,0.6485,True,30.0
sr:match:74306722,Defensor Sporting,Deportivo Maldonado,Defensor Sporting vs Deportivo Maldonado,Primera Division,2026-09-13 20:00,target__home_clean_sheet,Home Clean Sheet,45.9,34.5,11.5,2.9,0.6485,True,30.0
sr:match:74270562,Aragua FC,Deportivo Miranda,Aragua FC vs Deportivo Miranda,Segunda Division,2026-09-13 20:30,target__home_clean_sheet,Home Clean Sheet,45.9,42.6,3.4,2.35,0.6485,True,30.0
sr:match:72014370,Goianesia EC GO,Gremio Anapolis GO,Goianesia EC GO vs Gremio Anapolis GO,"Goiano, 2. Divisao",2026-09-13 21:00,target__home_clean_sheet,Home Clean Sheet,60.7,54.1,6.7,1.85,0.6485,True,30.0
sr:match:68157128,New York City FC II,CT United FC,New York City FC II vs CT United FC,MLS Next Pro,2026-09-13 22:00,target__home_clean_sheet,Home Clean Sheet,30.2,20.0,10.2,5.0,0.6485,True,30.0
sr:match:72335114,Atletico Nacional,Aguilas Doradas Rionegro,Atletico Nacional vs Aguilas Doradas Rionegro,Liga DIMAYOR,2026-09-13 22:05,target__home_clean_sheet,Home Clean Sheet,60.7,53.8,7.0,1.86,0.6485,True,30.0
sr:match:68823268,Gremio Novorizontino SP,Cuiaba EC MT,Gremio Novorizontino SP vs Cuiaba EC MT,Brasileiro Serie B,2026-09-13 22:30,target__home_clean_sheet,Home Clean Sheet,60.7,52.4,8.4,1.91,0.6485,True,30.0
sr:match:68157118,Columbus Crew 2,New England Revolution II,Columbus Crew 2 vs New England Revolution II,MLS Next Pro,2026-09-13 23:00,target__home_clean_sheet,Home Clean Sheet,30.0,23.8,6.2,4.2,0.6485,True,30.0
sr:match:74306726,CA Penarol Montevideo,Albion FC,CA Penarol Montevideo vs Albion FC,Primera Division,2026-09-13 23:30,target__home_clean_sheet,Home Clean Sheet,60.7,53.8,7.0,1.86,0.6485,True,30.0
sr:match:68157136,Orlando City B,Toronto FC II,Orlando City B vs Toronto FC II,MLS Next Pro,2026-09-14 00:00,target__home_clean_sheet,Home Clean Sheet,30.9,25.0,5.9,4.0,0.6485,True,30.0
sr:match:67172928,Orange County SC,Las Vegas Lights,Orange County SC vs Las Vegas Lights,USL Championship,2026-09-13 03:00,target__home_win,Home Win,47.3,43.5,3.8,2.3,0.7212,True,44.5
sr:match:68046744,Jeonnam Dragons,Gimpo FC,Jeonnam Dragons vs Gimpo FC,K-League 2,2026-09-13 08:30,target__home_win,Home Win,34.4,28.6,5.8,3.5,0.7212,True,44.5
sr:match:72664938,Briobecca Urayasu,Verspah Oita,Briobecca Urayasu vs Verspah Oita,Japan Football League,2026-09-13 09:00,target__home_win,Home Win,47.3,35.7,11.6,2.8,0.7212,True,44.5
sr:match:72414978,Sparta Prague B,Bohemians Prague 1905 B,Sparta Prague B vs Bohemians Prague 1905 B,CFL,2026-09-13 09:15,target__home_win,Home Win,83.3,76.9,6.4,1.3,0.7212,True,44.5
sr:match:72597710,1. FC Slovacko B,MFk Karvina B,1. FC Slovacko B vs MFk Karvina B,MSFL,2026-09-13 09:15,target__home_win,Home Win,67.3,61.3,6.0,1.63,0.7212,True,44.5
sr:match:72656460,Opava B,FC Vratimov,Opava B vs FC Vratimov,Divize F,2026-09-13 09:15,target__home_win,Home Win,47.3,42.6,4.7,2.35,0.7212,True,44.5
sr:match:72305188,Slovan Bratislava B,MFk Bytca,Slovan Bratislava B vs MFk Bytca,2. Liga,2026-09-13 09:30,target__home_win,Home Win,78.5,70.9,7.6,1.41,0.7212,True,44.5
sr:match:72151970,FC Ryukyu,Kamatamare Sanuki,FC Ryukyu vs Kamatamare Sanuki,J3 League,2026-09-13 10:00,target__home_win,Home Win,54.7,50.3,4.4,1.99,0.7212,True,44.5
sr:match:72151954,Matsumoto Yamaga FC,SC Sagamihara,Matsumoto Yamaga FC vs SC Sagamihara,J3 League,2026-09-13 10:00,target__home_win,Home Win,47.3,42.6,4.7,2.35,0.7212,True,44.5
sr:match:68774322,FC Tallinn,FC Levadia Tallinn,FC Tallinn vs FC Levadia Tallinn,Esiliiga,2026-09-13 10:30,target__home_win,Home Win,34.4,29.4,5.0,3.4,0.7212,True,44.5
sr:match:72151956,AC Nagano Parceiro,Tochigi SC,AC Nagano Parceiro vs Tochigi SC,J3 League,2026-09-13 11:00,target__home_win,Home Win,34.4,27.8,6.6,3.6,0.7212,True,44.5
sr:match:68046746,Busan IPark,Gimhae FC,Busan IPark vs Gimhae FC,K-League 2,2026-09-13 11:00,target__home_win,Home Win,67.3,62.5,4.8,1.6,0.7212,True,44.5
sr:match:73204158,Rakow II Czestochowa,BKS Sparta Katowice,Rakow II Czestochowa vs BKS Sparta Katowice,"III Liga, Group 3",2026-09-13 11:00,target__home_win,Home Win,33.3,30.3,3.0,3.3,0.7212,True,44.5
sr:match:72467460,FC Twente Enschede W,Feyenoord Rotterdam,FC Twente Enschede W vs Feyenoord Rotterdam,"Eredivisie, Women",2026-09-13 11:15,target__home_win,Home Win,83.3,77.5,5.8,1.29,0.7212,True,44.5
sr:match:72500718,FC Helsingoer,Sundby BK,FC Helsingoer vs Sundby BK,3rd Division,2026-09-13 12:00,target__home_win,Home Win,67.3,64.1,3.2,1.56,0.7212,True,44.5
sr:match:74454958,Shandong Taishan B,Hangzhou Linping Wuyue,Shandong Taishan B vs Hangzhou Linping Wuyue,China League 2,2026-09-13 12:00,target__home_win,Home Win,67.3,63.3,4.1,1.58,0.7212,True,44.5
sr:match:67018508,Aasane,Frigg Oslo FK,Aasane vs Frigg Oslo FK,"1st Division, Women",2026-09-13 12:30,target__home_win,Home Win,89.5,85.5,4.0,1.17,0.7212,True,44.5
sr:match:72499034,Nykoebing FC,FA 2000,Nykoebing FC vs FA 2000,2nd Division,2026-09-13 13:00,target__home_win,Home Win,78.5,68.5,10.0,1.46,0.7212,True,44.5
sr:match:73576628,Persebaya Surabaya,Psim Yogyakarta,Persebaya Surabaya vs Psim Yogyakarta,Super League,2026-09-13 13:00,target__home_win,Home Win,67.3,58.1,9.2,1.72,0.7212,True,44.5
sr:match:73603022,Brentford U21,Everton U21,Brentford U21 vs Everton U21,U21 Premier League 2,2026-09-13 13:00,target__home_win,Home Win,54.7,50.3,4.4,1.99,0.7212,True,44.5
sr:match:72578296,Leningradets,FC Tekstilshchik Ivanovo,Leningradets vs FC Tekstilshchik Ivanovo,1. Liga,2026-09-13 13:00,target__home_win,Home Win,54.7,50.8,3.9,1.97,0.7212,True,44.5
sr:match:72942488,Chonburi FC,Rayong FC,Chonburi FC vs Rayong FC,Thai League 1,2026-09-13 13:00,target__home_win,Home Win,67.3,57.5,9.9,1.74,0.7212,True,44.5
sr:match:73062536,Selangor FC,Kuala Lumpur City FC,Selangor FC vs Kuala Lumpur City FC,Super League,2026-09-13 13:15,target__home_win,Home Win,89.5,80.0,9.5,1.25,0.7212,True,44.5
sr:match:72409934,FC Polissya Zhytomyr,FC Livyi Bereh Kyiv,FC Polissya Zhytomyr vs FC Livyi Bereh Kyiv,Premier League,2026-09-13 13:30,target__home_win,Home Win,78.5,70.4,8.1,1.42,0.7212,True,44.5
sr:match:67915852,Kjelsaas,Stjordals-Blink,Kjelsaas vs Stjordals-Blink,2nd Division Group 2,2026-09-13 13:30,target__home_win,Home Win,78.5,75.2,3.3,1.33,0.7212,True,44.5
sr:match:73293136,AC Carpi,AS Cittadella,AC Carpi vs AS Cittadella,"Serie C, Group A",2026-09-13 14:00,target__home_win,Home Win,33.3,27.8,5.6,3.6,0.7212,True,44.5
sr:match:74172392,Niki Volou 1924 PAE,Olympiacos Piraeus B,Niki Volou 1924 PAE vs Olympiacos Piraeus B,Super League 2,2026-09-13 14:00,target__home_win,Home Win,78.5,67.6,11.0,1.48,0.7212,True,44.5
sr:match:73293890,SEF Torres Sassari,AS Ostia Mare Lido Calcio,SEF Torres Sassari vs AS Ostia Mare Lido Calcio,"Serie C, Group B",2026-09-13 14:00,target__home_win,Home Win,54.7,50.0,4.7,2.0,0.7212,True,44.5
sr:match:74077596,Tampereen Ilves 2,FC Honka,Tampereen Ilves 2 vs FC Honka,Kakkonen,2026-09-13 14:00,target__home_win,Home Win,47.3,27.0,20.3,3.7,0.7212,True,44.5
sr:match:73346486,Burnley FC Women,Sunderland AFC,Burnley FC Women vs Sunderland AFC,"Super League 2, Women",2026-09-13 14:00,target__home_win,Home Win,32.1,28.6,3.5,3.5,0.7212,True,44.5
sr:match:73346484,Nottingham Forest Lfc,Watford LFC,Nottingham Forest Lfc vs Watford LFC,"Super League 2, Women",2026-09-13 14:00,target__home_win,Home Win,67.3,62.9,4.5,1.59,0.7212,True,44.5
sr:match:73346002,Everton FC Women,Charlton Athletic,Everton FC Women vs Charlton Athletic,Super League Women,2026-09-13 14:00,target__home_win,Home Win,78.5,69.4,9.1,1.44,0.7212,True,44.5
sr:match:72679156,FC Dynamo Bryansk,Dinamo Kirov,FC Dynamo Bryansk vs Dinamo Kirov,"2. Liga, Division A",2026-09-13 14:00,target__home_win,Home Win,47.3,40.0,7.3,2.5,0.7212,True,44.5
sr:match:72837762,Halide Edip Adivarspor,Belediye Kutahyaspor,Halide Edip Adivarspor vs Belediye Kutahyaspor,2. Lig,2026-09-13 14:30,target__home_win,Home Win,47.3,43.5,3.8,2.3,0.7212,True,44.5
sr:match:72735748,Igdir FK,Mardin 1969 Spor,Igdir FK vs Mardin 1969 Spor,1. Lig,2026-09-13 15:00,target__home_win,Home Win,47.3,43.5,3.8,2.3,0.7212,True,44.5
sr:match:72735764,Sivasspor,Muglaspor,Sivasspor vs Muglaspor,1. Lig,2026-09-13 15:00,target__home_win,Home Win,54.7,50.0,4.7,2.0,0.7212,True,44.5
sr:match:73068026,Juventud Torremolinos CF,Real Zaragoza,Juventud Torremolinos CF vs Real Zaragoza,Primera Federacion,2026-09-13 15:00,target__home_win,Home Win,34.4,30.3,4.1,3.3,0.7212,True,44.5
sr:match:74460146,KR Reykjavik,IA Akranes,KR Reykjavik vs IA Akranes,Besta deild,2026-09-13 15:00,target__home_win,Home Win,67.3,63.3,4.1,1.58,0.7212,True,44.5
sr:match:74460168,Valur Reykjavik,Thor Akureyri,Valur Reykjavik vs Thor Akureyri,Besta deild,2026-09-13 15:00,target__home_win,Home Win,67.3,63.3,4.1,1.58,0.7212,True,44.5
sr:match:72963766,US Mondorf-Les-Bains,FC Una Strassen,US Mondorf-Les-Bains vs FC Una Strassen,Division Nationale,2026-09-13 15:00,target__home_win,Home Win,32.1,28.6,3.5,3.5,0.7212,True,44.5
sr:match:69343106,FC Kairat Almaty,Tobol Kostanay,FC Kairat Almaty vs Tobol Kostanay,Premier League,2026-09-13 15:00,target__home_win,Home Win,78.5,71.4,7.1,1.4,0.7212,True,44.5
sr:match:72466498,Marek Dupnica,FC Pirin Blagoevgrad,Marek Dupnica vs FC Pirin Blagoevgrad,Vtora Liga,2026-09-13 15:00,target__home_win,Home Win,78.5,71.4,7.1,1.4,0.7212,True,44.5
sr:match:72652032,Grasshopper Zurich,FC Luzern,Grasshopper Zurich vs FC Luzern,"Super League, Women",2026-09-13 15:00,target__home_win,Home Win,78.5,69.4,9.1,1.44,0.7212,True,44.5
sr:match:72656456,SK Sulko Zabreh,FK Sumperk,SK Sulko Zabreh vs FK Sumperk,Divize F,2026-09-13 15:00,target__home_win,Home Win,47.3,43.5,3.8,2.3,0.7212,True,44.5
sr:match:72176944,FC Luzern,Basel,FC Luzern vs Basel,Super League,2026-09-13 15:30,target__home_win,Home Win,54.7,46.5,8.2,2.15,0.7212,True,44.5
sr:match:73217730,Fadep,Deportivo Rincon,Fadep vs Deportivo Rincon,Torneo Federal A,2026-09-13 15:30,target__home_win,Home Win,54.7,50.0,4.7,2.0,0.7212,True,44.5
sr:match:72409680,FSC Bukovyna Chernivtsi,FC Zorya Luhansk,FSC Bukovyna Chernivtsi vs FC Zorya Luhansk,Premier League,2026-09-13 16:00,target__home_win,Home Win,47.3,41.7,5.6,2.4,0.7212,True,44.5
sr:match:67018164,Egersunds IK,Kongsvinger IL Toppfotball,Egersunds IK vs Kongsvinger IL Toppfotball,1st Division,2026-09-13 16:00,target__home_win,Home Win,33.3,28.6,4.8,3.5,0.7212,True,44.5
sr:match:67018168,Moss FK,FK Haugesund,Moss FK vs FK Haugesund,1st Division,2026-09-13 16:00,target__home_win,Home Win,28.1,21.3,6.8,4.7,0.7212,True,44.5
sr:match:67018174,Sogndal Fotball,Stroemmen IF,Sogndal Fotball vs Stroemmen IF,1st Division,2026-09-13 16:00,target__home_win,Home Win,67.3,51.5,15.8,1.94,0.7212,True,44.5
sr:match:74172384,Panserraikos FC,Asteras Tripolis B,Panserraikos FC vs Asteras Tripolis B,Super League 2,2026-09-13 16:00,target__home_win,Home Win,78.5,70.9,7.6,1.41,0.7212,True,44.5
sr:match:72042252,FK Zeleziarne Podbrezova,KFC Komarno,FK Zeleziarne Podbrezova vs KFC Komarno,Superliga,2026-09-13 16:00,target__home_win,Home Win,54.7,50.0,4.7,2.0,0.7212,True,44.5
sr:match:72517228,Star Starachowice,KS Wisloka Debica,Star Starachowice vs KS Wisloka Debica,"III Liga, Group 4",2026-09-13 16:00,target__home_win,Home Win,47.3,42.6,4.7,2.35,0.7212,True,44.5
sr:match:74111096,Bate Borisov,Naftan Novopolotsk,Bate Borisov vs Naftan Novopolotsk,Vysshaya Liga,2026-09-13 16:00,target__home_win,Home Win,78.5,69.9,8.6,1.43,0.7212,True,44.5
sr:match:74441300,Aduana FC,FC Samartex,Aduana FC vs FC Samartex,Premier League,2026-09-13 16:00,target__home_win,Home Win,67.3,52.4,15.0,1.91,0.7212,True,44.5
sr:match:74441302,Swedru All Blacks,Debibi United FC,Swedru All Blacks vs Debibi United FC,Premier League,2026-09-13 16:00,target__home_win,Home Win,54.7,51.3,3.4,1.95,0.7212,True,44.5
sr:match:73206460,Hajer FC,AL Jabalain FC,Hajer FC vs AL Jabalain FC,Division 1,2026-09-13 16:30,target__home_win,Home Win,34.4,26.3,8.1,3.8,0.7212,True,44.5
sr:match:73206462,AL Saqer FC,AL Anwar,AL Saqer FC vs AL Anwar,Division 1,2026-09-13 16:50,target__home_win,Home Win,47.3,43.5,3.8,2.3,0.7212,True,44.5
sr:match:74306724,CA Juventud de Las Piedras,Danubio FC,CA Juventud de Las Piedras vs Danubio FC,Primera Division,2026-09-13 17:00,target__home_win,Home Win,54.7,50.0,4.7,2.0,0.7212,True,44.5
sr:match:72939198,Caldas SC,GD Vitoria Sernache,Caldas SC vs GD Vitoria Sernache,Liga Portugal 3,2026-09-13 17:00,target__home_win,Home Win,54.7,50.5,4.2,1.98,0.7212,True,44.5
sr:match:67920642,Stabaek Fotball 2,Vindbjart FK,Stabaek Fotball 2 vs Vindbjart FK,"3. Division, Group 4",2026-09-13 17:00,target__home_win,Home Win,25.0,21.3,3.7,4.7,0.7212,True,44.5
sr:match:72498238,Valletta FC,Balzan FC,Valletta FC vs Balzan FC,Premier League,2026-09-13 17:00,target__home_win,Home Win,67.3,58.8,8.5,1.7,0.7212,True,44.5
sr:match:72723208,Galatasaray Istanbul,Kocaelispor,Galatasaray Istanbul vs Kocaelispor,Super Lig,2026-09-13 18:00,target__home_win,Home Win,78.5,74.1,4.4,1.35,0.7212,True,44.5
sr:match:72735752,Bursaspor,Esenler Erokspor,Bursaspor vs Esenler Erokspor,1. Lig,2026-09-13 18:00,target__home_win,Home Win,67.3,56.8,10.5,1.76,0.7212,True,44.5
sr:match:72735750,Fatih Karagumruk Istanbul,Manisa Futbol Kulubu,Fatih Karagumruk Istanbul vs Manisa Futbol Kulubu,1. Lig,2026-09-13 18:00,target__home_win,Home Win,54.7,51.3,3.4,1.95,0.7212,True,44.5
sr:match:72474952,Deportivo Mixco,Aurora FC,Deportivo Mixco vs Aurora FC,Liga Nacional,2026-09-13 18:00,target__home_win,Home Win,78.5,68.0,10.5,1.47,0.7212,True,44.5
sr:match:74111098,FC Dinamo Minsk,FC Brest,FC Dinamo Minsk vs FC Brest,Vysshaya Liga,2026-09-13 18:10,target__home_win,Home Win,54.7,51.3,3.4,1.95,0.7212,True,44.5
sr:match:72302140,Patro Eisden Maasmechelen,KAS Eupen,Patro Eisden Maasmechelen vs KAS Eupen,Challenger Pro League,2026-09-13 18:15,target__home_win,Home Win,47.3,43.5,3.8,2.3,0.7212,True,44.5
sr:match:71998186,Botev Plovdiv,PFC Lokomotiv Plovdiv,Botev Plovdiv vs PFC Lokomotiv Plovdiv,Parva Liga,2026-09-13 18:30,target__home_win,Home Win,67.3,57.5,9.9,1.74,0.7212,True,44.5
sr:match:72491320,SD Eibar,FC Badalona Women,SD Eibar vs FC Badalona Women,Primera Division Women,2026-09-13 18:30,target__home_win,Home Win,34.4,31.2,3.1,3.2,0.7212,True,44.5
sr:match:71936118,Sport Boys Association,Deportivo Garcilaso,Sport Boys Association vs Deportivo Garcilaso,Liga 1,2026-09-13 19:00,target__home_win,Home Win,67.3,57.5,9.9,1.74,0.7212,True,44.5
sr:match:68098132,San Marcos de Arica,Curico Unido,San Marcos de Arica vs Curico Unido,Primera B,2026-09-13 19:00,target__home_win,Home Win,67.3,59.5,7.8,1.68,0.7212,True,44.5
sr:match:67119732,Argentino de Quilmes,Deportivo Merlo,Argentino de Quilmes vs Deportivo Merlo,Primera B,2026-09-13 19:00,target__home_win,Home Win,47.3,43.5,3.8,2.3,0.7212,True,44.5
sr:match:67919880,Ranheim 2,Byaasen,Ranheim 2 vs Byaasen,"3. Division, Group 2",2026-09-13 19:00,target__home_win,Home Win,54.7,51.0,3.7,1.96,0.7212,True,44.5
sr:match:74225694,EC Pelotas RS,EC Guarani RS,EC Pelotas RS vs EC Guarani RS,"Gaucho, Serie A2",2026-09-13 19:00,target__home_win,Home Win,78.5,67.1,11.4,1.49,0.7212,True,44.5
sr:match:74203134,AL Karkh,Duhok FC,AL Karkh vs Duhok FC,Stars League,2026-09-13 19:00,target__home_win,Home Win,34.4,31.2,3.1,3.2,0.7212,True,44.5
sr:match:74203136,AL Naft Maysan,AL Talaba,AL Naft Maysan vs AL Talaba,Stars League,2026-09-13 19:00,target__home_win,Home Win,33.3,30.3,3.0,3.3,0.7212,True,44.5
sr:match:74101020,Montaneses FC,Racing de Veracruz,Montaneses FC vs Racing de Veracruz,Liga Primera Premier,2026-09-13 19:00,target__home_win,Home Win,32.1,28.6,3.5,3.5,0.7212,True,44.5
sr:match:72936048,Panathinaikos,Panaitolikos Agrinio,Panathinaikos vs Panaitolikos Agrinio,Super League,2026-09-13 19:30,target__home_win,Home Win,78.5,74.6,3.9,1.34,0.7212,True,44.5
sr:match:67117950,CA Estudiantes,CA Acassuso,CA Estudiantes vs CA Acassuso,Primera Nacional,2026-09-13 19:30,target__home_win,Home Win,67.3,61.7,5.6,1.62,0.7212,True,44.5
sr:match:73180372,Mgarr United FC,Tarxien Rainbows FC,Mgarr United FC vs Tarxien Rainbows FC,Challenge League,2026-09-13 19:30,target__home_win,Home Win,47.3,40.8,6.5,2.45,0.7212,True,44.5
sr:match:73180378,Zebbug Rangers FC,Fgura United FC,Zebbug Rangers FC vs Fgura United FC,Challenge League,2026-09-13 19:30,target__home_win,Home Win,28.1,20.8,7.3,4.8,0.7212,True,44.5
sr:match:74448048,FK Velez Mostar,FK Sarajevo,FK Velez Mostar vs FK Sarajevo,Premijer Liga,2026-09-13 19:45,target__home_win,Home Win,34.4,30.3,4.1,3.3,0.7212,True,44.5
sr:match:73293150,AC Trento,Union Brescia,AC Trento vs Union Brescia,"Serie C, Group A",2026-09-13 20:00,target__home_win,Home Win,34.4,28.6,5.8,3.5,0.7212,True,44.5
sr:match:67118652,Gimnasia y Esgrima de Jujuy,Atletico de Rafaela,Gimnasia y Esgrima de Jujuy vs Atletico de Rafaela,Primera Nacional,2026-09-13 20:00,target__home_win,Home Win,67.3,56.5,10.8,1.77,0.7212,True,44.5
sr:match:73217382,CSB Atenas,Juventud Antoniana,CSB Atenas vs Juventud Antoniana,Torneo Federal A,2026-09-13 20:30,target__home_win,Home Win,67.3,62.9,4.5,1.59,0.7212,True,44.5
sr:match:74099696,Atletico El Vigia,Yaracuyanos FC,Atletico El Vigia vs Yaracuyanos FC,Segunda Division,2026-09-13 20:30,target__home_win,Home Win,47.3,43.5,3.8,2.3,0.7212,True,44.5
sr:match:73217310,CA 9 de Julio Rafaela,CA Bartolome Mitre,CA 9 de Julio Rafaela vs CA Bartolome Mitre,Torneo Federal A,2026-09-13 21:00,target__home_win,Home Win,78.5,68.5,10.0,1.46,0.7212,True,44.5
sr:match:72014370,Goianesia EC GO,Gremio Anapolis GO,Goianesia EC GO vs Gremio Anapolis GO,"Goiano, 2. Divisao",2026-09-13 21:00,target__home_win,Home Win,78.5,71.9,6.6,1.39,0.7212,True,44.5
sr:match:73896272,CDU San Martin,AD Cantolao,CDU San Martin vs AD Cantolao,Liga 2,2026-09-13 21:15,target__home_win,Home Win,78.9,73.5,5.4,1.36,0.7212,True,44.5
sr:match:67682026,Colo-Colo,Deportes Concepcion,Colo-Colo vs Deportes Concepcion,Primera Division,2026-09-13 21:30,target__home_win,Home Win,78.5,71.4,7.1,1.4,0.7212,True,44.5
sr:match:68687898,CSD Macara,CS Emelec,CSD Macara vs CS Emelec,LigaPro Primera A,2026-09-13 21:30,target__home_win,Home Win,54.7,50.8,3.9,1.97,0.7212,True,44.5
sr:match:72661220,Herrera FC,Umecit,Herrera FC vs Umecit,Liga Panamena,2026-09-13 22:00,target__home_win,Home Win,34.4,28.6,5.8,3.5,0.7212,True,44.5
sr:match:73075274,CD Fuerte San Francisco Morazan,Municipal Limeno,CD Fuerte San Francisco Morazan vs Municipal Limeno,Primera Division,2026-09-13 22:00,target__home_win,Home Win,34.4,30.0,4.3,3.33,0.7212,True,44.5
sr:match:72335114,Atletico Nacional,Aguilas Doradas Rionegro,Atletico Nacional vs Aguilas Doradas Rionegro,Liga DIMAYOR,2026-09-13 22:05,target__home_win,Home Win,78.5,72.5,6.1,1.38,0.7212,True,44.5
sr:match:73038552,Rubio Nu,Nacional Asuncion,Rubio Nu vs Nacional Asuncion,Division de Honor,2026-09-13 22:30,target__home_win,Home Win,33.3,27.8,5.6,3.6,0.7212,True,44.5
sr:match:67172252,Portland Hearts of Pine,Av Alta FC,Portland Hearts of Pine vs Av Alta FC,USL League One,2026-09-13 23:00,target__home_win,Home Win,54.7,51.3,3.4,1.95,0.7212,True,44.5
sr:match:74306726,CA Penarol Montevideo,Albion FC,CA Penarol Montevideo vs Albion FC,Primera Division,2026-09-13 23:30,target__home_win,Home Win,78.5,68.0,10.5,1.47,0.7212,True,44.5
sr:match:68157132,Inter Miami CF II,Huntsville City FC,Inter Miami CF II vs Huntsville City FC,MLS Next Pro,2026-09-14 00:00,target__home_win,Home Win,28.1,24.4,3.7,4.1,0.7212,True,44.5
sr:match:73204580,Atletico San Luis,Club Santos Laguna,Atletico San Luis vs Club Santos Laguna,"Liga MX, Women",2026-09-14 00:00,target__home_win,Home Win,67.3,63.7,3.7,1.57,0.7212,True,44.5
sr:match:68157140,Sporting Kansas City II,Los Angeles FC 2,Sporting Kansas City II vs Los Angeles FC 2,MLS Next Pro,2026-09-14 01:00,target__home_win,Home Win,34.4,27.0,7.3,3.7,0.7212,True,44.5
sr:match:66299540,Los Angeles Galaxy,Seattle Sounders,Los Angeles Galaxy vs Seattle Sounders,MLS,2026-09-13 03:30,target__ht_away_win,HT Away Win,54.0,29.4,24.6,3.4,0.6617,True,26.6
sr:match:72055164,CF Cruz Azul,CF America,CF Cruz Azul vs CF America,Liga MX,2026-09-13 04:15,target__ht_away_win,HT Away Win,51.6,31.2,20.4,3.2,0.6617,True,26.6
sr:match:74403226,Canberra Croatia FC,Belconnen United,Canberra Croatia FC vs Belconnen United,"Capital NPL, Women",2026-09-13 07:00,target__ht_away_win,HT Away Win,54.0,48.8,5.2,2.05,0.6617,True,26.6
sr:match:67817878,Gimcheon Sangmu FC,Gangwon FC,Gimcheon Sangmu FC vs Gangwon FC,K-League 1,2026-09-13 08:30,target__ht_away_win,HT Away Win,33.7,28.6,5.2,3.5,0.6617,True,26.6
sr:match:72149718,Urawa Red Diamonds,Fagiano Okayama,Urawa Red Diamonds vs Fagiano Okayama,J1 League,2026-09-13 10:30,target__ht_away_win,HT Away Win,33.7,27.8,6.0,3.6,0.6617,True,26.6
sr:match:68774328,FC Nomme United,Viimsi JK,FC Nomme United vs Viimsi JK,Esiliiga,2026-09-13 10:30,target__ht_away_win,HT Away Win,54.0,50.5,3.5,1.98,0.6617,True,26.6
sr:match:74111092,FC Isloch,FC Gomel,FC Isloch vs FC Gomel,Vysshaya Liga,2026-09-13 11:00,target__ht_away_win,HT Away Win,27.4,23.8,3.6,4.2,0.6617,True,26.6
sr:match:72041132,Excelsior Rotterdam,FC Utrecht,Excelsior Rotterdam vs FC Utrecht,Eredivisie,2026-09-13 11:15,target__ht_away_win,HT Away Win,60.0,28.6,31.4,3.5,0.6617,True,26.6
sr:match:72499030,Naestved BK,Thisted FC,Naestved BK vs Thisted FC,2nd Division,2026-09-13 12:00,target__ht_away_win,HT Away Win,21.7,18.2,3.5,5.5,0.6617,True,26.6
sr:match:68378018,Astorps FF,Qviding FIF,Astorps FF vs Qviding FIF,Division 2,2026-09-13 12:00,target__ht_away_win,HT Away Win,33.7,30.0,3.7,3.33,0.6617,True,26.6
sr:match:69343104,FC Irtysh Pavlodar,FC Okzhetpes,FC Irtysh Pavlodar vs FC Okzhetpes,Premier League,2026-09-13 12:00,target__ht_away_win,HT Away Win,33.7,30.3,3.4,3.3,0.6617,True,26.6
sr:match:74454960,Shenzhen 2028 FC,Shanxi Chongde Ronghai,Shenzhen 2028 FC vs Shanxi Chongde Ronghai,China League 2,2026-09-13 12:30,target__ht_away_win,HT Away Win,33.7,26.3,7.4,3.8,0.6617,True,26.6
sr:match:73062400,Sabah FC,Brunei DPMM FC,Sabah FC vs Brunei DPMM FC,Super League,2026-09-13 12:30,target__ht_away_win,HT Away Win,27.4,21.7,5.6,4.6,0.6617,True,26.6
sr:match:73601720,Queens Park Rangers U21,Fleetwood Town U21,Queens Park Rangers U21 vs Fleetwood Town U21,U21 Professional Development League,2026-09-13 13:00,target__ht_away_win,HT Away Win,33.7,29.4,4.3,3.4,0.6617,True,26.6
sr:match:74299672,Kuopion Palloseura,HJK Helsinki,Kuopion Palloseura vs HJK Helsinki,Veikkausliiga,2026-09-13 13:00,target__ht_away_win,HT Away Win,42.4,27.8,14.6,3.6,0.6617,True,26.6
sr:match:74111094,FC Dnepr Mogilev,Maxline Vitebsk,FC Dnepr Mogilev vs Maxline Vitebsk,Vysshaya Liga,2026-09-13 13:00,target__ht_away_win,HT Away Win,60.0,55.9,4.1,1.79,0.6617,True,26.6
sr:match:71998198,PFC Slavia Sofia,FK Spartak 1918 Varna,PFC Slavia Sofia vs FK Spartak 1918 Varna,Parva Liga,2026-09-13 13:15,target__ht_away_win,HT Away Win,27.4,23.3,4.1,4.3,0.6617,True,26.6
sr:match:72221258,Coventry City,Brighton,Coventry City vs Brighton,Premier League,2026-09-13 14:00,target__ht_away_win,HT Away Win,54.0,40.0,14.0,2.5,0.6617,True,26.6
sr:match:67126358,IFK Norrkoping FK,IK Oddevold,IFK Norrkoping FK vs IK Oddevold,Superettan,2026-09-13 14:00,target__ht_away_win,HT Away Win,21.7,16.9,4.7,5.9,0.6617,True,26.6
sr:match:72837760,Serik Belediyespor,Inegolspor,Serik Belediyespor vs Inegolspor,2. Lig,2026-09-13 14:00,target__ht_away_win,HT Away Win,33.7,22.7,11.0,4.4,0.6617,True,26.6
sr:match:73346482,Southampton FC,Ipswich Town Lfc,Southampton FC vs Ipswich Town Lfc,"Super League 2, Women",2026-09-13 14:00,target__ht_away_win,HT Away Win,33.7,20.8,12.9,4.8,0.6617,True,26.6
sr:match:72700536,AJ Auxerre,OGC Nice,AJ Auxerre vs OGC Nice,"Seconde Ligue, Women",2026-09-13 14:00,target__ht_away_win,HT Away Win,33.7,24.4,9.3,4.1,0.6617,True,26.6
sr:match:72513186,RB Leipzig,Hamburger SV,RB Leipzig vs Hamburger SV,Bundesliga,2026-09-13 14:30,target__ht_away_win,HT Away Win,21.7,14.8,6.8,6.75,0.6617,True,26.6
sr:match:72837158,Aliaga Futbol,Isparta 32 Spor,Aliaga Futbol vs Isparta 32 Spor,2. Lig,2026-09-13 14:30,target__ht_away_win,HT Away Win,42.4,27.8,14.6,3.6,0.6617,True,26.6
sr:match:71925016,Randers FC,Odense Boldklub,Randers FC vs Odense Boldklub,Superliga,2026-09-13 15:00,target__ht_away_win,HT Away Win,33.7,27.0,6.7,3.7,0.6617,True,26.6
sr:match:68320976,Falu BS FK,Taby FK,Falu BS FK vs Taby FK,Division 2,2026-09-13 15:00,target__ht_away_win,HT Away Win,33.7,25.0,8.7,4.0,0.6617,True,26.6
sr:match:67916110,Arendal FK,Kvik Halden FK,Arendal FK vs Kvik Halden FK,2nd Division Group 1,2026-09-13 15:00,target__ht_away_win,HT Away Win,33.7,28.6,5.2,3.5,0.6617,True,26.6
sr:match:74460146,KR Reykjavik,IA Akranes,KR Reykjavik vs IA Akranes,Besta deild,2026-09-13 15:00,target__ht_away_win,HT Away Win,33.7,24.4,9.3,4.1,0.6617,True,26.6
sr:match:74460168,Valur Reykjavik,Thor Akureyri,Valur Reykjavik vs Thor Akureyri,Besta deild,2026-09-13 15:00,target__ht_away_win,HT Away Win,27.4,22.7,4.7,4.4,0.6617,True,26.6
sr:match:72044648,FC Volendam,FC Den Bosch,FC Volendam vs FC Den Bosch,Eerste Divisie,2026-09-13 15:45,target__ht_away_win,HT Away Win,27.4,23.8,3.6,4.2,0.6617,True,26.6
sr:match:72467462,de Graafschap,ADO Den Haag,de Graafschap vs ADO Den Haag,"Eredivisie, Women",2026-09-13 15:45,target__ht_away_win,HT Away Win,33.7,27.8,6.0,3.6,0.6617,True,26.6
sr:match:67015376,KFUM Oslo,Aalesunds FK,KFUM Oslo vs Aalesunds FK,Eliteserien,2026-09-13 16:00,target__ht_away_win,HT Away Win,55.2,31.2,23.9,3.2,0.6617,True,26.6
sr:match:67018170,Ranheim,Aasane Fotball,Ranheim vs Aasane Fotball,1st Division,2026-09-13 16:00,target__ht_away_win,HT Away Win,33.7,23.3,10.5,4.3,0.6617,True,26.6
sr:match:67018176,Stroemsgodset IF,Sandnes Ulf,Stroemsgodset IF vs Sandnes Ulf,1st Division,2026-09-13 16:00,target__ht_away_win,HT Away Win,21.8,15.9,5.9,6.3,0.6617,True,26.6
sr:match:72607976,FK Teplice,Slavia Prague,FK Teplice vs Slavia Prague,1. Liga,2026-09-13 17:00,target__ht_away_win,HT Away Win,54.0,48.8,5.2,2.05,0.6617,True,26.6
sr:match:72203052,SV Zulte Waregem,Royal Charleroi SC,SV Zulte Waregem vs Royal Charleroi SC,Pro League,2026-09-13 17:30,target__ht_away_win,HT Away Win,42.4,31.2,11.2,3.2,0.6617,True,26.6
sr:match:72530912,FC Arouca,Santa Clara Azores,FC Arouca vs Santa Clara Azores,Liga Portugal,2026-09-13 18:00,target__ht_away_win,HT Away Win,42.4,27.0,15.4,3.7,0.6617,True,26.6
sr:match:72723202,Amed Sportif Faaliyetler,Istanbul BB,Amed Sportif Faaliyetler vs Istanbul BB,Super Lig,2026-09-13 18:00,target__ht_away_win,HT Away Win,55.2,30.3,24.9,3.3,0.6617,True,26.6
sr:match:74111098,FC Dinamo Minsk,FC Brest,FC Dinamo Minsk vs FC Brest,Vysshaya Liga,2026-09-13 18:10,target__ht_away_win,HT Away Win,33.7,23.3,10.5,4.3,0.6617,True,26.6
sr:match:67015372,Fredrikstad FK,Sarpsborg 08,Fredrikstad FK vs Sarpsborg 08,Eliteserien,2026-09-13 18:15,target__ht_away_win,HT Away Win,54.0,30.0,23.9,3.33,0.6617,True,26.6
sr:match:72203054,RAAL La Louviere,KV Kortrijk,RAAL La Louviere vs KV Kortrijk,Pro League,2026-09-13 18:15,target__ht_away_win,HT Away Win,33.7,28.6,5.2,3.5,0.6617,True,26.6
sr:match:72398672,Sandecja Nowy Sacz,Slask II Wroclaw,Sandecja Nowy Sacz vs Slask II Wroclaw,II Liga,2026-09-13 18:30,target__ht_away_win,HT Away Win,22.6,19.6,3.0,5.1,0.6617,True,26.6
sr:match:73896268,Deportivo Llacuabamba,Pirata FC,Deportivo Llacuabamba vs Pirata FC,Liga 2,2026-09-13 19:00,target__ht_away_win,HT Away Win,22.6,19.0,3.6,5.25,0.6617,True,26.6
sr:match:67123444,Defensores de Cambaceres,CS Barracas,Defensores de Cambaceres vs CS Barracas,Primera C,2026-09-13 19:00,target__ht_away_win,HT Away Win,33.7,27.8,6.0,3.6,0.6617,True,26.6
sr:match:72278468,NK Radomlje,NK Maribor,NK Radomlje vs NK Maribor,PrvaLiga,2026-09-13 19:15,target__ht_away_win,HT Away Win,54.0,46.5,7.5,2.15,0.6617,True,26.6
sr:match:73217380,Club Cipolletti,CA Alvarado,Club Cipolletti vs CA Alvarado,Torneo Federal A,2026-09-13 19:30,target__ht_away_win,HT Away Win,33.7,30.3,3.4,3.3,0.6617,True,26.6
sr:match:73217550,Gimnasia y Esgrima de Concepcion del Uruguay,CA Sarmiento de Resistencia,Gimnasia y Esgrima de Concepcion del Uruguay vs CA Sarmiento de Resistencia,Torneo Federal A,2026-09-13 19:30,target__ht_away_win,HT Away Win,21.7,17.5,4.1,5.7,0.6617,True,26.6
sr:match:73068016,Atletico Madrid B,Real Murcia CF,Atletico Madrid B vs Real Murcia CF,Primera Federacion,2026-09-13 19:30,target__ht_away_win,HT Away Win,33.7,28.6,5.2,3.5,0.6617,True,26.6
sr:match:72478560,Real Sociedad,Atletico Madrid,Real Sociedad vs Atletico Madrid,LaLiga,2026-09-13 20:00,target__ht_away_win,HT Away Win,54.0,34.5,19.5,2.9,0.6617,True,26.6
sr:match:68157126,Chicago Fire FC II,Philadelphia Union II,Chicago Fire FC II vs Philadelphia Union II,MLS Next Pro,2026-09-13 20:00,target__ht_away_win,HT Away Win,33.7,30.0,3.7,3.33,0.6617,True,26.6
sr:match:74244346,Ferroviaria SP,Paysandu SC PA,Ferroviaria SP vs Paysandu SC PA,Brasileiro Serie C,2026-09-13 20:00,target__ht_away_win,HT Away Win,33.7,25.6,8.1,3.9,0.6617,True,26.6
sr:match:72530918,FC Famalicao,Sporting,FC Famalicao vs Sporting,Liga Portugal,2026-09-13 20:30,target__ht_away_win,HT Away Win,54.0,48.8,5.2,2.05,0.6617,True,26.6
sr:match:72636202,Boca Juniors de Cali,CD Real Santander,Boca Juniors de Cali vs CD Real Santander,Torneo DIMAYOR,2026-09-13 21:30,target__ht_away_win,HT Away Win,33.7,28.6,5.2,3.5,0.6617,True,26.6
sr:match:71936104,Alianza Lima,Universitario de Deportes,Alianza Lima vs Universitario de Deportes,Liga 1,2026-09-13 02:00,target__ht_draw,HT Draw,60.0,52.1,7.9,1.92,0.5904,True,39.0
sr:match:74325108,FC Motagua Tegucigalpa,FC Policia Nacional,FC Motagua Tegucigalpa vs FC Policia Nacional,Liga Nacional,2026-09-13 02:30,target__ht_draw,HT Draw,47.6,42.6,5.0,2.35,0.5904,True,39.0
sr:match:74403226,Canberra Croatia FC,Belconnen United,Canberra Croatia FC vs Belconnen United,"Capital NPL, Women",2026-09-13 07:00,target__ht_draw,HT Draw,47.6,42.6,5.0,2.35,0.5904,True,39.0
sr:match:67817878,Gimcheon Sangmu FC,Gangwon FC,Gimcheon Sangmu FC vs Gangwon FC,K-League 1,2026-09-13 08:30,target__ht_draw,HT Draw,60.0,48.8,11.2,2.05,0.5904,True,39.0
sr:match:68916456,Yangpyeong FC,Pocheon Citizen FC,Yangpyeong FC vs Pocheon Citizen FC,K3 League,2026-09-13 09:00,target__ht_draw,HT Draw,47.6,43.5,4.1,2.3,0.5904,True,39.0
sr:match:72597698,MFK Havirov,TJ Unie Hlubina,MFK Havirov vs TJ Unie Hlubina,MSFL,2026-09-13 09:15,target__ht_draw,HT Draw,47.6,41.7,5.9,2.4,0.5904,True,39.0
sr:match:72440654,FC Liefering,SKN St Polten,FC Liefering vs SKN St Polten,2. Liga,2026-09-13 09:30,target__ht_draw,HT Draw,45.6,40.8,4.8,2.45,0.5904,True,39.0
sr:match:72151128,Vegalta Sendai,Hokkaido Consadole Sapporo,Vegalta Sendai vs Hokkaido Consadole Sapporo,J2 League,2026-09-13 10:00,target__ht_draw,HT Draw,47.6,44.4,3.1,2.25,0.5904,True,39.0
sr:match:68774328,FC Nomme United,Viimsi JK,FC Nomme United vs Viimsi JK,Esiliiga,2026-09-13 10:30,target__ht_draw,HT Draw,47.6,37.0,10.5,2.7,0.5904,True,39.0
sr:match:67817880,Gwangju FC,FC Anyang,Gwangju FC vs FC Anyang,K-League 1,2026-09-13 11:00,target__ht_draw,HT Draw,60.0,45.5,14.5,2.2,0.5904,True,39.0
sr:match:72531576,AVS Futebol SAD,SC Farense,AVS Futebol SAD vs SC Farense,Liga Portugal 2,2026-09-13 11:00,target__ht_draw,HT Draw,60.0,50.0,10.0,2.0,0.5904,True,39.0
sr:match:72607970,FC Banik Ostrava,FK Pardubice,FC Banik Ostrava vs FK Pardubice,1. Liga,2026-09-13 12:00,target__ht_draw,HT Draw,47.6,44.4,3.1,2.25,0.5904,True,39.0
sr:match:72500712,ASA Aarhus,Naesby BK,ASA Aarhus vs Naesby BK,3rd Division,2026-09-13 12:00,target__ht_draw,HT Draw,47.6,41.7,5.9,2.4,0.5904,True,39.0
sr:match:72500716,Holstebro BK,BK Frem,Holstebro BK vs BK Frem,3rd Division,2026-09-13 12:00,target__ht_draw,HT Draw,47.6,41.7,5.9,2.4,0.5904,True,39.0
sr:match:72500714,Ringsted IF,Bronshoj BK,Ringsted IF vs Bronshoj BK,3rd Division,2026-09-13 12:00,target__ht_draw,HT Draw,47.6,42.6,5.0,2.35,0.5904,True,39.0
sr:match:72513868,VfL 1899 Osnabruck,Hertha,VfL 1899 Osnabruck vs Hertha,2. Bundesliga,2026-09-13 12:30,target__ht_draw,HT Draw,47.6,40.8,6.8,2.45,0.5904,True,39.0
sr:match:73550100,Young Lions FC,Albirex Niigata Singapore FC,Young Lions FC vs Albirex Niigata Singapore FC,Premier League,2026-09-13 12:30,target__ht_draw,HT Draw,37.7,32.3,5.5,3.1,0.5904,True,39.0
sr:match:71925014,Silkeborg IF,Viborg FF,Silkeborg IF vs Viborg FF,Superliga,2026-09-13 13:00,target__ht_draw,HT Draw,47.6,40.0,7.6,2.5,0.5904,True,39.0
sr:match:72578308,FK Ufa,FC Volga Ulyanovsk,FK Ufa vs FC Volga Ulyanovsk,1. Liga,2026-09-13 13:00,target__ht_draw,HT Draw,60.0,50.0,10.0,2.0,0.5904,True,39.0
sr:match:68320360,Ahlafors IF,Husqvarna FF,Ahlafors IF vs Husqvarna FF,Division 2,2026-09-13 13:00,target__ht_draw,HT Draw,45.6,42.6,3.1,2.35,0.5904,True,39.0
sr:match:74111094,FC Dnepr Mogilev,Maxline Vitebsk,FC Dnepr Mogilev vs Maxline Vitebsk,Vysshaya Liga,2026-09-13 13:00,target__ht_draw,HT Draw,45.6,40.0,5.6,2.5,0.5904,True,39.0
sr:match:72674260,FC St. Pauli II,Eintracht Norderstedt,FC St. Pauli II vs Eintracht Norderstedt,Regionalliga North,2026-09-13 13:00,target__ht_draw,HT Draw,47.6,40.0,7.6,2.5,0.5904,True,39.0
sr:match:72409934,FC Polissya Zhytomyr,FC Livyi Bereh Kyiv,FC Polissya Zhytomyr vs FC Livyi Bereh Kyiv,Premier League,2026-09-13 13:30,target__ht_draw,HT Draw,45.6,41.7,4.0,2.4,0.5904,True,39.0
sr:match:72345502,FK Austria Wien,Austria Lustenau,FK Austria Wien vs Austria Lustenau,Bundesliga,2026-09-13 13:30,target__ht_draw,HT Draw,47.6,43.5,4.1,2.3,0.5904,True,39.0
sr:match:72230744,KS Lechia Gdansk,Miedz Legnica,KS Lechia Gdansk vs Miedz Legnica,1. Liga,2026-09-13 13:30,target__ht_draw,HT Draw,47.6,41.7,5.9,2.4,0.5904,True,39.0
sr:match:67915852,Kjelsaas,Stjordals-Blink,Kjelsaas vs Stjordals-Blink,2nd Division Group 2,2026-09-13 13:30,target__ht_draw,HT Draw,45.6,34.5,11.1,2.9,0.5904,True,39.0
sr:match:68320972,Angby IF,IK Franke,Angby IF vs IK Franke,Division 2,2026-09-13 14:00,target__ht_draw,HT Draw,45.6,40.8,4.8,2.45,0.5904,True,39.0
sr:match:74457620,Sol de America Villa Elisa,Club Fernando de La Mora,Sol de America Villa Elisa vs Club Fernando de La Mora,Division Intermedia,2026-09-13 14:00,target__ht_draw,HT Draw,60.0,50.0,10.0,2.0,0.5904,True,39.0
sr:match:73258816,Siwelele FC,Lamontville Golden Arrows,Siwelele FC vs Lamontville Golden Arrows,Premiership,2026-09-13 14:00,target__ht_draw,HT Draw,64.2,53.5,10.8,1.87,0.5904,True,39.0
sr:match:73019560,Pamba Jiji SC,TRA United Sports Club,Pamba Jiji SC vs TRA United Sports Club,Premier League,2026-09-13 14:00,target__ht_draw,HT Draw,60.0,54.1,5.9,1.85,0.5904,True,39.0
sr:match:73346006,Birmingham City WFC,Brighton and Hove Albion WFC,Birmingham City WFC vs Brighton and Hove Albion WFC,Super League Women,2026-09-13 14:00,target__ht_draw,HT Draw,47.6,42.6,5.0,2.35,0.5904,True,39.0
sr:match:72700528,AS Saint-Etienne,Le Mans FC,AS Saint-Etienne vs Le Mans FC,"Seconde Ligue, Women",2026-09-13 14:00,target__ht_draw,HT Draw,47.6,44.4,3.1,2.25,0.5904,True,39.0
sr:match:72578312,Torpedo Moscow,FC Nizhny Novgorod,Torpedo Moscow vs FC Nizhny Novgorod,1. Liga,2026-09-13 14:30,target__ht_draw,HT Draw,60.0,50.0,10.0,2.0,0.5904,True,39.0
sr:match:72837766,12 Bingol Spor,MKE Ankaragucu,12 Bingol Spor vs MKE Ankaragucu,2. Lig,2026-09-13 14:30,target__ht_draw,HT Draw,47.6,44.4,3.1,2.25,0.5904,True,39.0
sr:match:72334316,FK Spartak Moscow,FK Rostov,FK Spartak Moscow vs FK Rostov,Premier League,2026-09-13 15:00,target__ht_draw,HT Draw,47.6,43.5,4.1,2.3,0.5904,True,39.0
sr:match:72203050,Genk,Gent,Genk vs Gent,Pro League,2026-09-13 15:00,target__ht_draw,HT Draw,47.6,43.5,4.1,2.3,0.5904,True,39.0
sr:match:72578298,SK Rotor Volgograd,FC Yenisey Krasnoyarsk,SK Rotor Volgograd vs FC Yenisey Krasnoyarsk,1. Liga,2026-09-13 15:00,target__ht_draw,HT Draw,60.0,51.0,9.0,1.96,0.5904,True,39.0
sr:match:72517236,Moravia Morawica,MKS Czarni Polaniec,Moravia Morawica vs MKS Czarni Polaniec,"III Liga, Group 4",2026-09-13 15:00,target__ht_draw,HT Draw,47.6,42.6,5.0,2.35,0.5904,True,39.0
sr:match:73270128,SV Wehen Wiesbaden,SV Waldhof Mannheim 07,SV Wehen Wiesbaden vs SV Waldhof Mannheim 07,3. Liga,2026-09-13 15:30,target__ht_draw,HT Draw,45.6,41.7,4.0,2.4,0.5904,True,39.0
sr:match:72548394,Wolfsberger AC (A),Atus Velden,Wolfsberger AC (A) vs Atus Velden,Regionalliga Sud,2026-09-13 15:30,target__ht_draw,HT Draw,47.6,41.7,5.9,2.4,0.5904,True,39.0
sr:match:72467468,FC Utrecht,PEC Zwolle,FC Utrecht vs PEC Zwolle,"Eredivisie, Women",2026-09-13 15:45,target__ht_draw,HT Draw,47.6,42.6,5.0,2.35,0.5904,True,39.0
sr:match:67015382,IK Start,SK Brann,IK Start vs SK Brann,Eliteserien,2026-09-13 16:00,target__ht_draw,HT Draw,47.6,40.8,6.8,2.45,0.5904,True,39.0
sr:match:74448498,Olympique de Beja,A Sakiet Edayer,Olympique de Beja vs A Sakiet Edayer,Ligue 1,2026-09-13 16:00,target__ht_draw,HT Draw,60.0,55.9,4.1,1.79,0.5904,True,39.0
sr:match:72936038,PAE PS Kalamata,Volos NPS,PAE PS Kalamata vs Volos NPS,Super League,2026-09-13 16:00,target__ht_draw,HT Draw,60.0,48.8,11.2,2.05,0.5904,True,39.0
sr:match:67018166,Hoedd IL,Lyn 1896 FK,Hoedd IL vs Lyn 1896 FK,1st Division,2026-09-13 16:00,target__ht_draw,HT Draw,47.6,40.0,7.6,2.5,0.5904,True,39.0
sr:match:67018168,Moss FK,FK Haugesund,Moss FK vs FK Haugesund,1st Division,2026-09-13 16:00,target__ht_draw,HT Draw,37.7,34.5,3.2,2.9,0.5904,True,39.0
sr:match:74111096,Bate Borisov,Naftan Novopolotsk,Bate Borisov vs Naftan Novopolotsk,Vysshaya Liga,2026-09-13 16:00,target__ht_draw,HT Draw,47.6,40.8,6.8,2.45,0.5904,True,39.0
sr:match:72221266,Man Utd,Man City,Man Utd vs Man City,Premier League,2026-09-13 16:30,target__ht_draw,HT Draw,47.6,40.0,7.6,2.5,0.5904,True,39.0
sr:match:71945258,Napoli,Bologna,Napoli vs Bologna,Serie A,2026-09-13 17:00,target__ht_draw,HT Draw,60.0,45.5,14.5,2.2,0.5904,True,39.0
sr:match:71680656,Colombia,DPR Korea,Colombia vs DPR Korea,"U20 FIFA World Cup, Women",2026-09-13 17:00,target__ht_draw,HT Draw,45.6,32.3,13.4,3.1,0.5904,True,39.0
sr:match:73180376,Gudja United,Melita FC,Gudja United vs Melita FC,Challenge League,2026-09-13 17:00,target__ht_draw,HT Draw,47.6,44.4,3.1,2.25,0.5904,True,39.0
sr:match:72559056,CP Cacereno SAD,Cultural Leonesa,CP Cacereno SAD vs Cultural Leonesa,Primera Federacion,2026-09-13 17:15,target__ht_draw,HT Draw,60.0,51.0,9.0,1.96,0.5904,True,39.0
sr:match:72478550,Getafe,RC Deportivo de A Coruna,Getafe vs RC Deportivo de A Coruna,LaLiga,2026-09-13 17:30,target__ht_draw,HT Draw,60.0,54.3,5.7,1.84,0.5904,True,39.0
sr:match:73265314,CA Tigre,CA Rosario Central,CA Tigre vs CA Rosario Central,Primera LPF,2026-09-13 18:45,target__ht_draw,HT Draw,60.0,53.2,6.8,1.88,0.5904,True,39.0
sr:match:74214604,Al-Riyadh SC,Al-Kholood,Al-Riyadh SC vs Al-Kholood,Saudi Pro League,2026-09-13 19:00,target__ht_draw,HT Draw,47.6,44.4,3.1,2.25,0.5904,True,39.0
sr:match:72936040,AE Kifisia FC,APO Levadiakos FC,AE Kifisia FC vs APO Levadiakos FC,Super League,2026-09-13 19:00,target__ht_draw,HT Draw,60.0,47.6,12.4,2.1,0.5904,True,39.0
sr:match:67119732,Argentino de Quilmes,Deportivo Merlo,Argentino de Quilmes vs Deportivo Merlo,Primera B,2026-09-13 19:00,target__ht_draw,HT Draw,60.0,54.9,5.1,1.82,0.5904,True,39.0
sr:match:73896268,Deportivo Llacuabamba,Pirata FC,Deportivo Llacuabamba vs Pirata FC,Liga 2,2026-09-13 19:00,target__ht_draw,HT Draw,47.6,40.8,6.8,2.45,0.5904,True,39.0
sr:match:67123454,ASD Justo Jose de Urquiza,CA General Lamadrid,ASD Justo Jose de Urquiza vs CA General Lamadrid,Primera C,2026-09-13 19:00,target__ht_draw,HT Draw,60.0,55.9,4.1,1.79,0.5904,True,39.0
sr:match:74225694,EC Pelotas RS,EC Guarani RS,EC Pelotas RS vs EC Guarani RS,"Gaucho, Serie A2",2026-09-13 19:00,target__ht_draw,HT Draw,47.6,44.4,3.1,2.25,0.5904,True,39.0
sr:match:74225350,FC Santa Cruz RS,CE Lajeadense RS,FC Santa Cruz RS vs CE Lajeadense RS,"Gaucho, Serie A2",2026-09-13 19:00,target__ht_draw,HT Draw,60.0,50.0,10.0,2.0,0.5904,True,39.0
sr:match:73180372,Mgarr United FC,Tarxien Rainbows FC,Mgarr United FC vs Tarxien Rainbows FC,Challenge League,2026-09-13 19:30,target__ht_draw,HT Draw,47.6,42.6,5.0,2.35,0.5904,True,39.0
sr:match:72036168,Brest,PSG,Brest vs PSG,Ligue 1,2026-09-13 19:45,target__ht_draw,HT Draw,37.7,32.3,5.5,3.1,0.5904,True,39.0
sr:match:72477402,Tenerife CD,Leganes,Tenerife CD vs Leganes,LALIGA HYPERMOTION,2026-09-13 20:00,target__ht_draw,HT Draw,60.0,51.5,8.5,1.94,0.5904,True,39.0
sr:match:66887006,Mirassol FC SP,EC Vitoria BA,Mirassol FC SP vs EC Vitoria BA,Brasileiro Serie A,2026-09-13 20:00,target__ht_draw,HT Draw,47.6,43.5,4.1,2.3,0.5904,True,39.0
sr:match:68823276,AC Goianiense GO,Criciuma EC SC,AC Goianiense GO vs Criciuma EC SC,Brasileiro Serie B,2026-09-13 20:00,target__ht_draw,HT Draw,60.0,52.4,7.6,1.91,0.5904,True,39.0
sr:match:73217548,CA Linqueno,CA Boca Unidos Corrientes,CA Linqueno vs CA Boca Unidos Corrientes,Torneo Federal A,2026-09-13 20:00,target__ht_draw,HT Draw,60.0,47.6,12.4,2.1,0.5904,True,39.0
sr:match:74306722,Defensor Sporting,Deportivo Maldonado,Defensor Sporting vs Deportivo Maldonado,Primera Division,2026-09-13 20:00,target__ht_draw,HT Draw,60.0,50.0,10.0,2.0,0.5904,True,39.0
sr:match:67117942,CA Racing de Cordoba,Deportivo Moron,CA Racing de Cordoba vs Deportivo Moron,Primera Nacional,2026-09-13 20:00,target__ht_draw,HT Draw,60.0,55.2,4.8,1.81,0.5904,True,39.0
sr:match:67117952,Mitre Santiago del Estero,CA Chaco For Ever,Mitre Santiago del Estero vs CA Chaco For Ever,Primera Nacional,2026-09-13 20:00,target__ht_draw,HT Draw,71.4,54.1,17.4,1.85,0.5904,True,39.0
sr:match:72530918,FC Famalicao,Sporting,FC Famalicao vs Sporting,Liga Portugal,2026-09-13 20:30,target__ht_draw,HT Draw,47.6,40.8,6.8,2.45,0.5904,True,39.0
sr:match:74497472,Deportivo Rayo Zuliano,Portuguesa FC,Deportivo Rayo Zuliano vs Portuguesa FC,Primera Division,2026-09-13 20:30,target__ht_draw,HT Draw,47.6,44.4,3.1,2.25,0.5904,True,39.0
sr:match:73217382,CSB Atenas,Juventud Antoniana,CSB Atenas vs Juventud Antoniana,Torneo Federal A,2026-09-13 20:30,target__ht_draw,HT Draw,60.0,51.5,8.5,1.94,0.5904,True,39.0
sr:match:67118660,CA Ferrocarril Midland,Chacarita Juniors,CA Ferrocarril Midland vs Chacarita Juniors,Primera Nacional,2026-09-13 20:30,target__ht_draw,HT Draw,60.0,52.6,7.4,1.9,0.5904,True,39.0
sr:match:73217310,CA 9 de Julio Rafaela,CA Bartolome Mitre,CA 9 de Julio Rafaela vs CA Bartolome Mitre,Torneo Federal A,2026-09-13 21:00,target__ht_draw,HT Draw,60.0,45.5,14.5,2.2,0.5904,True,39.0
sr:match:67682026,Colo-Colo,Deportes Concepcion,Colo-Colo vs Deportes Concepcion,Primera Division,2026-09-13 21:30,target__ht_draw,HT Draw,47.6,39.2,8.4,2.55,0.5904,True,39.0
sr:match:67117944,CD Godoy Cruz,Colon de Santa Fe,CD Godoy Cruz vs Colon de Santa Fe,Primera Nacional,2026-09-13 22:00,target__ht_draw,HT Draw,60.0,54.3,5.7,1.84,0.5904,True,39.0
sr:match:66299544,Chicago Fire,New England Revolution,Chicago Fire vs New England Revolution,MLS,2026-09-13 22:30,target__ht_draw,HT Draw,47.6,39.2,8.4,2.55,0.5904,True,39.0
sr:match:68823268,Gremio Novorizontino SP,Cuiaba EC MT,Gremio Novorizontino SP vs Cuiaba EC MT,Brasileiro Serie B,2026-09-13 22:30,target__ht_draw,HT Draw,60.0,46.5,13.5,2.15,0.5904,True,39.0
sr:match:74063430,Atletico Cocula,La Tribu de Ciudad Juarez,Atletico Cocula vs La Tribu de Ciudad Juarez,Liga Premier Serie A,2026-09-13 23:00,target__ht_draw,HT Draw,45.6,42.6,3.1,2.35,0.5904,True,39.0
sr:match:73265290,CA Independiente Avellaneda,CA San Lorenzo de Almagro,CA Independiente Avellaneda vs CA San Lorenzo de Almagro,Primera LPF,2026-09-13 23:15,target__ht_draw,HT Draw,60.0,53.2,6.8,1.88,0.5904,True,39.0
sr:match:74306726,CA Penarol Montevideo,Albion FC,CA Penarol Montevideo vs Albion FC,Primera Division,2026-09-13 23:30,target__ht_draw,HT Draw,47.6,42.6,5.0,2.35,0.5904,True,39.0
sr:match:73095426,CD Escorpiones Belen,CS Herediano,CD Escorpiones Belen vs CS Herediano,Primera Division,2026-09-13 03:00,target__ht_home_win,HT Home Win,24.6,18.2,6.4,5.5,0.6512,True,34.4
sr:match:68916450,Jeonbuk FC II,FC Mokpo,Jeonbuk FC II vs FC Mokpo,K3 League,2026-09-13 09:00,target__ht_home_win,HT Home Win,33.3,27.8,5.6,3.6,0.6512,True,34.4
sr:match:68916456,Yangpyeong FC,Pocheon Citizen FC,Yangpyeong FC vs Pocheon Citizen FC,K3 League,2026-09-13 09:00,target__ht_home_win,HT Home Win,24.6,19.2,5.3,5.2,0.6512,True,34.4
sr:match:73296574,Golik North District,Hong Kong Rangers,Golik North District vs Hong Kong Rangers,Premier League,2026-09-13 09:00,target__ht_home_win,HT Home Win,58.1,54.9,3.1,1.82,0.6512,True,34.4
sr:match:72656460,Opava B,FC Vratimov,Opava B vs FC Vratimov,Divize F,2026-09-13 09:15,target__ht_home_win,HT Home Win,39.1,35.7,3.4,2.8,0.6512,True,34.4
sr:match:72305188,Slovan Bratislava B,MFk Bytca,Slovan Bratislava B vs MFk Bytca,2. Liga,2026-09-13 09:30,target__ht_home_win,HT Home Win,58.1,54.6,3.4,1.83,0.6512,True,34.4
sr:match:72151954,Matsumoto Yamaga FC,SC Sagamihara,Matsumoto Yamaga FC vs SC Sagamihara,J3 League,2026-09-13 10:00,target__ht_home_win,HT Home Win,39.1,33.9,5.2,2.95,0.6512,True,34.4
sr:match:73549568,DH van Hien,Becamex Ho Chi Minh City,DH van Hien vs Becamex Ho Chi Minh City,V-League 2,2026-09-13 10:00,target__ht_home_win,HT Home Win,24.6,19.6,5.0,5.1,0.6512,True,34.4
sr:match:73735036,Parnu JK Vaprus II,FA Tartu Kalev,Parnu JK Vaprus II vs FA Tartu Kalev,Esiliiga B,2026-09-13 10:30,target__ht_home_win,HT Home Win,52.6,45.5,7.2,2.2,0.6512,True,34.4
sr:match:72531576,AVS Futebol SAD,SC Farense,AVS Futebol SAD vs SC Farense,Liga Portugal 2,2026-09-13 11:00,target__ht_home_win,HT Home Win,33.3,27.0,6.3,3.7,0.6512,True,34.4
sr:match:72559058,Arenas Club Getxo,Zamora CF,Arenas Club Getxo vs Zamora CF,Primera Federacion,2026-09-13 11:00,target__ht_home_win,HT Home Win,33.3,29.4,3.9,3.4,0.6512,True,34.4
sr:match:72499030,Naestved BK,Thisted FC,Naestved BK vs Thisted FC,2nd Division,2026-09-13 12:00,target__ht_home_win,HT Home Win,58.1,50.5,7.6,1.98,0.6512,True,34.4
sr:match:72500718,FC Helsingoer,Sundby BK,FC Helsingoer vs Sundby BK,3rd Division,2026-09-13 12:00,target__ht_home_win,HT Home Win,58.1,50.0,8.1,2.0,0.6512,True,34.4
sr:match:69343104,FC Irtysh Pavlodar,FC Okzhetpes,FC Irtysh Pavlodar vs FC Okzhetpes,Premier League,2026-09-13 12:00,target__ht_home_win,HT Home Win,39.1,35.7,3.4,2.8,0.6512,True,34.4
sr:match:67017170,Stabaek Fotball,Lillestrom SK Kvinner,Stabaek Fotball vs Lillestrom SK Kvinner,"Toppserien, Women",2026-09-13 12:00,target__ht_home_win,HT Home Win,58.1,52.1,6.0,1.92,0.6512,True,34.4
sr:match:67916114,SK Traeff,Notodden FK,SK Traeff vs Notodden FK,2nd Division Group 1,2026-09-13 12:30,target__ht_home_win,HT Home Win,39.1,32.3,6.9,3.1,0.6512,True,34.4
sr:match:72499034,Nykoebing FC,FA 2000,Nykoebing FC vs FA 2000,2nd Division,2026-09-13 13:00,target__ht_home_win,HT Home Win,58.1,53.8,4.3,1.86,0.6512,True,34.4
sr:match:68344834,IFK Karlshamn,Torns IF,IFK Karlshamn vs Torns IF,Division 2,2026-09-13 13:00,target__ht_home_win,HT Home Win,39.1,35.1,4.0,2.85,0.6512,True,34.4
sr:match:67018498,Bryne FK,Grei Kvinner Elite FK,Bryne FK vs Grei Kvinner Elite FK,"1st Division, Women",2026-09-13 13:00,target__ht_home_win,HT Home Win,39.1,33.3,5.8,3.0,0.6512,True,34.4
sr:match:73409252,Araz Nakhchivan PFK,Turan Tovuz,Araz Nakhchivan PFK vs Turan Tovuz,Premier League,2026-09-13 13:30,target__ht_home_win,HT Home Win,25.3,17.9,7.4,5.6,0.6512,True,34.4
sr:match:73346480,Wolverhampton Wanderers Wfc,Sheffield United LFC,Wolverhampton Wanderers Wfc vs Sheffield United LFC,"Super League 2, Women",2026-09-13 14:00,target__ht_home_win,HT Home Win,39.1,33.3,5.8,3.0,0.6512,True,34.4
sr:match:73346006,Birmingham City WFC,Brighton and Hove Albion WFC,Birmingham City WFC vs Brighton and Hove Albion WFC,Super League Women,2026-09-13 14:00,target__ht_home_win,HT Home Win,25.3,20.4,4.9,4.9,0.6512,True,34.4
sr:match:73346002,Everton FC Women,Charlton Athletic,Everton FC Women vs Charlton Athletic,Super League Women,2026-09-13 14:00,target__ht_home_win,HT Home Win,60.0,52.4,7.6,1.91,0.6512,True,34.4
sr:match:72700528,AS Saint-Etienne,Le Mans FC,AS Saint-Etienne vs Le Mans FC,"Seconde Ligue, Women",2026-09-13 14:00,target__ht_home_win,HT Home Win,29.5,23.8,5.7,4.2,0.6512,True,34.4
sr:match:72837762,Halide Edip Adivarspor,Belediye Kutahyaspor,Halide Edip Adivarspor vs Belediye Kutahyaspor,2. Lig,2026-09-13 14:30,target__ht_home_win,HT Home Win,39.1,33.3,5.8,3.0,0.6512,True,34.4
sr:match:72656458,FK Bospor Bohumin,MFK Kravare,FK Bospor Bohumin vs MFK Kravare,Divize F,2026-09-13 14:30,target__ht_home_win,HT Home Win,58.1,50.0,8.1,2.0,0.6512,True,34.4
sr:match:74460146,KR Reykjavik,IA Akranes,KR Reykjavik vs IA Akranes,Besta deild,2026-09-13 15:00,target__ht_home_win,HT Home Win,58.1,52.1,6.0,1.92,0.6512,True,34.4
sr:match:72963764,US Rumelange,Atert Bissen,US Rumelange vs Atert Bissen,Division Nationale,2026-09-13 15:00,target__ht_home_win,HT Home Win,24.6,19.6,5.0,5.1,0.6512,True,34.4
sr:match:72960996,Eintracht Frankfurt,TSG Hoffenheim W,Eintracht Frankfurt vs TSG Hoffenheim W,Women Bundesliga,2026-09-13 15:00,target__ht_home_win,HT Home Win,58.1,54.1,4.0,1.85,0.6512,True,34.4
sr:match:72281328,NK Dekani,ND Beltinci,NK Dekani vs ND Beltinci,2. Liga,2026-09-13 16:00,target__ht_home_win,HT Home Win,33.3,26.3,7.0,3.8,0.6512,True,34.4
sr:match:74234410,Zira FK,Qarabag,Zira FK vs Qarabag,Premier League,2026-09-13 16:00,target__ht_home_win,HT Home Win,33.3,27.0,6.3,3.7,0.6512,True,34.4
sr:match:73160382,AEK Larnaca,Pafos FC,AEK Larnaca vs Pafos FC,1st Division,2026-09-13 17:00,target__ht_home_win,HT Home Win,39.1,33.3,5.8,3.0,0.6512,True,34.4
sr:match:73866550,FC Milsami,Sheriff Tiraspol,FC Milsami vs Sheriff Tiraspol,Super Liga,2026-09-13 17:00,target__ht_home_win,HT Home Win,24.6,17.5,7.0,5.7,0.6512,True,34.4
sr:match:67920642,Stabaek Fotball 2,Vindbjart FK,Stabaek Fotball 2 vs Vindbjart FK,"3. Division, Group 4",2026-09-13 17:00,target__ht_home_win,HT Home Win,25.3,21.7,3.6,4.6,0.6512,True,34.4
sr:match:72302140,Patro Eisden Maasmechelen,KAS Eupen,Patro Eisden Maasmechelen vs KAS Eupen,Challenger Pro League,2026-09-13 18:15,target__ht_home_win,HT Home Win,39.1,35.1,4.0,2.85,0.6512,True,34.4
sr:match:73265302,CA Sarmiento Junin,CA Belgrano de Cordoba,CA Sarmiento Junin vs CA Belgrano de Cordoba,Primera LPF,2026-09-13 18:45,target__ht_home_win,HT Home Win,33.3,25.0,8.3,4.0,0.6512,True,34.4
sr:match:67117946,Club Atletico Los Andes,CA San Miguel,Club Atletico Los Andes vs CA San Miguel,Primera Nacional,2026-09-13 19:00,target__ht_home_win,HT Home Win,39.1,35.1,4.0,2.85,0.6512,True,34.4
sr:match:67919880,Ranheim 2,Byaasen,Ranheim 2 vs Byaasen,"3. Division, Group 2",2026-09-13 19:00,target__ht_home_win,HT Home Win,58.1,44.4,13.6,2.25,0.6512,True,34.4
sr:match:74203134,AL Karkh,Duhok FC,AL Karkh vs Duhok FC,Stars League,2026-09-13 19:00,target__ht_home_win,HT Home Win,29.5,25.6,3.8,3.9,0.6512,True,34.4
sr:match:73273734,Santa Catarina SC,CN Marcilio Dias SC,Santa Catarina SC vs CN Marcilio Dias SC,Copa Santa Catarina,2026-09-13 19:00,target__ht_home_win,HT Home Win,39.1,34.5,4.6,2.9,0.6512,True,34.4
sr:match:72278468,NK Radomlje,NK Maribor,NK Radomlje vs NK Maribor,PrvaLiga,2026-09-13 19:15,target__ht_home_win,HT Home Win,25.3,21.7,3.6,4.6,0.6512,True,34.4
sr:match:74099696,Atletico El Vigia,Yaracuyanos FC,Atletico El Vigia vs Yaracuyanos FC,Segunda Division,2026-09-13 20:30,target__ht_home_win,HT Home Win,39.1,33.9,5.2,2.95,0.6512,True,34.4
sr:match:73265312,Argentinos Juniors,Gimnasia y Esgrima La Plata,Argentinos Juniors vs Gimnasia y Esgrima La Plata,Primera LPF,2026-09-13 21:00,target__ht_home_win,HT Home Win,47.4,43.5,3.9,2.3,0.6512,True,34.4
sr:match:68823284,EC Juventude RS,Athletic Club Sjdr MG,EC Juventude RS vs Athletic Club Sjdr MG,Brasileiro Serie B,2026-09-13 22:00,target__ht_home_win,HT Home Win,47.4,43.5,3.9,2.3,0.6512,True,34.4
sr:match:73075274,CD Fuerte San Francisco Morazan,Municipal Limeno,CD Fuerte San Francisco Morazan vs Municipal Limeno,Primera Division,2026-09-13 22:00,target__ht_home_win,HT Home Win,29.5,25.0,4.5,4.0,0.6512,True,34.4
sr:match:67682034,Audax Italiano,CD O'Higgins,Audax Italiano vs CD O'Higgins,Primera Division,2026-09-14 00:00,target__ht_home_win,HT Home Win,39.1,32.3,6.9,3.1,0.6512,True,34.4
sr:match:72636204,Deportes Quindio,Boyaca Patriotas,Deportes Quindio vs Boyaca Patriotas,Torneo DIMAYOR,2026-09-14 00:00,target__ht_home_win,HT Home Win,39.1,35.7,3.4,2.8,0.6512,True,34.4
sr:match:74325204,CD Marathon San Pedro Sula,CD Olimpia Tegucigalpa,CD Marathon San Pedro Sula vs CD Olimpia Tegucigalpa,Liga Nacional,2026-09-14 00:15,target__ht_home_win,HT Home Win,39.1,35.1,4.0,2.85,0.6512,True,34.4
sr:match:72055172,CF Monterrey,Tigres UANL,CF Monterrey vs Tigres UANL,Liga MX,2026-09-13 02:10,target__ht_over_0_5_goals,HT Over 0.5,77.4,74.1,3.3,1.35,0.6199,True,72.8
sr:match:73095426,CD Escorpiones Belen,CS Herediano,CD Escorpiones Belen vs CS Herediano,Primera Division,2026-09-13 03:00,target__ht_over_0_5_goals,HT Over 0.5,78.0,73.5,4.4,1.36,0.6199,True,72.8
sr:match:66299542,San Jose Earthquakes,Houston Dynamo,San Jose Earthquakes vs Houston Dynamo,MLS,2026-09-13 03:30,target__ht_over_0_5_goals,HT Over 0.5,81.2,74.6,6.6,1.34,0.6199,True,72.8
sr:match:73576624,Persita Tangerang,Malut United,Persita Tangerang vs Malut United,Super League,2026-09-13 09:30,target__ht_over_0_5_goals,HT Over 0.5,77.4,73.0,4.4,1.37,0.6199,True,72.8
sr:match:73549568,DH van Hien,Becamex Ho Chi Minh City,DH van Hien vs Becamex Ho Chi Minh City,V-League 2,2026-09-13 10:00,target__ht_over_0_5_goals,HT Over 0.5,77.4,73.0,4.4,1.37,0.6199,True,72.8
sr:match:74090430,Hoang Anh Gia Lai,Hai Phong FC,Hoang Anh Gia Lai vs Hai Phong FC,V-League 1,2026-09-13 11:00,target__ht_over_0_5_goals,HT Over 0.5,78.0,73.5,4.4,1.36,0.6199,True,72.8
sr:match:72041132,Excelsior Rotterdam,FC Utrecht,Excelsior Rotterdam vs FC Utrecht,Eredivisie,2026-09-13 11:15,target__ht_over_0_5_goals,HT Over 0.5,81.2,76.3,4.9,1.31,0.6199,True,72.8
sr:match:72043160,Wisla Plock,KS Cracovia Krakow,Wisla Plock vs KS Cracovia Krakow,Ekstraklasa,2026-09-13 11:15,target__ht_over_0_5_goals,HT Over 0.5,74.8,71.4,3.3,1.4,0.6199,True,72.8
sr:match:72679158,FC Kaluga,Dynamo Vladivostok,FC Kaluga vs Dynamo Vladivostok,"2. Liga, Division A",2026-09-13 12:00,target__ht_over_0_5_goals,HT Over 0.5,74.8,71.4,3.3,1.4,0.6199,True,72.8
sr:match:69456600,Shijiazhuang Gongfu FC,Shenzhen Juniors FC,Shijiazhuang Gongfu FC vs Shenzhen Juniors FC,China League 1,2026-09-13 12:30,target__ht_over_0_5_goals,HT Over 0.5,77.4,71.4,6.0,1.4,0.6199,True,72.8
sr:match:74299672,Kuopion Palloseura,HJK Helsinki,Kuopion Palloseura vs HJK Helsinki,Veikkausliiga,2026-09-13 13:00,target__ht_over_0_5_goals,HT Over 0.5,81.2,75.8,5.4,1.32,0.6199,True,72.8
sr:match:73409252,Araz Nakhchivan PFK,Turan Tovuz,Araz Nakhchivan PFK vs Turan Tovuz,Premier League,2026-09-13 13:30,target__ht_over_0_5_goals,HT Over 0.5,81.2,73.0,8.2,1.37,0.6199,True,72.8
sr:match:68311822,Kristianstad FC,Jonkopings Sodra IF,Kristianstad FC vs Jonkopings Sodra IF,Ettan,2026-09-13 15:00,target__ht_over_0_5_goals,HT Over 0.5,78.0,71.9,6.0,1.39,0.6199,True,72.8
sr:match:71998188,POFC Botev Vratsa,PFC Levski Sofia,POFC Botev Vratsa vs PFC Levski Sofia,Parva Liga,2026-09-13 15:45,target__ht_over_0_5_goals,HT Over 0.5,81.2,73.0,8.2,1.37,0.6199,True,72.8
sr:match:67015376,KFUM Oslo,Aalesunds FK,KFUM Oslo vs Aalesunds FK,Eliteserien,2026-09-13 16:00,target__ht_over_0_5_goals,HT Over 0.5,81.2,77.5,3.7,1.29,0.6199,True,72.8
sr:match:74448496,Club S Hammam-Lif,Esperance Sportive de Tunis,Club S Hammam-Lif vs Esperance Sportive de Tunis,Ligue 1,2026-09-13 16:00,target__ht_over_0_5_goals,HT Over 0.5,78.0,68.5,9.5,1.46,0.6199,True,72.8
sr:match:72042252,FK Zeleziarne Podbrezova,KFC Komarno,FK Zeleziarne Podbrezova vs KFC Komarno,Superliga,2026-09-13 16:00,target__ht_over_0_5_goals,HT Over 0.5,81.2,78.1,3.1,1.28,0.6199,True,72.8
sr:match:74234410,Zira FK,Qarabag,Zira FK vs Qarabag,Premier League,2026-09-13 16:00,target__ht_over_0_5_goals,HT Over 0.5,79.4,73.5,5.9,1.36,0.6199,True,72.8
sr:match:72936036,Asteras Tripolis,AEK Athens,Asteras Tripolis vs AEK Athens,Super League,2026-09-13 17:00,target__ht_over_0_5_goals,HT Over 0.5,77.4,73.5,3.9,1.36,0.6199,True,72.8
sr:match:72478550,Getafe,RC Deportivo de A Coruna,Getafe vs RC Deportivo de A Coruna,LaLiga,2026-09-13 17:30,target__ht_over_0_5_goals,HT Over 0.5,64.5,58.1,6.4,1.72,0.6199,True,72.8
sr:match:72530926,Benfica,Gil Vicente Barcelos,Benfica vs Gil Vicente Barcelos,Liga Portugal,2026-09-13 18:00,target__ht_over_0_5_goals,HT Over 0.5,84.2,80.6,3.6,1.24,0.6199,True,72.8
sr:match:72723202,Amed Sportif Faaliyetler,Istanbul BB,Amed Sportif Faaliyetler vs Istanbul BB,Super Lig,2026-09-13 18:00,target__ht_over_0_5_goals,HT Over 0.5,81.2,73.0,8.2,1.37,0.6199,True,72.8
sr:match:67015372,Fredrikstad FK,Sarpsborg 08,Fredrikstad FK vs Sarpsborg 08,Eliteserien,2026-09-13 18:15,target__ht_over_0_5_goals,HT Over 0.5,78.0,74.6,3.3,1.34,0.6199,True,72.8
sr:match:72203054,RAAL La Louviere,KV Kortrijk,RAAL La Louviere vs KV Kortrijk,Pro League,2026-09-13 18:15,target__ht_over_0_5_goals,HT Over 0.5,74.8,70.9,3.8,1.41,0.6199,True,72.8
sr:match:67117946,Club Atletico Los Andes,CA San Miguel,Club Atletico Los Andes vs CA San Miguel,Primera Nacional,2026-09-13 19:00,target__ht_over_0_5_goals,HT Over 0.5,64.5,59.9,4.6,1.67,0.6199,True,72.8
sr:match:67123454,ASD Justo Jose de Urquiza,CA General Lamadrid,ASD Justo Jose de Urquiza vs CA General Lamadrid,Primera C,2026-09-13 19:00,target__ht_over_0_5_goals,HT Over 0.5,64.5,61.3,3.2,1.63,0.6199,True,72.8
sr:match:72936048,Panathinaikos,Panaitolikos Agrinio,Panathinaikos vs Panaitolikos Agrinio,Super League,2026-09-13 19:30,target__ht_over_0_5_goals,HT Over 0.5,79.4,75.8,3.7,1.32,0.6199,True,72.8
sr:match:67117942,CA Racing de Cordoba,Deportivo Moron,CA Racing de Cordoba vs Deportivo Moron,Primera Nacional,2026-09-13 20:00,target__ht_over_0_5_goals,HT Over 0.5,64.5,61.3,3.2,1.63,0.6199,True,72.8
sr:match:72530918,FC Famalicao,Sporting,FC Famalicao vs Sporting,Liga Portugal,2026-09-13 20:30,target__ht_over_0_5_goals,HT Over 0.5,77.4,74.1,3.3,1.35,0.6199,True,72.8
sr:match:68687908,Barcelona SC,Delfin SC,Barcelona SC vs Delfin SC,LigaPro Primera A,2026-09-14 00:00,target__ht_over_0_5_goals,HT Over 0.5,77.4,71.4,6.0,1.4,0.6199,True,72.8
sr:match:74325204,CD Marathon San Pedro Sula,CD Olimpia Tegucigalpa,CD Marathon San Pedro Sula vs CD Olimpia Tegucigalpa,Liga Nacional,2026-09-14 00:15,target__ht_over_0_5_goals,HT Over 0.5,74.8,70.4,4.3,1.42,0.6199,True,72.8
sr:match:71936104,Alianza Lima,Universitario de Deportes,Alianza Lima vs Universitario de Deportes,Liga 1,2026-09-13 02:00,target__ht_over_1_5_goals,HT Over 1.5,31.9,28.6,3.4,3.5,0.6269,True,38.8
sr:match:66299538,Real Salt Lake,New York City FC,Real Salt Lake vs New York City FC,MLS,2026-09-13 02:30,target__ht_over_1_5_goals,HT Over 1.5,46.7,40.8,5.9,2.45,0.6269,True,38.8
sr:match:66299542,San Jose Earthquakes,Houston Dynamo,San Jose Earthquakes vs Houston Dynamo,MLS,2026-09-13 03:30,target__ht_over_1_5_goals,HT Over 1.5,46.7,40.0,6.7,2.5,0.6269,True,38.8
sr:match:73296574,Golik North District,Hong Kong Rangers,Golik North District vs Hong Kong Rangers,Premier League,2026-09-13 09:00,target__ht_over_1_5_goals,HT Over 1.5,58.9,54.3,4.6,1.84,0.6269,True,38.8
sr:match:73296450,Shatin,Kowloon City,Shatin vs Kowloon City,Premier League,2026-09-13 09:00,target__ht_over_1_5_goals,HT Over 1.5,58.9,48.8,10.1,2.05,0.6269,True,38.8
sr:match:73576624,Persita Tangerang,Malut United,Persita Tangerang vs Malut United,Super League,2026-09-13 09:30,target__ht_over_1_5_goals,HT Over 1.5,46.7,37.7,9.0,2.65,0.6269,True,38.8
sr:match:72414980,FC Viktoria Plzen B,FK Pribram B,FC Viktoria Plzen B vs FK Pribram B,CFL,2026-09-13 09:30,target__ht_over_1_5_goals,HT Over 1.5,62.3,55.6,6.7,1.8,0.6269,True,38.8
sr:match:72149720,Tokyo Verdy,JEF United Chiba,Tokyo Verdy vs JEF United Chiba,J1 League,2026-09-13 10:00,target__ht_over_1_5_goals,HT Over 1.5,46.7,30.8,16.0,3.25,0.6269,True,38.8
sr:match:67817880,Gwangju FC,FC Anyang,Gwangju FC vs FC Anyang,K-League 1,2026-09-13 11:00,target__ht_over_1_5_goals,HT Over 1.5,46.7,35.1,11.7,2.85,0.6269,True,38.8
sr:match:72679306,Torpedo Miass,FC Irtysh Omsk,Torpedo Miass vs FC Irtysh Omsk,"2. Liga, Division A",2026-09-13 11:00,target__ht_over_1_5_goals,HT Over 1.5,46.7,43.5,3.3,2.3,0.6269,True,38.8
sr:match:72041132,Excelsior Rotterdam,FC Utrecht,Excelsior Rotterdam vs FC Utrecht,Eredivisie,2026-09-13 11:15,target__ht_over_1_5_goals,HT Over 1.5,46.7,42.6,4.2,2.35,0.6269,True,38.8
sr:match:72467460,FC Twente Enschede W,Feyenoord Rotterdam,FC Twente Enschede W vs Feyenoord Rotterdam,"Eredivisie, Women",2026-09-13 11:15,target__ht_over_1_5_goals,HT Over 1.5,58.9,50.0,8.9,2.0,0.6269,True,38.8
sr:match:72339828,Sheffield United,Wolves,Sheffield United vs Wolves,Championship,2026-09-13 12:00,target__ht_over_1_5_goals,HT Over 1.5,46.7,40.8,5.9,2.45,0.6269,True,38.8
sr:match:73601718,Sheffield Wednesday U21,Charlton Athletic U21,Sheffield Wednesday U21 vs Charlton Athletic U21,U21 Professional Development League,2026-09-13 12:00,target__ht_over_1_5_goals,HT Over 1.5,58.9,53.2,5.7,1.88,0.6269,True,38.8
sr:match:67916112,FK Jerv,Brattvaag,FK Jerv vs Brattvaag,2nd Division Group 1,2026-09-13 12:00,target__ht_over_1_5_goals,HT Over 1.5,58.9,50.5,8.4,1.98,0.6269,True,38.8
sr:match:67915842,Rana FK,Lorenskog IF,Rana FK vs Lorenskog IF,2nd Division Group 2,2026-09-13 12:00,target__ht_over_1_5_goals,HT Over 1.5,58.9,52.6,6.3,1.9,0.6269,True,38.8
sr:match:73346000,Manchester United WFC,Chelsea FC W,Manchester United WFC vs Chelsea FC W,Super League Women,2026-09-13 12:00,target__ht_over_1_5_goals,HT Over 1.5,46.7,42.6,4.2,2.35,0.6269,True,38.8
sr:match:72679302,FC Amkar Perm,FC Tyumen,FC Amkar Perm vs FC Tyumen,"2. Liga, Division A",2026-09-13 12:00,target__ht_over_1_5_goals,HT Over 1.5,46.7,43.5,3.3,2.3,0.6269,True,38.8
sr:match:68214814,Paide Linnameeskond,Harju JK Laagri,Paide Linnameeskond vs Harju JK Laagri,Premium Liiga,2026-09-13 12:30,target__ht_over_1_5_goals,HT Over 1.5,50.0,46.5,3.5,2.15,0.6269,True,38.8
sr:match:72680118,VfB Stuttgart II,SC Preussen 06 Munster,VfB Stuttgart II vs SC Preussen 06 Munster,3. Liga,2026-09-13 12:30,target__ht_over_1_5_goals,HT Over 1.5,46.7,43.5,3.3,2.3,0.6269,True,38.8
sr:match:67916114,SK Traeff,Notodden FK,SK Traeff vs Notodden FK,2nd Division Group 1,2026-09-13 12:30,target__ht_over_1_5_goals,HT Over 1.5,46.7,43.5,3.3,2.3,0.6269,True,38.8
sr:match:72478548,Celta,Malaga CF,Celta vs Malaga CF,LaLiga,2026-09-13 13:00,target__ht_over_1_5_goals,HT Over 1.5,46.7,32.3,14.5,3.1,0.6269,True,38.8
sr:match:73601720,Queens Park Rangers U21,Fleetwood Town U21,Queens Park Rangers U21 vs Fleetwood Town U21,U21 Professional Development League,2026-09-13 13:00,target__ht_over_1_5_goals,HT Over 1.5,62.3,55.9,6.4,1.79,0.6269,True,38.8
sr:match:74111094,FC Dnepr Mogilev,Maxline Vitebsk,FC Dnepr Mogilev vs Maxline Vitebsk,Vysshaya Liga,2026-09-13 13:00,target__ht_over_1_5_goals,HT Over 1.5,58.9,41.7,17.2,2.4,0.6269,True,38.8
sr:match:67915848,Tromsdalen UIL,Trygg/Lade,Tromsdalen UIL vs Trygg/Lade,2nd Division Group 2,2026-09-13 13:00,target__ht_over_1_5_goals,HT Over 1.5,62.3,52.1,10.2,1.92,0.6269,True,38.8
sr:match:72595416,ADO 20 Heemskerk,VV Scherpenzeel,ADO 20 Heemskerk vs VV Scherpenzeel,Derde Divisie,2026-09-13 13:00,target__ht_over_1_5_goals,HT Over 1.5,46.7,42.6,4.2,2.35,0.6269,True,38.8
sr:match:74305568,TPV Tampere,KuPS Akatemia,TPV Tampere vs KuPS Akatemia,Ykkonen,2026-09-13 13:00,target__ht_over_1_5_goals,HT Over 1.5,62.3,56.2,6.1,1.78,0.6269,True,38.8
sr:match:73062536,Selangor FC,Kuala Lumpur City FC,Selangor FC vs Kuala Lumpur City FC,Super League,2026-09-13 13:15,target__ht_over_1_5_goals,HT Over 1.5,58.9,53.5,5.4,1.87,0.6269,True,38.8
sr:match:67015384,Viking FK,Kristiansund BK,Viking FK vs Kristiansund BK,Eliteserien,2026-09-13 13:30,target__ht_over_1_5_goals,HT Over 1.5,62.3,51.5,10.7,1.94,0.6269,True,38.8
sr:match:72041130,SC Heerenveen,SC Telstar,SC Heerenveen vs SC Telstar,Eredivisie,2026-09-13 13:30,target__ht_over_1_5_goals,HT Over 1.5,58.9,50.3,8.7,1.99,0.6269,True,38.8
sr:match:67915852,Kjelsaas,Stjordals-Blink,Kjelsaas vs Stjordals-Blink,2nd Division Group 2,2026-09-13 13:30,target__ht_over_1_5_goals,HT Over 1.5,58.9,53.5,5.4,1.87,0.6269,True,38.8
sr:match:73409252,Araz Nakhchivan PFK,Turan Tovuz,Araz Nakhchivan PFK vs Turan Tovuz,Premier League,2026-09-13 13:30,target__ht_over_1_5_goals,HT Over 1.5,46.7,37.0,9.7,2.7,0.6269,True,38.8
sr:match:72036174,Lille,Troyes,Lille vs Troyes,Ligue 1,2026-09-13 14:00,target__ht_over_1_5_goals,HT Over 1.5,46.7,40.8,5.9,2.45,0.6269,True,38.8
sr:match:74178282,Mezoors Kse,Puskas Akademia FC Felcsut,Mezoors Kse vs Puskas Akademia FC Felcsut,Magyar Kupa,2026-09-13 14:00,target__ht_over_1_5_goals,HT Over 1.5,62.3,58.5,3.8,1.71,0.6269,True,38.8
sr:match:72513186,RB Leipzig,Hamburger SV,RB Leipzig vs Hamburger SV,Bundesliga,2026-09-13 14:30,target__ht_over_1_5_goals,HT Over 1.5,58.9,50.5,8.4,1.98,0.6269,True,38.8
sr:match:72656458,FK Bospor Bohumin,MFK Kravare,FK Bospor Bohumin vs MFK Kravare,Divize F,2026-09-13 14:30,target__ht_over_1_5_goals,HT Over 1.5,62.3,54.6,7.6,1.83,0.6269,True,38.8
sr:match:72045758,FK Sileks Kratovo,FC Bregalnica 2008 AD,FK Sileks Kratovo vs FC Bregalnica 2008 AD,1. MFL,2026-09-13 14:45,target__ht_over_1_5_goals,HT Over 1.5,46.7,43.5,3.3,2.3,0.6269,True,38.8
sr:match:72723204,Genclerbirligi SK,Kasimpasa Istanbul,Genclerbirligi SK vs Kasimpasa Istanbul,Super Lig,2026-09-13 15:00,target__ht_over_1_5_goals,HT Over 1.5,46.7,32.3,14.5,3.1,0.6269,True,38.8
sr:match:68320978,Skiljebo SK,Korsnas IF FK,Skiljebo SK vs Korsnas IF FK,Division 2,2026-09-13 15:00,target__ht_over_1_5_goals,HT Over 1.5,62.3,57.8,4.5,1.73,0.6269,True,38.8
sr:match:74460164,Stjarnan Gardabae,IBV Vestmannaeyjar,Stjarnan Gardabae vs IBV Vestmannaeyjar,Besta deild,2026-09-13 15:00,target__ht_over_1_5_goals,HT Over 1.5,58.9,55.6,3.3,1.8,0.6269,True,38.8
sr:match:74460168,Valur Reykjavik,Thor Akureyri,Valur Reykjavik vs Thor Akureyri,Besta deild,2026-09-13 15:00,target__ht_over_1_5_goals,HT Over 1.5,58.9,55.9,3.0,1.79,0.6269,True,38.8
sr:match:72963766,US Mondorf-Les-Bains,FC Una Strassen,US Mondorf-Les-Bains vs FC Una Strassen,Division Nationale,2026-09-13 15:00,target__ht_over_1_5_goals,HT Over 1.5,40.2,36.4,3.9,2.75,0.6269,True,38.8
sr:match:72176944,FC Luzern,Basel,FC Luzern vs Basel,Super League,2026-09-13 15:30,target__ht_over_1_5_goals,HT Over 1.5,58.9,50.0,8.9,2.0,0.6269,True,38.8
sr:match:71998188,POFC Botev Vratsa,PFC Levski Sofia,POFC Botev Vratsa vs PFC Levski Sofia,Parva Liga,2026-09-13 15:45,target__ht_over_1_5_goals,HT Over 1.5,40.2,37.0,3.2,2.7,0.6269,True,38.8
sr:match:72044648,FC Volendam,FC Den Bosch,FC Volendam vs FC Den Bosch,Eerste Divisie,2026-09-13 15:45,target__ht_over_1_5_goals,HT Over 1.5,58.9,54.3,4.6,1.84,0.6269,True,38.8
sr:match:67018164,Egersunds IK,Kongsvinger IL Toppfotball,Egersunds IK vs Kongsvinger IL Toppfotball,1st Division,2026-09-13 16:00,target__ht_over_1_5_goals,HT Over 1.5,58.9,54.6,4.3,1.83,0.6269,True,38.8
sr:match:67018170,Ranheim,Aasane Fotball,Ranheim vs Aasane Fotball,1st Division,2026-09-13 16:00,target__ht_over_1_5_goals,HT Over 1.5,62.3,56.5,5.8,1.77,0.6269,True,38.8
sr:match:67018174,Sogndal Fotball,Stroemmen IF,Sogndal Fotball vs Stroemmen IF,1st Division,2026-09-13 16:00,target__ht_over_1_5_goals,HT Over 1.5,58.9,50.3,8.7,1.99,0.6269,True,38.8
sr:match:67018176,Stroemsgodset IF,Sandnes Ulf,Stroemsgodset IF vs Sandnes Ulf,1st Division,2026-09-13 16:00,target__ht_over_1_5_goals,HT Over 1.5,62.3,55.9,6.4,1.79,0.6269,True,38.8
sr:match:72597704,SK Artis B,FC Zlin B,SK Artis B vs FC Zlin B,MSFL,2026-09-13 16:30,target__ht_over_1_5_goals,HT Over 1.5,58.9,48.8,10.1,2.05,0.6269,True,38.8
sr:match:71945258,Napoli,Bologna,Napoli vs Bologna,Serie A,2026-09-13 17:00,target__ht_over_1_5_goals,HT Over 1.5,46.7,32.3,14.5,3.1,0.6269,True,38.8
sr:match:72607976,FK Teplice,Slavia Prague,FK Teplice vs Slavia Prague,1. Liga,2026-09-13 17:00,target__ht_over_1_5_goals,HT Over 1.5,46.7,40.8,5.9,2.45,0.6269,True,38.8
sr:match:72936036,Asteras Tripolis,AEK Athens,Asteras Tripolis vs AEK Athens,Super League,2026-09-13 17:00,target__ht_over_1_5_goals,HT Over 1.5,46.7,37.7,9.0,2.65,0.6269,True,38.8
sr:match:73293140,US Folgore Caratese,Alcione Milano,US Folgore Caratese vs Alcione Milano,"Serie C, Group A",2026-09-13 17:00,target__ht_over_1_5_goals,HT Over 1.5,32.6,29.4,3.2,3.4,0.6269,True,38.8
sr:match:72837764,52 Orduspor FK,Hekimoglu Trabzon,52 Orduspor FK vs Hekimoglu Trabzon,2. Lig,2026-09-13 17:00,target__ht_over_1_5_goals,HT Over 1.5,46.7,41.7,5.1,2.4,0.6269,True,38.8
sr:match:67850110,07 Vestur Sorvagur,KI Klaksvik,07 Vestur Sorvagur vs KI Klaksvik,Premier League,2026-09-13 17:15,target__ht_over_1_5_goals,HT Over 1.5,58.9,48.8,10.1,2.05,0.6269,True,38.8
sr:match:74214694,Neom SC,Al-Fateh SC,Neom SC vs Al-Fateh SC,Saudi Pro League,2026-09-13 17:20,target__ht_over_1_5_goals,HT Over 1.5,46.7,43.5,3.3,2.3,0.6269,True,38.8
sr:match:72530926,Benfica,Gil Vicente Barcelos,Benfica vs Gil Vicente Barcelos,Liga Portugal,2026-09-13 18:00,target__ht_over_1_5_goals,HT Over 1.5,58.9,46.5,12.4,2.15,0.6269,True,38.8
sr:match:72723202,Amed Sportif Faaliyetler,Istanbul BB,Amed Sportif Faaliyetler vs Istanbul BB,Super Lig,2026-09-13 18:00,target__ht_over_1_5_goals,HT Over 1.5,46.7,37.7,9.0,2.65,0.6269,True,38.8
sr:match:67015372,Fredrikstad FK,Sarpsborg 08,Fredrikstad FK vs Sarpsborg 08,Eliteserien,2026-09-13 18:15,target__ht_over_1_5_goals,HT Over 1.5,46.7,40.0,6.7,2.5,0.6269,True,38.8
sr:match:71998186,Botev Plovdiv,PFC Lokomotiv Plovdiv,Botev Plovdiv vs PFC Lokomotiv Plovdiv,Parva Liga,2026-09-13 18:30,target__ht_over_1_5_goals,HT Over 1.5,46.7,36.4,10.4,2.75,0.6269,True,38.8
sr:match:73270130,TSG Hoffenheim II,Fortuna Cologne,TSG Hoffenheim II vs Fortuna Cologne,3. Liga,2026-09-13 18:30,target__ht_over_1_5_goals,HT Over 1.5,46.7,43.5,3.3,2.3,0.6269,True,38.8
sr:match:73346010,Aston Villa WFC,Manchester City WFC,Aston Villa WFC vs Manchester City WFC,Super League Women,2026-09-13 18:30,target__ht_over_1_5_goals,HT Over 1.5,62.3,48.8,13.5,2.05,0.6269,True,38.8
sr:match:71913070,HNK Hajduk Split,NK Slaven Belupo,HNK Hajduk Split vs NK Slaven Belupo,HNL,2026-09-13 19:00,target__ht_over_1_5_goals,HT Over 1.5,58.9,48.8,10.1,2.05,0.6269,True,38.8
sr:match:74214604,Al-Riyadh SC,Al-Kholood,Al-Riyadh SC vs Al-Kholood,Saudi Pro League,2026-09-13 19:00,target__ht_over_1_5_goals,HT Over 1.5,40.2,37.0,3.2,2.7,0.6269,True,38.8
sr:match:74225350,FC Santa Cruz RS,CE Lajeadense RS,FC Santa Cruz RS vs CE Lajeadense RS,"Gaucho, Serie A2",2026-09-13 19:00,target__ht_over_1_5_goals,HT Over 1.5,32.6,28.6,4.1,3.5,0.6269,True,38.8
sr:match:67117950,CA Estudiantes,CA Acassuso,CA Estudiantes vs CA Acassuso,Primera Nacional,2026-09-13 19:30,target__ht_over_1_5_goals,HT Over 1.5,32.6,29.4,3.2,3.4,0.6269,True,38.8
sr:match:68157124,Chattanooga FC,Atlanta United 2,Chattanooga FC vs Atlanta United 2,MLS Next Pro,2026-09-13 20:00,target__ht_over_1_5_goals,HT Over 1.5,62.3,55.9,6.4,1.79,0.6269,True,38.8
sr:match:73487156,Always Ready,Guabira Montero,Always Ready vs Guabira Montero,Division Profesional,2026-09-13 20:00,target__ht_over_1_5_goals,HT Over 1.5,58.9,54.9,4.0,1.82,0.6269,True,38.8
sr:match:72530918,FC Famalicao,Sporting,FC Famalicao vs Sporting,Liga Portugal,2026-09-13 20:30,target__ht_over_1_5_goals,HT Over 1.5,46.7,38.5,8.3,2.6,0.6269,True,38.8
sr:match:73217382,CSB Atenas,Juventud Antoniana,CSB Atenas vs Juventud Antoniana,Torneo Federal A,2026-09-13 20:30,target__ht_over_1_5_goals,HT Over 1.5,32.6,27.0,5.6,3.7,0.6269,True,38.8
sr:match:66299546,Vancouver Whitecaps FC,Austin FC,Vancouver Whitecaps FC vs Austin FC,MLS,2026-09-13 23:30,target__ht_over_1_5_goals,HT Over 1.5,58.9,48.8,10.1,2.05,0.6269,True,38.8
sr:match:68157136,Orlando City B,Toronto FC II,Orlando City B vs Toronto FC II,MLS Next Pro,2026-09-14 00:00,target__ht_over_1_5_goals,HT Over 1.5,58.9,51.5,7.4,1.94,0.6269,True,38.8
sr:match:68687902,Libertad Loja,CSD Independiente del Valle,Libertad Loja vs CSD Independiente del Valle,LigaPro Primera A,2026-09-14 00:00,target__ht_over_1_5_goals,HT Over 1.5,46.7,39.2,7.5,2.55,0.6269,True,38.8
sr:match:73204580,Atletico San Luis,Club Santos Laguna,Atletico San Luis vs Club Santos Laguna,"Liga MX, Women",2026-09-14 00:00,target__ht_over_1_5_goals,HT Over 1.5,58.9,51.8,7.1,1.93,0.6269,True,38.8
sr:match:68157140,Sporting Kansas City II,Los Angeles FC 2,Sporting Kansas City II vs Los Angeles FC 2,MLS Next Pro,2026-09-14 01:00,target__ht_over_1_5_goals,HT Over 1.5,58.9,53.8,5.1,1.86,0.6269,True,38.8
sr:match:71936104,Alianza Lima,Universitario de Deportes,Alianza Lima vs Universitario de Deportes,Liga 1,2026-09-13 02:00,target__over_1_5_goals,Over 1.5 Goals,70.9,65.8,5.1,1.52,0.6116,True,77.7
sr:match:72335102,Alianza FC Valledupar,CD Junior FC,Alianza FC Valledupar vs CD Junior FC,Liga DIMAYOR,2026-09-13 02:20,target__over_1_5_goals,Over 1.5 Goals,79.2,74.6,4.5,1.34,0.6116,True,77.7
sr:match:73095426,CD Escorpiones Belen,CS Herediano,CD Escorpiones Belen vs CS Herediano,Primera Division,2026-09-13 03:00,target__over_1_5_goals,Over 1.5 Goals,86.2,77.5,8.7,1.29,0.6116,True,77.7
sr:match:72474958,CD Marquense,Deportivo San Pedro,CD Marquense vs Deportivo San Pedro,Liga Nacional,2026-09-13 03:00,target__over_1_5_goals,Over 1.5 Goals,79.2,74.6,4.5,1.34,0.6116,True,77.7
sr:match:66299542,San Jose Earthquakes,Houston Dynamo,San Jose Earthquakes vs Houston Dynamo,MLS,2026-09-13 03:30,target__over_1_5_goals,Over 1.5 Goals,86.2,80.6,5.6,1.24,0.6116,True,77.7
sr:match:67817878,Gimcheon Sangmu FC,Gangwon FC,Gimcheon Sangmu FC vs Gangwon FC,K-League 1,2026-09-13 08:30,target__over_1_5_goals,Over 1.5 Goals,79.2,72.5,6.7,1.38,0.6116,True,77.7
sr:match:72149720,Tokyo Verdy,JEF United Chiba,Tokyo Verdy vs JEF United Chiba,J1 League,2026-09-13 10:00,target__over_1_5_goals,Over 1.5 Goals,84.3,70.4,13.9,1.42,0.6116,True,77.7
sr:match:72151954,Matsumoto Yamaga FC,SC Sagamihara,Matsumoto Yamaga FC vs SC Sagamihara,J3 League,2026-09-13 10:00,target__over_1_5_goals,Over 1.5 Goals,84.3,75.8,8.5,1.32,0.6116,True,77.7
sr:match:73549568,DH van Hien,Becamex Ho Chi Minh City,DH van Hien vs Becamex Ho Chi Minh City,V-League 2,2026-09-13 10:00,target__over_1_5_goals,Over 1.5 Goals,80.5,76.9,3.6,1.3,0.6116,True,77.7
sr:match:72151958,Mio Biwako Shiga,Kagoshima United,Mio Biwako Shiga vs Kagoshima United,J3 League,2026-09-13 10:30,target__over_1_5_goals,Over 1.5 Goals,80.5,76.9,3.6,1.3,0.6116,True,77.7
sr:match:72151966,Kochi United SC,Zweigen Kanazawa,Kochi United SC vs Zweigen Kanazawa,J3 League,2026-09-13 11:00,target__over_1_5_goals,Over 1.5 Goals,79.2,74.1,5.1,1.35,0.6116,True,77.7
sr:match:73086608,AFC Metalul Buzau,AFC Unirea 04 Slobozia,AFC Metalul Buzau vs AFC Unirea 04 Slobozia,Liga 2,2026-09-13 11:00,target__over_1_5_goals,Over 1.5 Goals,84.3,78.7,5.6,1.27,0.6116,True,77.7
sr:match:73549580,Gia Dinh,K. Khanh Hoa,Gia Dinh vs K. Khanh Hoa,V-League 2,2026-09-13 12:00,target__over_1_5_goals,Over 1.5 Goals,86.2,78.1,8.1,1.28,0.6116,True,77.7
sr:match:72334322,RFK Akhmat Grozny,FC Dynamo-Makhachkala,RFK Akhmat Grozny vs FC Dynamo-Makhachkala,Premier League,2026-09-13 12:30,target__over_1_5_goals,Over 1.5 Goals,79.2,71.4,7.7,1.4,0.6116,True,77.7
sr:match:72478548,Celta,Malaga CF,Celta vs Malaga CF,LaLiga,2026-09-13 13:00,target__over_1_5_goals,Over 1.5 Goals,84.3,73.5,10.8,1.36,0.6116,True,77.7
sr:match:72477400,Sporting Gijon,Club Deportivo Eldense,Sporting Gijon vs Club Deportivo Eldense,LALIGA HYPERMOTION,2026-09-13 13:00,target__over_1_5_goals,Over 1.5 Goals,80.5,73.0,7.5,1.37,0.6116,True,77.7
sr:match:72578296,Leningradets,FC Tekstilshchik Ivanovo,Leningradets vs FC Tekstilshchik Ivanovo,1. Liga,2026-09-13 13:00,target__over_1_5_goals,Over 1.5 Goals,80.5,70.9,9.6,1.41,0.6116,True,77.7
sr:match:74111094,FC Dnepr Mogilev,Maxline Vitebsk,FC Dnepr Mogilev vs Maxline Vitebsk,Vysshaya Liga,2026-09-13 13:00,target__over_1_5_goals,Over 1.5 Goals,86.2,80.6,5.6,1.24,0.6116,True,77.7
sr:match:69343108,Ulytau FC,FC Altai Oskemen,Ulytau FC vs FC Altai Oskemen,Premier League,2026-09-13 13:00,target__over_1_5_goals,Over 1.5 Goals,81.1,75.8,5.3,1.32,0.6116,True,77.7
sr:match:71998198,PFC Slavia Sofia,FK Spartak 1918 Varna,PFC Slavia Sofia vs FK Spartak 1918 Varna,Parva Liga,2026-09-13 13:15,target__over_1_5_goals,Over 1.5 Goals,79.2,72.5,6.7,1.38,0.6116,True,77.7
sr:match:73409252,Araz Nakhchivan PFK,Turan Tovuz,Araz Nakhchivan PFK vs Turan Tovuz,Premier League,2026-09-13 13:30,target__over_1_5_goals,Over 1.5 Goals,84.3,76.3,8.0,1.31,0.6116,True,77.7
sr:match:71945256,Lecce,Monza,Lecce vs Monza,Serie A,2026-09-13 14:00,target__over_1_5_goals,Over 1.5 Goals,79.2,70.9,8.2,1.41,0.6116,True,77.7
sr:match:73658782,Simba SC,Mighty Wanderers FC,Simba SC vs Mighty Wanderers FC,CAF Champions League,2026-09-13 14:00,target__over_1_5_goals,Over 1.5 Goals,81.1,76.9,4.2,1.3,0.6116,True,77.7
sr:match:72607978,FC Zlin,FC Hradec Kralove,FC Zlin vs FC Hradec Kralove,1. Liga,2026-09-13 14:00,target__over_1_5_goals,Over 1.5 Goals,80.5,74.1,6.4,1.35,0.6116,True,77.7
sr:match:72531580,GD Chaves,CD Feirense,GD Chaves vs CD Feirense,Liga Portugal 2,2026-09-13 14:00,target__over_1_5_goals,Over 1.5 Goals,80.5,71.9,8.5,1.39,0.6116,True,77.7
sr:match:74172392,Niki Volou 1924 PAE,Olympiacos Piraeus B,Niki Volou 1924 PAE vs Olympiacos Piraeus B,Super League 2,2026-09-13 14:00,target__over_1_5_goals,Over 1.5 Goals,79.2,72.5,6.7,1.38,0.6116,True,77.7
sr:match:73258814,Milford FC,Richards Bay FC,Milford FC vs Richards Bay FC,Premiership,2026-09-13 14:00,target__over_1_5_goals,Over 1.5 Goals,70.6,62.1,8.4,1.61,0.6116,True,77.7
sr:match:73293890,SEF Torres Sassari,AS Ostia Mare Lido Calcio,SEF Torres Sassari vs AS Ostia Mare Lido Calcio,"Serie C, Group B",2026-09-13 14:00,target__over_1_5_goals,Over 1.5 Goals,77.8,71.4,6.3,1.4,0.6116,True,77.7
sr:match:73346002,Everton FC Women,Charlton Athletic,Everton FC Women vs Charlton Athletic,Super League Women,2026-09-13 14:00,target__over_1_5_goals,Over 1.5 Goals,87.2,82.6,4.5,1.21,0.6116,True,77.7
sr:match:72045758,FK Sileks Kratovo,FC Bregalnica 2008 AD,FK Sileks Kratovo vs FC Bregalnica 2008 AD,1. MFL,2026-09-13 14:45,target__over_1_5_goals,Over 1.5 Goals,87.2,82.6,4.5,1.21,0.6116,True,77.7
sr:match:72723204,Genclerbirligi SK,Kasimpasa Istanbul,Genclerbirligi SK vs Kasimpasa Istanbul,Super Lig,2026-09-13 15:00,target__over_1_5_goals,Over 1.5 Goals,79.2,73.0,6.2,1.37,0.6116,True,77.7
sr:match:73217738,CD Santamarina Tandil,Costa Brava de General Pico,CD Santamarina Tandil vs Costa Brava de General Pico,Torneo Federal A,2026-09-13 15:00,target__over_1_5_goals,Over 1.5 Goals,70.9,62.5,8.4,1.6,0.6116,True,77.7
sr:match:74172398,Nestos Chrysoupoli FC,Pas Pyrgos,Nestos Chrysoupoli FC vs Pas Pyrgos,Super League 2,2026-09-13 15:00,target__over_1_5_goals,Over 1.5 Goals,79.2,71.9,7.2,1.39,0.6116,True,77.7
sr:match:73217730,Fadep,Deportivo Rincon,Fadep vs Deportivo Rincon,Torneo Federal A,2026-09-13 15:30,target__over_1_5_goals,Over 1.5 Goals,79.2,66.2,12.9,1.51,0.6116,True,77.7
sr:match:71998188,POFC Botev Vratsa,PFC Levski Sofia,POFC Botev Vratsa vs PFC Levski Sofia,Parva Liga,2026-09-13 15:45,target__over_1_5_goals,Over 1.5 Goals,84.3,76.3,8.0,1.31,0.6116,True,77.7
sr:match:73658750,Rivers United FC,FC San Pedro,Rivers United FC vs FC San Pedro,CAF Champions League,2026-09-13 16:00,target__over_1_5_goals,Over 1.5 Goals,70.6,65.8,4.8,1.52,0.6116,True,77.7
sr:match:74448496,Club S Hammam-Lif,Esperance Sportive de Tunis,Club S Hammam-Lif vs Esperance Sportive de Tunis,Ligue 1,2026-09-13 16:00,target__over_1_5_goals,Over 1.5 Goals,84.3,69.0,15.3,1.45,0.6116,True,77.7
sr:match:74448494,JS Omrane,ES Metlaoui,JS Omrane vs ES Metlaoui,Ligue 1,2026-09-13 16:00,target__over_1_5_goals,Over 1.5 Goals,70.6,63.3,7.3,1.58,0.6116,True,77.7
sr:match:73945178,FC Pyunik Yerevan,FC Shirak Gyumri,FC Pyunik Yerevan vs FC Shirak Gyumri,Premier League,2026-09-13 16:00,target__over_1_5_goals,Over 1.5 Goals,84.3,81.3,3.0,1.23,0.6116,True,77.7
sr:match:74441300,Aduana FC,FC Samartex,Aduana FC vs FC Samartex,Premier League,2026-09-13 16:00,target__over_1_5_goals,Over 1.5 Goals,79.2,68.0,11.1,1.47,0.6116,True,77.7
sr:match:74441302,Swedru All Blacks,Debibi United FC,Swedru All Blacks vs Debibi United FC,Premier League,2026-09-13 16:00,target__over_1_5_goals,Over 1.5 Goals,79.2,72.5,6.7,1.38,0.6116,True,77.7
sr:match:73092924,Mantova 1911,Sampdoria Genoa,Mantova 1911 vs Sampdoria Genoa,Serie B,2026-09-13 16:15,target__over_1_5_goals,Over 1.5 Goals,79.2,73.0,6.2,1.37,0.6116,True,77.7
sr:match:73092912,US Avellino,Palermo FC,US Avellino vs Palermo FC,Serie B,2026-09-13 16:15,target__over_1_5_goals,Over 1.5 Goals,79.2,75.2,4.0,1.33,0.6116,True,77.7
sr:match:74203130,Al Kahrabaa SC,AL Minaa,Al Kahrabaa SC vs AL Minaa,Stars League,2026-09-13 16:45,target__over_1_5_goals,Over 1.5 Goals,77.8,69.9,7.8,1.43,0.6116,True,77.7
sr:match:71945258,Napoli,Bologna,Napoli vs Bologna,Serie A,2026-09-13 17:00,target__over_1_5_goals,Over 1.5 Goals,81.1,74.1,7.0,1.35,0.6116,True,77.7
sr:match:72607976,FK Teplice,Slavia Prague,FK Teplice vs Slavia Prague,1. Liga,2026-09-13 17:00,target__over_1_5_goals,Over 1.5 Goals,84.3,81.3,3.0,1.23,0.6116,True,77.7
sr:match:72936036,Asteras Tripolis,AEK Athens,Asteras Tripolis vs AEK Athens,Super League,2026-09-13 17:00,target__over_1_5_goals,Over 1.5 Goals,81.1,77.5,3.6,1.29,0.6116,True,77.7
sr:match:73866550,FC Milsami,Sheriff Tiraspol,FC Milsami vs Sheriff Tiraspol,Super Liga,2026-09-13 17:00,target__over_1_5_goals,Over 1.5 Goals,81.1,77.5,3.6,1.29,0.6116,True,77.7
sr:match:72498238,Valletta FC,Balzan FC,Valletta FC vs Balzan FC,Premier League,2026-09-13 17:00,target__over_1_5_goals,Over 1.5 Goals,80.5,74.6,5.9,1.34,0.6116,True,77.7
sr:match:72478550,Getafe,RC Deportivo de A Coruna,Getafe vs RC Deportivo de A Coruna,LaLiga,2026-09-13 17:30,target__over_1_5_goals,Over 1.5 Goals,70.9,60.2,10.7,1.66,0.6116,True,77.7
sr:match:72203052,SV Zulte Waregem,Royal Charleroi SC,SV Zulte Waregem vs Royal Charleroi SC,Pro League,2026-09-13 17:30,target__over_1_5_goals,Over 1.5 Goals,84.3,81.3,3.0,1.23,0.6116,True,77.7
sr:match:72530912,FC Arouca,Santa Clara Azores,FC Arouca vs Santa Clara Azores,Liga Portugal,2026-09-13 18:00,target__over_1_5_goals,Over 1.5 Goals,81.1,69.4,11.6,1.44,0.6116,True,77.7
sr:match:72723202,Amed Sportif Faaliyetler,Istanbul BB,Amed Sportif Faaliyetler vs Istanbul BB,Super Lig,2026-09-13 18:00,target__over_1_5_goals,Over 1.5 Goals,84.3,79.4,4.9,1.26,0.6116,True,77.7
sr:match:73160380,Olympiakos Nicosia,Als Omonia,Olympiakos Nicosia vs Als Omonia,1st Division,2026-09-13 18:00,target__over_1_5_goals,Over 1.5 Goals,80.5,73.5,7.0,1.36,0.6116,True,77.7
sr:match:72302140,Patro Eisden Maasmechelen,KAS Eupen,Patro Eisden Maasmechelen vs KAS Eupen,Challenger Pro League,2026-09-13 18:15,target__over_1_5_goals,Over 1.5 Goals,86.2,79.4,6.8,1.26,0.6116,True,77.7
sr:match:72387988,FC Corvinul Hunedoara 1921,CS Universitatea Craiova,FC Corvinul Hunedoara 1921 vs CS Universitatea Craiova,Superliga,2026-09-13 18:30,target__over_1_5_goals,Over 1.5 Goals,80.5,76.9,3.6,1.3,0.6116,True,77.7
sr:match:72491320,SD Eibar,FC Badalona Women,SD Eibar vs FC Badalona Women,Primera Division Women,2026-09-13 18:30,target__over_1_5_goals,Over 1.5 Goals,77.8,70.9,6.9,1.41,0.6116,True,77.7
sr:match:73265302,CA Sarmiento Junin,CA Belgrano de Cordoba,CA Sarmiento Junin vs CA Belgrano de Cordoba,Primera LPF,2026-09-13 18:45,target__over_1_5_goals,Over 1.5 Goals,70.6,66.2,4.3,1.51,0.6116,True,77.7
sr:match:73265314,CA Tigre,CA Rosario Central,CA Tigre vs CA Rosario Central,Primera LPF,2026-09-13 18:45,target__over_1_5_goals,Over 1.5 Goals,70.6,64.5,6.0,1.55,0.6116,True,77.7
sr:match:72936040,AE Kifisia FC,APO Levadiakos FC,AE Kifisia FC vs APO Levadiakos FC,Super League,2026-09-13 19:00,target__over_1_5_goals,Over 1.5 Goals,79.2,73.5,5.6,1.36,0.6116,True,77.7
sr:match:73217552,Club Tucuman Central Deportes,Sportivo Las Parejas,Club Tucuman Central Deportes vs Sportivo Las Parejas,Torneo Federal A,2026-09-13 19:00,target__over_1_5_goals,Over 1.5 Goals,70.6,64.5,6.0,1.55,0.6116,True,77.7
sr:match:73217384,Kimberley de Mar Del Plata,CA Huracan Las Heras,Kimberley de Mar Del Plata vs CA Huracan Las Heras,Torneo Federal A,2026-09-13 19:00,target__over_1_5_goals,Over 1.5 Goals,79.2,67.1,12.1,1.49,0.6116,True,77.7
sr:match:68098132,San Marcos de Arica,Curico Unido,San Marcos de Arica vs Curico Unido,Primera B,2026-09-13 19:00,target__over_1_5_goals,Over 1.5 Goals,79.2,74.6,4.5,1.34,0.6116,True,77.7
sr:match:67119732,Argentino de Quilmes,Deportivo Merlo,Argentino de Quilmes vs Deportivo Merlo,Primera B,2026-09-13 19:00,target__over_1_5_goals,Over 1.5 Goals,70.6,61.7,8.8,1.62,0.6116,True,77.7
sr:match:67119734,CSD Flandria,Deportivo Camioneros,CSD Flandria vs Deportivo Camioneros,Primera B,2026-09-13 19:00,target__over_1_5_goals,Over 1.5 Goals,70.9,59.5,11.4,1.68,0.6116,True,77.7
sr:match:67117946,Club Atletico Los Andes,CA San Miguel,Club Atletico Los Andes vs CA San Miguel,Primera Nacional,2026-09-13 19:00,target__over_1_5_goals,Over 1.5 Goals,70.9,59.5,11.4,1.68,0.6116,True,77.7
sr:match:67123454,ASD Justo Jose de Urquiza,CA General Lamadrid,ASD Justo Jose de Urquiza vs CA General Lamadrid,Primera C,2026-09-13 19:00,target__over_1_5_goals,Over 1.5 Goals,67.2,62.5,4.7,1.6,0.6116,True,77.7
sr:match:67123438,CA Central Cordoba Rosario,Argentino de Rosario,CA Central Cordoba Rosario vs Argentino de Rosario,Primera C,2026-09-13 19:00,target__over_1_5_goals,Over 1.5 Goals,77.8,67.6,10.2,1.48,0.6116,True,77.7
sr:match:67123444,Defensores de Cambaceres,CS Barracas,Defensores de Cambaceres vs CS Barracas,Primera C,2026-09-13 19:00,target__over_1_5_goals,Over 1.5 Goals,70.6,64.5,6.0,1.55,0.6116,True,77.7
sr:match:74068608,CE Aimore RS,Passo Fundo,CE Aimore RS vs Passo Fundo,"Gaucho, Serie A2",2026-09-13 19:00,target__over_1_5_goals,Over 1.5 Goals,70.9,62.5,8.4,1.6,0.6116,True,77.7
sr:match:74225350,FC Santa Cruz RS,CE Lajeadense RS,FC Santa Cruz RS vs CE Lajeadense RS,"Gaucho, Serie A2",2026-09-13 19:00,target__over_1_5_goals,Over 1.5 Goals,77.8,64.1,13.7,1.56,0.6116,True,77.7
sr:match:73217732,CA Germinal,Guillermo Brown,CA Germinal vs Guillermo Brown,Torneo Federal A,2026-09-13 19:30,target__over_1_5_goals,Over 1.5 Goals,70.6,64.5,6.0,1.55,0.6116,True,77.7
sr:match:73217380,Club Cipolletti,CA Alvarado,Club Cipolletti vs CA Alvarado,Torneo Federal A,2026-09-13 19:30,target__over_1_5_goals,Over 1.5 Goals,70.6,66.2,4.3,1.51,0.6116,True,77.7
sr:match:67117950,CA Estudiantes,CA Acassuso,CA Estudiantes vs CA Acassuso,Primera Nacional,2026-09-13 19:30,target__over_1_5_goals,Over 1.5 Goals,79.2,66.2,12.9,1.51,0.6116,True,77.7
sr:match:67118666,CA Patronato Parana,CA Temperley,CA Patronato Parana vs CA Temperley,Primera Nacional,2026-09-13 19:30,target__over_1_5_goals,Over 1.5 Goals,70.6,61.3,9.2,1.63,0.6116,True,77.7
sr:match:67117954,Club Almirante Brown,Ferro Carril Oeste,Club Almirante Brown vs Ferro Carril Oeste,Primera Nacional,2026-09-13 19:30,target__over_1_5_goals,Over 1.5 Goals,70.6,57.5,13.1,1.74,0.6116,True,77.7
sr:match:73217386,CD Argentino Monte Maiz,Villa Mitre de Bahia Blanca,CD Argentino Monte Maiz vs Villa Mitre de Bahia Blanca,Torneo Federal A,2026-09-13 19:45,target__over_1_5_goals,Over 1.5 Goals,70.6,57.8,12.8,1.73,0.6116,True,77.7
sr:match:68823276,AC Goianiense GO,Criciuma EC SC,AC Goianiense GO vs Criciuma EC SC,Brasileiro Serie B,2026-09-13 20:00,target__over_1_5_goals,Over 1.5 Goals,70.9,64.5,6.4,1.55,0.6116,True,77.7
sr:match:72335104,Deportivo Pereira FC SA,CA Bucaramanga,Deportivo Pereira FC SA vs CA Bucaramanga,Liga DIMAYOR,2026-09-13 20:00,target__over_1_5_goals,Over 1.5 Goals,79.2,71.4,7.7,1.4,0.6116,True,77.7
sr:match:73217314,CS Belgrano,Douglas Haig,CS Belgrano vs Douglas Haig,Torneo Federal A,2026-09-13 20:00,target__over_1_5_goals,Over 1.5 Goals,70.6,66.2,4.3,1.51,0.6116,True,77.7
sr:match:67117942,CA Racing de Cordoba,Deportivo Moron,CA Racing de Cordoba vs Deportivo Moron,Primera Nacional,2026-09-13 20:00,target__over_1_5_goals,Over 1.5 Goals,70.6,61.7,8.8,1.62,0.6116,True,77.7
sr:match:67117952,Mitre Santiago del Estero,CA Chaco For Ever,Mitre Santiago del Estero vs CA Chaco For Ever,Primera Nacional,2026-09-13 20:00,target__over_1_5_goals,Over 1.5 Goals,70.6,63.3,7.3,1.58,0.6116,True,77.7
sr:match:74244346,Ferroviaria SP,Paysandu SC PA,Ferroviaria SP vs Paysandu SC PA,Brasileiro Serie C,2026-09-13 20:00,target__over_1_5_goals,Over 1.5 Goals,82.8,76.3,6.5,1.31,0.6116,True,77.7
sr:match:74100414,Sport Club Gaucho Passo Fundo RS,Veranopolis RS,Sport Club Gaucho Passo Fundo RS vs Veranopolis RS,"Gaucho, Serie A2",2026-09-13 20:00,target__over_1_5_goals,Over 1.5 Goals,70.6,65.8,4.8,1.52,0.6116,True,77.7
sr:match:72530918,FC Famalicao,Sporting,FC Famalicao vs Sporting,Liga Portugal,2026-09-13 20:30,target__over_1_5_goals,Over 1.5 Goals,84.3,78.7,5.6,1.27,0.6116,True,77.7
sr:match:73217382,CSB Atenas,Juventud Antoniana,CSB Atenas vs Juventud Antoniana,Torneo Federal A,2026-09-13 20:30,target__over_1_5_goals,Over 1.5 Goals,79.2,61.7,17.4,1.62,0.6116,True,77.7
sr:match:67118660,CA Ferrocarril Midland,Chacarita Juniors,CA Ferrocarril Midland vs Chacarita Juniors,Primera Nacional,2026-09-13 20:30,target__over_1_5_goals,Over 1.5 Goals,77.8,64.1,13.7,1.56,0.6116,True,77.7
sr:match:74270562,Aragua FC,Deportivo Miranda,Aragua FC vs Deportivo Miranda,Segunda Division,2026-09-13 20:30,target__over_1_5_goals,Over 1.5 Goals,79.2,70.4,8.7,1.42,0.6116,True,77.7
sr:match:73217310,CA 9 de Julio Rafaela,CA Bartolome Mitre,CA 9 de Julio Rafaela vs CA Bartolome Mitre,Torneo Federal A,2026-09-13 21:00,target__over_1_5_goals,Over 1.5 Goals,77.8,73.0,4.8,1.37,0.6116,True,77.7
sr:match:71936112,Atletico Grau,Alianza Atletico,Atletico Grau vs Alianza Atletico,Liga 1,2026-09-13 21:15,target__over_1_5_goals,Over 1.5 Goals,77.8,74.6,3.2,1.34,0.6116,True,77.7
sr:match:67117944,CD Godoy Cruz,Colon de Santa Fe,CD Godoy Cruz vs Colon de Santa Fe,Primera Nacional,2026-09-13 22:00,target__over_1_5_goals,Over 1.5 Goals,70.6,63.3,7.3,1.58,0.6116,True,77.7
sr:match:68823268,Gremio Novorizontino SP,Cuiaba EC MT,Gremio Novorizontino SP vs Cuiaba EC MT,Brasileiro Serie B,2026-09-13 22:30,target__over_1_5_goals,Over 1.5 Goals,77.8,70.9,6.9,1.41,0.6116,True,77.7
sr:match:74207162,San Martin de Tucuman,Agropecuario Argentino,San Martin de Tucuman vs Agropecuario Argentino,Primera Nacional,2026-09-13 22:30,target__over_1_5_goals,Over 1.5 Goals,70.6,64.1,6.5,1.56,0.6116,True,77.7
sr:match:73265290,CA Independiente Avellaneda,CA San Lorenzo de Almagro,CA Independiente Avellaneda vs CA San Lorenzo de Almagro,Primera LPF,2026-09-13 23:15,target__over_1_5_goals,Over 1.5 Goals,70.6,63.3,7.3,1.58,0.6116,True,77.7
sr:match:72636204,Deportes Quindio,Boyaca Patriotas,Deportes Quindio vs Boyaca Patriotas,Torneo DIMAYOR,2026-09-14 00:00,target__over_1_5_goals,Over 1.5 Goals,70.6,67.1,3.4,1.49,0.6116,True,77.7
sr:match:73075398,CD Luis Angel Firpo Usulutan,AD Isidro Metapan,CD Luis Angel Firpo Usulutan vs AD Isidro Metapan,Primera Division,2026-09-14 00:30,target__over_1_5_goals,Over 1.5 Goals,77.8,74.1,3.7,1.35,0.6116,True,77.7
sr:match:72335102,Alianza FC Valledupar,CD Junior FC,Alianza FC Valledupar vs CD Junior FC,Liga DIMAYOR,2026-09-13 02:20,target__over_2_5_goals,Over 2.5 Goals,52.5,48.8,3.7,2.05,0.641,True,56.0
sr:match:66299536,Colorado Rapids,CF Montreal,Colorado Rapids vs CF Montreal,MLS,2026-09-13 02:30,target__over_2_5_goals,Over 2.5 Goals,67.6,62.5,5.1,1.6,0.641,True,56.0
sr:match:66299538,Real Salt Lake,New York City FC,Real Salt Lake vs New York City FC,MLS,2026-09-13 02:30,target__over_2_5_goals,Over 2.5 Goals,67.6,58.8,8.7,1.7,0.641,True,56.0
sr:match:67172934,Sacramento Republic FC,Detroit City FC,Sacramento Republic FC vs Detroit City FC,USL Championship,2026-09-13 03:00,target__over_2_5_goals,Over 2.5 Goals,47.6,42.6,5.1,2.35,0.641,True,56.0
sr:match:72474958,CD Marquense,Deportivo San Pedro,CD Marquense vs Deportivo San Pedro,Liga Nacional,2026-09-13 03:00,target__over_2_5_goals,Over 2.5 Goals,52.5,48.8,3.7,2.05,0.641,True,56.0
sr:match:66299540,Los Angeles Galaxy,Seattle Sounders,Los Angeles Galaxy vs Seattle Sounders,MLS,2026-09-13 03:30,target__over_2_5_goals,Over 2.5 Goals,71.9,64.9,6.9,1.54,0.641,True,56.0
sr:match:66299542,San Jose Earthquakes,Houston Dynamo,San Jose Earthquakes vs Houston Dynamo,MLS,2026-09-13 03:30,target__over_2_5_goals,Over 2.5 Goals,67.6,57.5,10.1,1.74,0.641,True,56.0
sr:match:72300778,SK Slavia Prague B,FK Viktoria Zizkov,SK Slavia Prague B vs FK Viktoria Zizkov,FNL,2026-09-13 09:15,target__over_2_5_goals,Over 2.5 Goals,67.6,64.5,3.1,1.55,0.641,True,56.0
sr:match:72414980,FC Viktoria Plzen B,FK Pribram B,FC Viktoria Plzen B vs FK Pribram B,CFL,2026-09-13 09:30,target__over_2_5_goals,Over 2.5 Goals,82.1,76.3,5.8,1.31,0.641,True,56.0
sr:match:72149720,Tokyo Verdy,JEF United Chiba,Tokyo Verdy vs JEF United Chiba,J1 League,2026-09-13 10:00,target__over_2_5_goals,Over 2.5 Goals,52.5,43.5,9.0,2.3,0.641,True,56.0
sr:match:68774328,FC Nomme United,Viimsi JK,FC Nomme United vs Viimsi JK,Esiliiga,2026-09-13 10:30,target__over_2_5_goals,Over 2.5 Goals,81.2,76.9,4.3,1.3,0.641,True,56.0
sr:match:68774322,FC Tallinn,FC Levadia Tallinn,FC Tallinn vs FC Levadia Tallinn,Esiliiga,2026-09-13 10:30,target__over_2_5_goals,Over 2.5 Goals,81.2,76.3,4.8,1.31,0.641,True,56.0
sr:match:68046748,Suwon FC,Cheonan City FC,Suwon FC vs Cheonan City FC,K-League 2,2026-09-13 11:00,target__over_2_5_goals,Over 2.5 Goals,67.6,64.5,3.1,1.55,0.641,True,56.0
sr:match:72679306,Torpedo Miass,FC Irtysh Omsk,Torpedo Miass vs FC Irtysh Omsk,"2. Liga, Division A",2026-09-13 11:00,target__over_2_5_goals,Over 2.5 Goals,67.6,60.6,7.0,1.65,0.641,True,56.0
sr:match:72041132,Excelsior Rotterdam,FC Utrecht,Excelsior Rotterdam vs FC Utrecht,Eredivisie,2026-09-13 11:15,target__over_2_5_goals,Over 2.5 Goals,67.6,61.3,6.2,1.63,0.641,True,56.0
sr:match:72339828,Sheffield United,Wolves,Sheffield United vs Wolves,Championship,2026-09-13 12:00,target__over_2_5_goals,Over 2.5 Goals,67.6,58.5,9.1,1.71,0.641,True,56.0
sr:match:73601718,Sheffield Wednesday U21,Charlton Athletic U21,Sheffield Wednesday U21 vs Charlton Athletic U21,U21 Professional Development League,2026-09-13 12:00,target__over_2_5_goals,Over 2.5 Goals,81.2,75.2,6.0,1.33,0.641,True,56.0
sr:match:74090432,Hong Linh Ha Tinh FC,Binh Phuoc,Hong Linh Ha Tinh FC vs Binh Phuoc,V-League 1,2026-09-13 12:00,target__over_2_5_goals,Over 2.5 Goals,47.6,43.5,4.1,2.3,0.641,True,56.0
sr:match:72513862,Karlsruher SC,Energie Cottbus,Karlsruher SC vs Energie Cottbus,2. Bundesliga,2026-09-13 12:30,target__over_2_5_goals,Over 2.5 Goals,81.2,72.5,8.7,1.38,0.641,True,56.0
sr:match:72513868,VfL 1899 Osnabruck,Hertha,VfL 1899 Osnabruck vs Hertha,2. Bundesliga,2026-09-13 12:30,target__over_2_5_goals,Over 2.5 Goals,67.6,64.1,3.5,1.56,0.641,True,56.0
sr:match:72334322,RFK Akhmat Grozny,FC Dynamo-Makhachkala,RFK Akhmat Grozny vs FC Dynamo-Makhachkala,Premier League,2026-09-13 12:30,target__over_2_5_goals,Over 2.5 Goals,47.6,44.4,3.2,2.25,0.641,True,56.0
sr:match:72478548,Celta,Malaga CF,Celta vs Malaga CF,LaLiga,2026-09-13 13:00,target__over_2_5_goals,Over 2.5 Goals,67.6,47.6,19.9,2.1,0.641,True,56.0
sr:match:72477400,Sporting Gijon,Club Deportivo Eldense,Sporting Gijon vs Club Deportivo Eldense,LALIGA HYPERMOTION,2026-09-13 13:00,target__over_2_5_goals,Over 2.5 Goals,52.5,46.5,6.0,2.15,0.641,True,56.0
sr:match:67126762,Hammarby IF,IF Brommapojkarna,Hammarby IF vs IF Brommapojkarna,Allsvenskan,2026-09-13 13:00,target__over_2_5_goals,Over 2.5 Goals,81.2,74.1,7.1,1.35,0.641,True,56.0
sr:match:73601720,Queens Park Rangers U21,Fleetwood Town U21,Queens Park Rangers U21 vs Fleetwood Town U21,U21 Professional Development League,2026-09-13 13:00,target__over_2_5_goals,Over 2.5 Goals,82.1,77.5,4.6,1.29,0.641,True,56.0
sr:match:72578308,FK Ufa,FC Volga Ulyanovsk,FK Ufa vs FC Volga Ulyanovsk,1. Liga,2026-09-13 13:00,target__over_2_5_goals,Over 2.5 Goals,47.6,44.4,3.2,2.25,0.641,True,56.0
sr:match:72578296,Leningradets,FC Tekstilshchik Ivanovo,Leningradets vs FC Tekstilshchik Ivanovo,1. Liga,2026-09-13 13:00,target__over_2_5_goals,Over 2.5 Goals,47.6,44.4,3.2,2.25,0.641,True,56.0
sr:match:74178280,Dorogi FC,Ujpest FC Budapest,Dorogi FC vs Ujpest FC Budapest,Magyar Kupa,2026-09-13 13:00,target__over_2_5_goals,Over 2.5 Goals,81.2,75.8,5.4,1.32,0.641,True,56.0
sr:match:72697626,Greifswalder FC,1. FC Lokomotive Leipzig,Greifswalder FC vs 1. FC Lokomotive Leipzig,Regionalliga Northeast,2026-09-13 13:00,target__over_2_5_goals,Over 2.5 Goals,67.6,61.0,6.6,1.64,0.641,True,56.0
sr:match:72595416,ADO 20 Heemskerk,VV Scherpenzeel,ADO 20 Heemskerk vs VV Scherpenzeel,Derde Divisie,2026-09-13 13:00,target__over_2_5_goals,Over 2.5 Goals,66.7,60.2,6.4,1.66,0.641,True,56.0
sr:match:67015384,Viking FK,Kristiansund BK,Viking FK vs Kristiansund BK,Eliteserien,2026-09-13 13:30,target__over_2_5_goals,Over 2.5 Goals,81.2,72.5,8.7,1.38,0.641,True,56.0
sr:match:72041130,SC Heerenveen,SC Telstar,SC Heerenveen vs SC Telstar,Eredivisie,2026-09-13 13:30,target__over_2_5_goals,Over 2.5 Goals,81.2,71.4,9.7,1.4,0.641,True,56.0
sr:match:71945256,Lecce,Monza,Lecce vs Monza,Serie A,2026-09-13 14:00,target__over_2_5_goals,Over 2.5 Goals,52.5,44.4,8.1,2.25,0.641,True,56.0
sr:match:72607978,FC Zlin,FC Hradec Kralove,FC Zlin vs FC Hradec Kralove,1. Liga,2026-09-13 14:00,target__over_2_5_goals,Over 2.5 Goals,52.5,47.6,4.9,2.1,0.641,True,56.0
sr:match:73293142,Calcio Lecco 1912,AS Giana Erminio,Calcio Lecco 1912 vs AS Giana Erminio,"Serie C, Group A",2026-09-13 14:00,target__over_2_5_goals,Over 2.5 Goals,46.7,41.7,5.0,2.4,0.641,True,56.0
sr:match:73293152,Treviso FBC 1993,Pro Vercelli 1892,Treviso FBC 1993 vs Pro Vercelli 1892,"Serie C, Group A",2026-09-13 14:00,target__over_2_5_goals,Over 2.5 Goals,45.6,41.7,3.9,2.4,0.641,True,56.0
sr:match:71680668,China PR,Spain,China PR vs Spain,"U20 FIFA World Cup, Women",2026-09-13 14:00,target__over_2_5_goals,Over 2.5 Goals,81.2,73.0,8.2,1.37,0.641,True,56.0
sr:match:68311114,AFC Eskilstuna,Piteaa IF,AFC Eskilstuna vs Piteaa IF,Ettan,2026-09-13 14:00,target__over_2_5_goals,Over 2.5 Goals,81.2,67.1,14.1,1.49,0.641,True,56.0
sr:match:74172392,Niki Volou 1924 PAE,Olympiacos Piraeus B,Niki Volou 1924 PAE vs Olympiacos Piraeus B,Super League 2,2026-09-13 14:00,target__over_2_5_goals,Over 2.5 Goals,52.5,46.5,6.0,2.15,0.641,True,56.0
sr:match:74457620,Sol de America Villa Elisa,Club Fernando de La Mora,Sol de America Villa Elisa vs Club Fernando de La Mora,Division Intermedia,2026-09-13 14:00,target__over_2_5_goals,Over 2.5 Goals,52.5,46.5,6.0,2.15,0.641,True,56.0
sr:match:74178292,Gyulai FC,Szentlorinc SE,Gyulai FC vs Szentlorinc SE,Magyar Kupa,2026-09-13 14:00,target__over_2_5_goals,Over 2.5 Goals,67.6,62.9,4.7,1.59,0.641,True,56.0
sr:match:72513186,RB Leipzig,Hamburger SV,RB Leipzig vs Hamburger SV,Bundesliga,2026-09-13 14:30,target__over_2_5_goals,Over 2.5 Goals,81.2,72.5,8.7,1.38,0.641,True,56.0
sr:match:72723204,Genclerbirligi SK,Kasimpasa Istanbul,Genclerbirligi SK vs Kasimpasa Istanbul,Super Lig,2026-09-13 15:00,target__over_2_5_goals,Over 2.5 Goals,52.5,46.5,6.0,2.15,0.641,True,56.0
sr:match:72520902,FC Zurich II,FC Paradiso,FC Zurich II vs FC Paradiso,Promotion League,2026-09-13 15:00,target__over_2_5_goals,Over 2.5 Goals,67.6,64.1,3.5,1.56,0.641,True,56.0
sr:match:72578298,SK Rotor Volgograd,FC Yenisey Krasnoyarsk,SK Rotor Volgograd vs FC Yenisey Krasnoyarsk,1. Liga,2026-09-13 15:00,target__over_2_5_goals,Over 2.5 Goals,45.6,40.8,4.8,2.45,0.641,True,56.0
sr:match:72517236,Moravia Morawica,MKS Czarni Polaniec,Moravia Morawica vs MKS Czarni Polaniec,"III Liga, Group 4",2026-09-13 15:00,target__over_2_5_goals,Over 2.5 Goals,67.6,64.1,3.5,1.56,0.641,True,56.0
sr:match:74460164,Stjarnan Gardabae,IBV Vestmannaeyjar,Stjarnan Gardabae vs IBV Vestmannaeyjar,Besta deild,2026-09-13 15:00,target__over_2_5_goals,Over 2.5 Goals,81.2,76.9,4.3,1.3,0.641,True,56.0
sr:match:74472470,Fylkir Reykjavik,HK Kopavogur,Fylkir Reykjavik vs HK Kopavogur,1. deild,2026-09-13 15:00,target__over_2_5_goals,Over 2.5 Goals,82.1,77.5,4.6,1.29,0.641,True,56.0
sr:match:69343106,FC Kairat Almaty,Tobol Kostanay,FC Kairat Almaty vs Tobol Kostanay,Premier League,2026-09-13 15:00,target__over_2_5_goals,Over 2.5 Goals,67.6,60.2,7.3,1.66,0.641,True,56.0
sr:match:72466500,PFC Rilski Sportist Samokov,FC Yantra Gabrovo,PFC Rilski Sportist Samokov vs FC Yantra Gabrovo,Vtora Liga,2026-09-13 15:00,target__over_2_5_goals,Over 2.5 Goals,47.6,43.5,4.1,2.3,0.641,True,56.0
sr:match:72478552,Levante,Barcelona,Levante vs Barcelona,LaLiga,2026-09-13 15:15,target__over_2_5_goals,Over 2.5 Goals,86.7,79.4,7.3,1.26,0.641,True,56.0
sr:match:72176944,FC Luzern,Basel,FC Luzern vs Basel,Super League,2026-09-13 15:30,target__over_2_5_goals,Over 2.5 Goals,81.2,70.4,10.8,1.42,0.641,True,56.0
sr:match:73217730,Fadep,Deportivo Rincon,Fadep vs Deportivo Rincon,Torneo Federal A,2026-09-13 15:30,target__over_2_5_goals,Over 2.5 Goals,45.6,39.2,6.4,2.55,0.641,True,56.0
sr:match:74172390,Hellas Syrou,Anagennisi Karditsas 1904,Hellas Syrou vs Anagennisi Karditsas 1904,Super League 2,2026-09-13 15:30,target__over_2_5_goals,Over 2.5 Goals,47.6,41.7,6.0,2.4,0.641,True,56.0
sr:match:72041138,PEC Zwolle,Feyenoord,PEC Zwolle vs Feyenoord,Eredivisie,2026-09-13 15:45,target__over_2_5_goals,Over 2.5 Goals,81.2,72.5,8.7,1.38,0.641,True,56.0
sr:match:72044648,FC Volendam,FC Den Bosch,FC Volendam vs FC Den Bosch,Eerste Divisie,2026-09-13 15:45,target__over_2_5_goals,Over 2.5 Goals,82.1,75.8,6.4,1.32,0.641,True,56.0
sr:match:73658750,Rivers United FC,FC San Pedro,Rivers United FC vs FC San Pedro,CAF Champions League,2026-09-13 16:00,target__over_2_5_goals,Over 2.5 Goals,45.6,39.2,6.4,2.55,0.641,True,56.0
sr:match:67015376,KFUM Oslo,Aalesunds FK,KFUM Oslo vs Aalesunds FK,Eliteserien,2026-09-13 16:00,target__over_2_5_goals,Over 2.5 Goals,68.9,62.9,6.0,1.59,0.641,True,56.0
sr:match:71913062,NK Istra 1961,NK Rudes Zagreb,NK Istra 1961 vs NK Rudes Zagreb,HNL,2026-09-13 16:00,target__over_2_5_goals,Over 2.5 Goals,67.6,63.7,3.9,1.57,0.641,True,56.0
sr:match:74448496,Club S Hammam-Lif,Esperance Sportive de Tunis,Club S Hammam-Lif vs Esperance Sportive de Tunis,Ligue 1,2026-09-13 16:00,target__over_2_5_goals,Over 2.5 Goals,47.6,42.6,5.1,2.35,0.641,True,56.0
sr:match:74448494,JS Omrane,ES Metlaoui,JS Omrane vs ES Metlaoui,Ligue 1,2026-09-13 16:00,target__over_2_5_goals,Over 2.5 Goals,45.6,35.7,9.9,2.8,0.641,True,56.0
sr:match:72936038,PAE PS Kalamata,Volos NPS,PAE PS Kalamata vs Volos NPS,Super League,2026-09-13 16:00,target__over_2_5_goals,Over 2.5 Goals,47.6,44.4,3.2,2.25,0.641,True,56.0
sr:match:67018164,Egersunds IK,Kongsvinger IL Toppfotball,Egersunds IK vs Kongsvinger IL Toppfotball,1st Division,2026-09-13 16:00,target__over_2_5_goals,Over 2.5 Goals,81.2,76.3,4.8,1.31,0.641,True,56.0
sr:match:67018166,Hoedd IL,Lyn 1896 FK,Hoedd IL vs Lyn 1896 FK,1st Division,2026-09-13 16:00,target__over_2_5_goals,Over 2.5 Goals,71.9,68.0,3.8,1.47,0.641,True,56.0
sr:match:67018170,Ranheim,Aasane Fotball,Ranheim vs Aasane Fotball,1st Division,2026-09-13 16:00,target__over_2_5_goals,Over 2.5 Goals,82.1,78.1,4.0,1.28,0.641,True,56.0
sr:match:67018172,Raufoss IL,Odds BK,Raufoss IL vs Odds BK,1st Division,2026-09-13 16:00,target__over_2_5_goals,Over 2.5 Goals,81.2,73.0,8.2,1.37,0.641,True,56.0
sr:match:67018176,Stroemsgodset IF,Sandnes Ulf,Stroemsgodset IF vs Sandnes Ulf,1st Division,2026-09-13 16:00,target__over_2_5_goals,Over 2.5 Goals,82.1,77.5,4.6,1.29,0.641,True,56.0
sr:match:72345496,Sturm Graz,LASK Linz,Sturm Graz vs LASK Linz,Bundesliga,2026-09-13 16:00,target__over_2_5_goals,Over 2.5 Goals,67.6,64.1,3.5,1.56,0.641,True,56.0
sr:match:74172384,Panserraikos FC,Asteras Tripolis B,Panserraikos FC vs Asteras Tripolis B,Super League 2,2026-09-13 16:00,target__over_2_5_goals,Over 2.5 Goals,52.5,44.4,8.1,2.25,0.641,True,56.0
sr:match:74441300,Aduana FC,FC Samartex,Aduana FC vs FC Samartex,Premier League,2026-09-13 16:00,target__over_2_5_goals,Over 2.5 Goals,47.6,41.7,6.0,2.4,0.641,True,56.0
sr:match:74441294,Asante Kotoko,Heart of Lions,Asante Kotoko vs Heart of Lions,Premier League,2026-09-13 16:00,target__over_2_5_goals,Over 2.5 Goals,47.6,44.4,3.2,2.25,0.641,True,56.0
sr:match:74441308,Bibiani Gold Stars FC,Hearts of Oak,Bibiani Gold Stars FC vs Hearts of Oak,Premier League,2026-09-13 16:00,target__over_2_5_goals,Over 2.5 Goals,47.6,43.5,4.1,2.3,0.641,True,56.0
sr:match:74441298,Karela United FC,Bechem United,Karela United FC vs Bechem United,Premier League,2026-09-13 16:00,target__over_2_5_goals,Over 2.5 Goals,47.6,43.5,4.1,2.3,0.641,True,56.0
sr:match:72036172,Le Mans FC,Lens,Le Mans FC vs Lens,Ligue 1,2026-09-13 16:15,target__over_2_5_goals,Over 2.5 Goals,67.6,61.0,6.6,1.64,0.641,True,56.0
sr:match:71945258,Napoli,Bologna,Napoli vs Bologna,Serie A,2026-09-13 17:00,target__over_2_5_goals,Over 2.5 Goals,52.5,47.6,4.9,2.1,0.641,True,56.0
sr:match:71925022,Nordsjaelland,AGF Aarhus,Nordsjaelland vs AGF Aarhus,Superliga,2026-09-13 17:00,target__over_2_5_goals,Over 2.5 Goals,81.2,67.6,13.6,1.48,0.641,True,56.0
sr:match:73293148,ACD Ospitaletto,Juventus Next Gen,ACD Ospitaletto vs Juventus Next Gen,"Serie C, Group A",2026-09-13 17:00,target__over_2_5_goals,Over 2.5 Goals,47.6,44.4,3.2,2.25,0.641,True,56.0
sr:match:73293140,US Folgore Caratese,Alcione Milano,US Folgore Caratese vs Alcione Milano,"Serie C, Group A",2026-09-13 17:00,target__over_2_5_goals,Over 2.5 Goals,47.6,40.8,6.8,2.45,0.641,True,56.0
sr:match:74306724,CA Juventud de Las Piedras,Danubio FC,CA Juventud de Las Piedras vs Danubio FC,Primera Division,2026-09-13 17:00,target__over_2_5_goals,Over 2.5 Goals,47.6,44.4,3.2,2.25,0.641,True,56.0
sr:match:73019562,Kagera Sugar,Fountain gate FC,Kagera Sugar vs Fountain gate FC,Premier League,2026-09-13 17:00,target__over_2_5_goals,Over 2.5 Goals,47.6,44.4,3.2,2.25,0.641,True,56.0
sr:match:72466504,PFK Beroe Stara Zagora,PFK Sportist Svoge,PFK Beroe Stara Zagora vs PFK Sportist Svoge,Vtora Liga,2026-09-13 17:00,target__over_2_5_goals,Over 2.5 Goals,47.6,44.4,3.2,2.25,0.641,True,56.0
sr:match:72559046,CD Lugo,CD Coria,CD Lugo vs CD Coria,Primera Federacion,2026-09-13 17:15,target__over_2_5_goals,Over 2.5 Goals,47.6,43.5,4.1,2.3,0.641,True,56.0
sr:match:72478550,Getafe,RC Deportivo de A Coruna,Getafe vs RC Deportivo de A Coruna,LaLiga,2026-09-13 17:30,target__over_2_5_goals,Over 2.5 Goals,45.6,32.3,13.4,3.1,0.641,True,56.0
sr:match:74448046,FK Sloga Doboj,FK Zeljeznicar Sarajevo,FK Sloga Doboj vs FK Zeljeznicar Sarajevo,Premijer Liga,2026-09-13 17:30,target__over_2_5_goals,Over 2.5 Goals,47.6,40.0,7.6,2.5,0.641,True,56.0
sr:match:72530926,Benfica,Gil Vicente Barcelos,Benfica vs Gil Vicente Barcelos,Liga Portugal,2026-09-13 18:00,target__over_2_5_goals,Over 2.5 Goals,68.9,65.4,3.6,1.53,0.641,True,56.0
sr:match:72530912,FC Arouca,Santa Clara Azores,FC Arouca vs Santa Clara Azores,Liga Portugal,2026-09-13 18:00,target__over_2_5_goals,Over 2.5 Goals,47.6,42.6,5.1,2.35,0.641,True,56.0
sr:match:72723208,Galatasaray Istanbul,Kocaelispor,Galatasaray Istanbul vs Kocaelispor,Super Lig,2026-09-13 18:00,target__over_2_5_goals,Over 2.5 Goals,67.6,64.1,3.5,1.56,0.641,True,56.0
sr:match:72304282,FK Sutjeska Niksic,FK Decic Tuzi,FK Sutjeska Niksic vs FK Decic Tuzi,1. CFL,2026-09-13 18:00,target__over_2_5_goals,Over 2.5 Goals,47.6,43.5,4.1,2.3,0.641,True,56.0
sr:match:72203054,RAAL La Louviere,KV Kortrijk,RAAL La Louviere vs KV Kortrijk,Pro League,2026-09-13 18:15,target__over_2_5_goals,Over 2.5 Goals,67.6,51.0,16.5,1.96,0.641,True,56.0
sr:match:73270130,TSG Hoffenheim II,Fortuna Cologne,TSG Hoffenheim II vs Fortuna Cologne,3. Liga,2026-09-13 18:30,target__over_2_5_goals,Over 2.5 Goals,67.6,62.1,5.5,1.61,0.641,True,56.0
sr:match:72491320,SD Eibar,FC Badalona Women,SD Eibar vs FC Badalona Women,Primera Division Women,2026-09-13 18:30,target__over_2_5_goals,Over 2.5 Goals,47.6,44.4,3.2,2.25,0.641,True,56.0
sr:match:73217384,Kimberley de Mar Del Plata,CA Huracan Las Heras,Kimberley de Mar Del Plata vs CA Huracan Las Heras,Torneo Federal A,2026-09-13 19:00,target__over_2_5_goals,Over 2.5 Goals,47.6,40.8,6.8,2.45,0.641,True,56.0
sr:match:71936118,Sport Boys Association,Deportivo Garcilaso,Sport Boys Association vs Deportivo Garcilaso,Liga 1,2026-09-13 19:00,target__over_2_5_goals,Over 2.5 Goals,52.5,48.8,3.7,2.05,0.641,True,56.0
sr:match:68098132,San Marcos de Arica,Curico Unido,San Marcos de Arica vs Curico Unido,Primera B,2026-09-13 19:00,target__over_2_5_goals,Over 2.5 Goals,52.5,48.8,3.7,2.05,0.641,True,56.0
sr:match:67119732,Argentino de Quilmes,Deportivo Merlo,Argentino de Quilmes vs Deportivo Merlo,Primera B,2026-09-13 19:00,target__over_2_5_goals,Over 2.5 Goals,45.6,34.5,11.1,2.9,0.641,True,56.0
sr:match:68687904,Leones Futbol Club,CD Tecnico Universitario,Leones Futbol Club vs CD Tecnico Universitario,LigaPro Primera A,2026-09-13 19:00,target__over_2_5_goals,Over 2.5 Goals,47.6,44.4,3.2,2.25,0.641,True,56.0
sr:match:67117946,Club Atletico Los Andes,CA San Miguel,Club Atletico Los Andes vs CA San Miguel,Primera Nacional,2026-09-13 19:00,target__over_2_5_goals,Over 2.5 Goals,45.6,32.3,13.4,3.1,0.641,True,56.0
sr:match:67123438,CA Central Cordoba Rosario,Argentino de Rosario,CA Central Cordoba Rosario vs Argentino de Rosario,Primera C,2026-09-13 19:00,target__over_2_5_goals,Over 2.5 Goals,47.6,40.8,6.8,2.45,0.641,True,56.0
sr:match:74225350,FC Santa Cruz RS,CE Lajeadense RS,FC Santa Cruz RS vs CE Lajeadense RS,"Gaucho, Serie A2",2026-09-13 19:00,target__over_2_5_goals,Over 2.5 Goals,46.7,37.0,9.6,2.7,0.641,True,56.0
sr:match:73217550,Gimnasia y Esgrima de Concepcion del Uruguay,CA Sarmiento de Resistencia,Gimnasia y Esgrima de Concepcion del Uruguay vs CA Sarmiento de Resistencia,Torneo Federal A,2026-09-13 19:30,target__over_2_5_goals,Over 2.5 Goals,47.6,43.5,4.1,2.3,0.641,True,56.0
sr:match:67117950,CA Estudiantes,CA Acassuso,CA Estudiantes vs CA Acassuso,Primera Nacional,2026-09-13 19:30,target__over_2_5_goals,Over 2.5 Goals,47.6,39.2,8.4,2.55,0.641,True,56.0
sr:match:67118666,CA Patronato Parana,CA Temperley,CA Patronato Parana vs CA Temperley,Primera Nacional,2026-09-13 19:30,target__over_2_5_goals,Over 2.5 Goals,45.6,33.9,11.7,2.95,0.641,True,56.0
sr:match:72036168,Brest,PSG,Brest vs PSG,Ligue 1,2026-09-13 19:45,target__over_2_5_goals,Over 2.5 Goals,81.2,71.9,9.2,1.39,0.641,True,56.0
sr:match:73217734,AC San Martin de Mendoza,CDC Nicanor Otamendi,AC San Martin de Mendoza vs CDC Nicanor Otamendi,Torneo Federal A,2026-09-13 20:00,target__over_2_5_goals,Over 2.5 Goals,47.6,40.8,6.8,2.45,0.641,True,56.0
sr:match:73217548,CA Linqueno,CA Boca Unidos Corrientes,CA Linqueno vs CA Boca Unidos Corrientes,Torneo Federal A,2026-09-13 20:00,target__over_2_5_goals,Over 2.5 Goals,47.6,41.7,6.0,2.4,0.641,True,56.0
sr:match:73293134,FC Arzignano Valchiampo,Calcio Desenzano,FC Arzignano Valchiampo vs Calcio Desenzano,"Serie C, Group A",2026-09-13 20:00,target__over_2_5_goals,Over 2.5 Goals,47.6,42.6,5.1,2.35,0.641,True,56.0
sr:match:68157124,Chattanooga FC,Atlanta United 2,Chattanooga FC vs Atlanta United 2,MLS Next Pro,2026-09-13 20:00,target__over_2_5_goals,Over 2.5 Goals,81.2,77.5,3.7,1.29,0.641,True,56.0
sr:match:73038544,Club Olimpia,Sportivo Luqueno,Club Olimpia vs Sportivo Luqueno,Division de Honor,2026-09-13 20:00,target__over_2_5_goals,Over 2.5 Goals,67.6,57.5,10.1,1.74,0.641,True,56.0
sr:match:72474956,CSD Coban Imperial,Comunicaciones FC ,CSD Coban Imperial vs Comunicaciones FC ,Liga Nacional,2026-09-13 20:00,target__over_2_5_goals,Over 2.5 Goals,52.5,47.6,4.9,2.1,0.641,True,56.0
sr:match:73487156,Always Ready,Guabira Montero,Always Ready vs Guabira Montero,Division Profesional,2026-09-13 20:00,target__over_2_5_goals,Over 2.5 Goals,81.2,75.2,6.0,1.33,0.641,True,56.0
sr:match:72530918,FC Famalicao,Sporting,FC Famalicao vs Sporting,Liga Portugal,2026-09-13 20:30,target__over_2_5_goals,Over 2.5 Goals,67.6,55.2,12.3,1.81,0.641,True,56.0
sr:match:73217382,CSB Atenas,Juventud Antoniana,CSB Atenas vs Juventud Antoniana,Torneo Federal A,2026-09-13 20:30,target__over_2_5_goals,Over 2.5 Goals,46.7,35.1,11.6,2.85,0.641,True,56.0
sr:match:67118660,CA Ferrocarril Midland,Chacarita Juniors,CA Ferrocarril Midland vs Chacarita Juniors,Primera Nacional,2026-09-13 20:30,target__over_2_5_goals,Over 2.5 Goals,47.6,37.0,10.6,2.7,0.641,True,56.0
sr:match:74270562,Aragua FC,Deportivo Miranda,Aragua FC vs Deportivo Miranda,Segunda Division,2026-09-13 20:30,target__over_2_5_goals,Over 2.5 Goals,47.6,44.4,3.2,2.25,0.641,True,56.0
sr:match:73265312,Argentinos Juniors,Gimnasia y Esgrima La Plata,Argentinos Juniors vs Gimnasia y Esgrima La Plata,Primera LPF,2026-09-13 21:00,target__over_2_5_goals,Over 2.5 Goals,47.6,44.4,3.2,2.25,0.641,True,56.0
sr:match:73217310,CA 9 de Julio Rafaela,CA Bartolome Mitre,CA 9 de Julio Rafaela vs CA Bartolome Mitre,Torneo Federal A,2026-09-13 21:00,target__over_2_5_goals,Over 2.5 Goals,52.5,46.5,6.0,2.15,0.641,True,56.0
sr:match:74247782,Uberlandia EC MG,AS Arapiraquense AL,Uberlandia EC MG vs AS Arapiraquense AL,Brasileiro Serie D,2026-09-13 21:00,target__over_2_5_goals,Over 2.5 Goals,47.6,41.7,6.0,2.4,0.641,True,56.0
sr:match:68687898,CSD Macara,CS Emelec,CSD Macara vs CS Emelec,LigaPro Primera A,2026-09-13 21:30,target__over_2_5_goals,Over 2.5 Goals,47.6,44.4,3.2,2.25,0.641,True,56.0
sr:match:68157128,New York City FC II,CT United FC,New York City FC II vs CT United FC,MLS Next Pro,2026-09-13 22:00,target__over_2_5_goals,Over 2.5 Goals,81.2,75.2,6.0,1.33,0.641,True,56.0
sr:match:73487158,FC Universitario de Vinto,Independiente Petrolero,FC Universitario de Vinto vs Independiente Petrolero,Division Profesional,2026-09-13 22:15,target__over_2_5_goals,Over 2.5 Goals,67.6,63.7,3.9,1.57,0.641,True,56.0
sr:match:66299544,Chicago Fire,New England Revolution,Chicago Fire vs New England Revolution,MLS,2026-09-13 22:30,target__over_2_5_goals,Over 2.5 Goals,71.9,65.4,6.5,1.53,0.641,True,56.0
sr:match:68823274,Fortaleza EC CE,Ceara SC CE,Fortaleza EC CE vs Ceara SC CE,Brasileiro Serie B,2026-09-13 22:30,target__over_2_5_goals,Over 2.5 Goals,47.6,42.6,5.1,2.35,0.641,True,56.0
sr:match:68823268,Gremio Novorizontino SP,Cuiaba EC MT,Gremio Novorizontino SP vs Cuiaba EC MT,Brasileiro Serie B,2026-09-13 22:30,target__over_2_5_goals,Over 2.5 Goals,47.6,44.4,3.2,2.25,0.641,True,56.0
sr:match:74207162,San Martin de Tucuman,Agropecuario Argentino,San Martin de Tucuman vs Agropecuario Argentino,Primera Nacional,2026-09-13 22:30,target__over_2_5_goals,Over 2.5 Goals,45.6,37.0,8.6,2.7,0.641,True,56.0
sr:match:72636204,Deportes Quindio,Boyaca Patriotas,Deportes Quindio vs Boyaca Patriotas,Torneo DIMAYOR,2026-09-14 00:00,target__over_2_5_goals,Over 2.5 Goals,47.6,40.0,7.6,2.5,0.641,True,56.0
sr:match:68687908,Barcelona SC,Delfin SC,Barcelona SC vs Delfin SC,LigaPro Primera A,2026-09-14 00:00,target__over_2_5_goals,Over 2.5 Goals,52.5,48.8,3.7,2.05,0.641,True,56.0
sr:match:72335116,CD Once Caldas,Deportivo Cali,CD Once Caldas vs Deportivo Cali,Liga DIMAYOR,2026-09-14 00:10,target__over_2_5_goals,Over 2.5 Goals,50.0,45.5,4.5,2.2,0.641,True,56.0
sr:match:74325204,CD Marathon San Pedro Sula,CD Olimpia Tegucigalpa,CD Marathon San Pedro Sula vs CD Olimpia Tegucigalpa,Liga Nacional,2026-09-14 00:15,target__over_2_5_goals,Over 2.5 Goals,52.5,48.8,3.7,2.05,0.641,True,56.0
sr:match:68157140,Sporting Kansas City II,Los Angeles FC 2,Sporting Kansas City II vs Los Angeles FC 2,MLS Next Pro,2026-09-14 01:00,target__over_2_5_goals,Over 2.5 Goals,81.2,74.6,6.5,1.34,0.641,True,56.0
sr:match:66299538,Real Salt Lake,New York City FC,Real Salt Lake vs New York City FC,MLS,2026-09-13 02:30,target__over_3_5_goals,Over 3.5 Goals,40.1,37.0,3.1,2.7,0.6631,True,35.0
sr:match:73095426,CD Escorpiones Belen,CS Herediano,CD Escorpiones Belen vs CS Herediano,Primera Division,2026-09-13 03:00,target__over_3_5_goals,Over 3.5 Goals,40.1,31.2,8.9,3.2,0.6631,True,35.0
sr:match:66299542,San Jose Earthquakes,Houston Dynamo,San Jose Earthquakes vs Houston Dynamo,MLS,2026-09-13 03:30,target__over_3_5_goals,Over 3.5 Goals,40.0,35.7,4.3,2.8,0.6631,True,35.0
sr:match:72055164,CF Cruz Azul,CF America,CF Cruz Azul vs CF America,Liga MX,2026-09-13 04:15,target__over_3_5_goals,Over 3.5 Goals,40.0,35.1,4.9,2.85,0.6631,True,35.0
sr:match:68916458,Dangjin Citizen,Busan Transportation Corporation FC,Dangjin Citizen vs Busan Transportation Corporation FC,K3 League,2026-09-13 09:00,target__over_3_5_goals,Over 3.5 Goals,40.1,37.0,3.1,2.7,0.6631,True,35.0
sr:match:68916454,Siheung Citizen FC,Changwon City FC,Siheung Citizen FC vs Changwon City FC,K3 League,2026-09-13 09:00,target__over_3_5_goals,Over 3.5 Goals,40.1,27.8,12.3,3.6,0.6631,True,35.0
sr:match:68916456,Yangpyeong FC,Pocheon Citizen FC,Yangpyeong FC vs Pocheon Citizen FC,K3 League,2026-09-13 09:00,target__over_3_5_goals,Over 3.5 Goals,40.1,36.4,3.8,2.75,0.6631,True,35.0
sr:match:72415544,FK Jablonec B,FK Mlada Boleslav B,FK Jablonec B vs FK Mlada Boleslav B,CFL,2026-09-13 09:15,target__over_3_5_goals,Over 3.5 Goals,50.3,45.5,4.9,2.2,0.6631,True,35.0
sr:match:72597710,1. FC Slovacko B,MFk Karvina B,1. FC Slovacko B vs MFk Karvina B,MSFL,2026-09-13 09:15,target__over_3_5_goals,Over 3.5 Goals,50.3,44.4,5.9,2.25,0.6631,True,35.0
sr:match:72597712,SK Unicov,SK Sigma Olomouc B,SK Unicov vs SK Sigma Olomouc B,MSFL,2026-09-13 09:15,target__over_3_5_goals,Over 3.5 Goals,40.1,37.0,3.1,2.7,0.6631,True,35.0
sr:match:73576624,Persita Tangerang,Malut United,Persita Tangerang vs Malut United,Super League,2026-09-13 09:30,target__over_3_5_goals,Over 3.5 Goals,40.1,32.3,7.9,3.1,0.6631,True,35.0
sr:match:72151128,Vegalta Sendai,Hokkaido Consadole Sapporo,Vegalta Sendai vs Hokkaido Consadole Sapporo,J2 League,2026-09-13 10:00,target__over_3_5_goals,Over 3.5 Goals,40.1,32.3,7.9,3.1,0.6631,True,35.0
sr:match:72151970,FC Ryukyu,Kamatamare Sanuki,FC Ryukyu vs Kamatamare Sanuki,J3 League,2026-09-13 10:00,target__over_3_5_goals,Over 3.5 Goals,40.0,32.3,7.7,3.1,0.6631,True,35.0
sr:match:73549568,DH van Hien,Becamex Ho Chi Minh City,DH van Hien vs Becamex Ho Chi Minh City,V-League 2,2026-09-13 10:00,target__over_3_5_goals,Over 3.5 Goals,40.1,30.8,9.3,3.25,0.6631,True,35.0
sr:match:73735036,Parnu JK Vaprus II,FA Tartu Kalev,Parnu JK Vaprus II vs FA Tartu Kalev,Esiliiga B,2026-09-13 10:30,target__over_3_5_goals,Over 3.5 Goals,83.3,69.4,13.9,1.44,0.6631,True,35.0
sr:match:68046746,Busan IPark,Gimhae FC,Busan IPark vs Gimhae FC,K-League 2,2026-09-13 11:00,target__over_3_5_goals,Over 3.5 Goals,40.1,35.1,5.0,2.85,0.6631,True,35.0
sr:match:73204158,Rakow II Czestochowa,BKS Sparta Katowice,Rakow II Czestochowa vs BKS Sparta Katowice,"III Liga, Group 3",2026-09-13 11:00,target__over_3_5_goals,Over 3.5 Goals,40.1,35.7,4.4,2.8,0.6631,True,35.0
sr:match:73086608,AFC Metalul Buzau,AFC Unirea 04 Slobozia,AFC Metalul Buzau vs AFC Unirea 04 Slobozia,Liga 2,2026-09-13 11:00,target__over_3_5_goals,Over 3.5 Goals,40.1,32.3,7.9,3.1,0.6631,True,35.0
sr:match:72491312,Deportivo Alaves,Granada CF,Deportivo Alaves vs Granada CF,Primera Division Women,2026-09-13 11:00,target__over_3_5_goals,Over 3.5 Goals,40.0,31.2,8.8,3.2,0.6631,True,35.0
sr:match:72491326,Real Sociedad San Sebastian,CD Tenerife,Real Sociedad San Sebastian vs CD Tenerife,Primera Division Women,2026-09-13 11:00,target__over_3_5_goals,Over 3.5 Goals,40.0,34.5,5.5,2.9,0.6631,True,35.0
sr:match:72607970,FC Banik Ostrava,FK Pardubice,FC Banik Ostrava vs FK Pardubice,1. Liga,2026-09-13 12:00,target__over_3_5_goals,Over 3.5 Goals,40.1,34.5,5.6,2.9,0.6631,True,35.0
sr:match:72499030,Naestved BK,Thisted FC,Naestved BK vs Thisted FC,2nd Division,2026-09-13 12:00,target__over_3_5_goals,Over 3.5 Goals,40.1,37.0,3.1,2.7,0.6631,True,35.0
sr:match:73549580,Gia Dinh,K. Khanh Hoa,Gia Dinh vs K. Khanh Hoa,V-League 2,2026-09-13 12:00,target__over_3_5_goals,Over 3.5 Goals,40.1,32.3,7.9,3.1,0.6631,True,35.0
sr:match:67916112,FK Jerv,Brattvaag,FK Jerv vs Brattvaag,2nd Division Group 1,2026-09-13 12:00,target__over_3_5_goals,Over 3.5 Goals,54.5,50.0,4.5,2.0,0.6631,True,35.0
sr:match:73346000,Manchester United WFC,Chelsea FC W,Manchester United WFC vs Chelsea FC W,Super League Women,2026-09-13 12:00,target__over_3_5_goals,Over 3.5 Goals,41.3,37.7,3.5,2.65,0.6631,True,35.0
sr:match:72513854,Heidenheim,Holstein Kiel,Heidenheim vs Holstein Kiel,2. Bundesliga,2026-09-13 12:30,target__over_3_5_goals,Over 3.5 Goals,50.3,45.5,4.9,2.2,0.6631,True,35.0
sr:match:69456598,Meizhou Hakka,Nanjing City,Meizhou Hakka vs Nanjing City,China League 1,2026-09-13 12:30,target__over_3_5_goals,Over 3.5 Goals,40.1,33.3,6.8,3.0,0.6631,True,35.0
sr:match:71901880,FK Panevezys,FK Kauno Zalgiris,FK Panevezys vs FK Kauno Zalgiris,TOPLYGA,2026-09-13 12:30,target__over_3_5_goals,Over 3.5 Goals,40.1,35.7,4.4,2.8,0.6631,True,35.0
sr:match:72176942,FC Zurich,FC Vaduz,FC Zurich vs FC Vaduz,Super League,2026-09-13 13:00,target__over_3_5_goals,Over 3.5 Goals,54.5,50.3,4.2,1.99,0.6631,True,35.0
sr:match:74299672,Kuopion Palloseura,HJK Helsinki,Kuopion Palloseura vs HJK Helsinki,Veikkausliiga,2026-09-13 13:00,target__over_3_5_goals,Over 3.5 Goals,40.1,37.0,3.1,2.7,0.6631,True,35.0
sr:match:74111094,FC Dnepr Mogilev,Maxline Vitebsk,FC Dnepr Mogilev vs Maxline Vitebsk,Vysshaya Liga,2026-09-13 13:00,target__over_3_5_goals,Over 3.5 Goals,42.5,35.1,7.4,2.85,0.6631,True,35.0
sr:match:72942488,Chonburi FC,Rayong FC,Chonburi FC vs Rayong FC,Thai League 1,2026-09-13 13:00,target__over_3_5_goals,Over 3.5 Goals,40.0,32.3,7.7,3.1,0.6631,True,35.0
sr:match:72041130,SC Heerenveen,SC Telstar,SC Heerenveen vs SC Telstar,Eredivisie,2026-09-13 13:30,target__over_3_5_goals,Over 3.5 Goals,54.5,50.5,4.0,1.98,0.6631,True,35.0
sr:match:72345502,FK Austria Wien,Austria Lustenau,FK Austria Wien vs Austria Lustenau,Bundesliga,2026-09-13 13:30,target__over_3_5_goals,Over 3.5 Goals,40.1,35.1,5.0,2.85,0.6631,True,35.0
sr:match:72398674,Avia Swidnik,Rekord Bielsko Biala,Avia Swidnik vs Rekord Bielsko Biala,II Liga,2026-09-13 13:30,target__over_3_5_goals,Over 3.5 Goals,40.1,36.4,3.8,2.75,0.6631,True,35.0
sr:match:72837150,Sebat Genclik Spor,Sanliurfaspor,Sebat Genclik Spor vs Sanliurfaspor,2. Lig,2026-09-13 13:30,target__over_3_5_goals,Over 3.5 Goals,40.1,35.1,5.0,2.85,0.6631,True,35.0
sr:match:73409252,Araz Nakhchivan PFK,Turan Tovuz,Araz Nakhchivan PFK vs Turan Tovuz,Premier League,2026-09-13 13:30,target__over_3_5_goals,Over 3.5 Goals,40.1,30.0,10.1,3.33,0.6631,True,35.0
sr:match:72652026,FC Yverdon,FC Aarau,FC Yverdon vs FC Aarau,"Super League, Women",2026-09-13 13:30,target__over_3_5_goals,Over 3.5 Goals,50.3,46.5,3.8,2.15,0.6631,True,35.0
sr:match:73658782,Simba SC,Mighty Wanderers FC,Simba SC vs Mighty Wanderers FC,CAF Champions League,2026-09-13 14:00,target__over_3_5_goals,Over 3.5 Goals,40.0,30.8,9.2,3.25,0.6631,True,35.0
sr:match:72607972,Viktoria Plzen,SK Sigma Olomouc,Viktoria Plzen vs SK Sigma Olomouc,1. Liga,2026-09-13 14:00,target__over_3_5_goals,Over 3.5 Goals,40.1,35.7,4.4,2.8,0.6631,True,35.0
sr:match:68311114,AFC Eskilstuna,Piteaa IF,AFC Eskilstuna vs Piteaa IF,Ettan,2026-09-13 14:00,target__over_3_5_goals,Over 3.5 Goals,50.3,45.5,4.9,2.2,0.6631,True,35.0
sr:match:72278476,Mura Murska Sobota,Aluminij Kidricevo,Mura Murska Sobota vs Aluminij Kidricevo,PrvaLiga,2026-09-13 14:00,target__over_3_5_goals,Over 3.5 Goals,40.1,31.2,8.9,3.2,0.6631,True,35.0
sr:match:74457620,Sol de America Villa Elisa,Club Fernando de La Mora,Sol de America Villa Elisa vs Club Fernando de La Mora,Division Intermedia,2026-09-13 14:00,target__over_3_5_goals,Over 3.5 Goals,40.0,26.3,13.7,3.8,0.6631,True,35.0
sr:match:73346486,Burnley FC Women,Sunderland AFC,Burnley FC Women vs Sunderland AFC,"Super League 2, Women",2026-09-13 14:00,target__over_3_5_goals,Over 3.5 Goals,40.0,33.9,6.1,2.95,0.6631,True,35.0
sr:match:73346484,Nottingham Forest Lfc,Watford LFC,Nottingham Forest Lfc vs Watford LFC,"Super League 2, Women",2026-09-13 14:00,target__over_3_5_goals,Over 3.5 Goals,41.3,35.7,5.6,2.8,0.6631,True,35.0
sr:match:73346482,Southampton FC,Ipswich Town Lfc,Southampton FC vs Ipswich Town Lfc,"Super League 2, Women",2026-09-13 14:00,target__over_3_5_goals,Over 3.5 Goals,40.1,35.7,4.4,2.8,0.6631,True,35.0
sr:match:73346480,Wolverhampton Wanderers Wfc,Sheffield United LFC,Wolverhampton Wanderers Wfc vs Sheffield United LFC,"Super League 2, Women",2026-09-13 14:00,target__over_3_5_goals,Over 3.5 Goals,40.1,35.1,5.0,2.85,0.6631,True,35.0
sr:match:72700528,AS Saint-Etienne,Le Mans FC,AS Saint-Etienne vs Le Mans FC,"Seconde Ligue, Women",2026-09-13 14:00,target__over_3_5_goals,Over 3.5 Goals,40.1,36.4,3.8,2.75,0.6631,True,35.0
sr:match:72837762,Halide Edip Adivarspor,Belediye Kutahyaspor,Halide Edip Adivarspor vs Belediye Kutahyaspor,2. Lig,2026-09-13 14:30,target__over_3_5_goals,Over 3.5 Goals,40.0,30.8,9.2,3.25,0.6631,True,35.0
sr:match:72045758,FK Sileks Kratovo,FC Bregalnica 2008 AD,FK Sileks Kratovo vs FC Bregalnica 2008 AD,1. MFL,2026-09-13 14:45,target__over_3_5_goals,Over 3.5 Goals,41.3,37.7,3.5,2.65,0.6631,True,35.0
sr:match:72334316,FK Spartak Moscow,FK Rostov,FK Spartak Moscow vs FK Rostov,Premier League,2026-09-13 15:00,target__over_3_5_goals,Over 3.5 Goals,40.0,32.3,7.7,3.1,0.6631,True,35.0
sr:match:68311822,Kristianstad FC,Jonkopings Sodra IF,Kristianstad FC vs Jonkopings Sodra IF,Ettan,2026-09-13 15:00,target__over_3_5_goals,Over 3.5 Goals,40.0,30.0,10.0,3.33,0.6631,True,35.0
sr:match:71901884,FA Siauliai,FC Hegelmann Kaunas,FA Siauliai vs FC Hegelmann Kaunas,TOPLYGA,2026-09-13 15:00,target__over_3_5_goals,Over 3.5 Goals,40.0,35.7,4.3,2.8,0.6631,True,35.0
sr:match:72466512,PFC Chernomorets Burgas,PFC Spartak Pleven,PFC Chernomorets Burgas vs PFC Spartak Pleven,Vtora Liga,2026-09-13 15:00,target__over_3_5_goals,Over 3.5 Goals,41.3,30.8,10.5,3.25,0.6631,True,35.0
sr:match:72466508,PFC CSKA SOFIA II,PFC Montana 1921,PFC CSKA SOFIA II vs PFC Montana 1921,Vtora Liga,2026-09-13 15:00,target__over_3_5_goals,Over 3.5 Goals,40.1,36.4,3.8,2.75,0.6631,True,35.0
sr:match:72652032,Grasshopper Zurich,FC Luzern,Grasshopper Zurich vs FC Luzern,"Super League, Women",2026-09-13 15:00,target__over_3_5_goals,Over 3.5 Goals,50.3,46.5,3.8,2.15,0.6631,True,35.0
sr:match:72176944,FC Luzern,Basel,FC Luzern vs Basel,Super League,2026-09-13 15:30,target__over_3_5_goals,Over 3.5 Goals,54.5,50.0,4.5,2.0,0.6631,True,35.0
sr:match:72652034,FC Zurich,FC Basel,FC Zurich vs FC Basel,"Super League, Women",2026-09-13 15:30,target__over_3_5_goals,Over 3.5 Goals,40.0,33.9,6.1,2.95,0.6631,True,35.0
sr:match:71998188,POFC Botev Vratsa,PFC Levski Sofia,POFC Botev Vratsa vs PFC Levski Sofia,Parva Liga,2026-09-13 15:45,target__over_3_5_goals,Over 3.5 Goals,40.1,29.4,10.7,3.4,0.6631,True,35.0
sr:match:67018166,Hoedd IL,Lyn 1896 FK,Hoedd IL vs Lyn 1896 FK,1st Division,2026-09-13 16:00,target__over_3_5_goals,Over 3.5 Goals,52.0,46.5,5.5,2.15,0.6631,True,35.0
sr:match:71936116,CD Moquegua,Sporting Cristal,CD Moquegua vs Sporting Cristal,Liga 1,2026-09-13 16:00,target__over_3_5_goals,Over 3.5 Goals,40.0,33.3,6.7,3.0,0.6631,True,35.0
sr:match:72517228,Star Starachowice,KS Wisloka Debica,Star Starachowice vs KS Wisloka Debica,"III Liga, Group 4",2026-09-13 16:00,target__over_3_5_goals,Over 3.5 Goals,40.1,36.4,3.8,2.75,0.6631,True,35.0
sr:match:73945178,FC Pyunik Yerevan,FC Shirak Gyumri,FC Pyunik Yerevan vs FC Shirak Gyumri,Premier League,2026-09-13 16:00,target__over_3_5_goals,Over 3.5 Goals,40.1,35.7,4.4,2.8,0.6631,True,35.0
sr:match:72281328,NK Dekani,ND Beltinci,NK Dekani vs ND Beltinci,2. Liga,2026-09-13 16:00,target__over_3_5_goals,Over 3.5 Goals,40.0,26.7,13.3,3.75,0.6631,True,35.0
sr:match:74234410,Zira FK,Qarabag,Zira FK vs Qarabag,Premier League,2026-09-13 16:00,target__over_3_5_goals,Over 3.5 Goals,40.0,33.3,6.7,3.0,0.6631,True,35.0
sr:match:68098124,Deportes Magallanes,Puerto Montt,Deportes Magallanes vs Puerto Montt,Primera B,2026-09-13 16:30,target__over_3_5_goals,Over 3.5 Goals,40.1,30.8,9.3,3.25,0.6631,True,35.0
sr:match:72607976,FK Teplice,Slavia Prague,FK Teplice vs Slavia Prague,1. Liga,2026-09-13 17:00,target__over_3_5_goals,Over 3.5 Goals,41.4,35.7,5.6,2.8,0.6631,True,35.0
sr:match:71925022,Nordsjaelland,AGF Aarhus,Nordsjaelland vs AGF Aarhus,Superliga,2026-09-13 17:00,target__over_3_5_goals,Over 3.5 Goals,50.3,46.5,3.8,2.15,0.6631,True,35.0
sr:match:72936036,Asteras Tripolis,AEK Athens,Asteras Tripolis vs AEK Athens,Super League,2026-09-13 17:00,target__over_3_5_goals,Over 3.5 Goals,42.5,31.2,11.3,3.2,0.6631,True,35.0
sr:match:67912810,FC Iberia 1999,FC Spaeri,FC Iberia 1999 vs FC Spaeri,Erovnuli Liga,2026-09-13 17:00,target__over_3_5_goals,Over 3.5 Goals,40.0,33.3,6.7,3.0,0.6631,True,35.0
sr:match:73180376,Gudja United,Melita FC,Gudja United vs Melita FC,Challenge League,2026-09-13 17:00,target__over_3_5_goals,Over 3.5 Goals,40.1,36.4,3.8,2.75,0.6631,True,35.0
sr:match:72334320,FK Krasnodar,FK Akron Tolyatti,FK Krasnodar vs FK Akron Tolyatti,Premier League,2026-09-13 17:30,target__over_3_5_goals,Over 3.5 Goals,54.5,45.5,9.0,2.2,0.6631,True,35.0
sr:match:72203052,SV Zulte Waregem,Royal Charleroi SC,SV Zulte Waregem vs Royal Charleroi SC,Pro League,2026-09-13 17:30,target__over_3_5_goals,Over 3.5 Goals,40.1,36.4,3.8,2.75,0.6631,True,35.0
sr:match:73658764,Pyramids FC,Gor Mahia FC,Pyramids FC vs Gor Mahia FC,CAF Champions League,2026-09-13 18:00,target__over_3_5_goals,Over 3.5 Goals,40.1,33.9,6.2,2.95,0.6631,True,35.0
sr:match:72530926,Benfica,Gil Vicente Barcelos,Benfica vs Gil Vicente Barcelos,Liga Portugal,2026-09-13 18:00,target__over_3_5_goals,Over 3.5 Goals,54.5,43.5,11.0,2.3,0.6631,True,35.0
sr:match:72735752,Bursaspor,Esenler Erokspor,Bursaspor vs Esenler Erokspor,1. Lig,2026-09-13 18:00,target__over_3_5_goals,Over 3.5 Goals,40.1,34.5,5.6,2.9,0.6631,True,35.0
sr:match:67015372,Fredrikstad FK,Sarpsborg 08,Fredrikstad FK vs Sarpsborg 08,Eliteserien,2026-09-13 18:15,target__over_3_5_goals,Over 3.5 Goals,40.0,35.7,4.3,2.8,0.6631,True,35.0
sr:match:72302140,Patro Eisden Maasmechelen,KAS Eupen,Patro Eisden Maasmechelen vs KAS Eupen,Challenger Pro League,2026-09-13 18:15,target__over_3_5_goals,Over 3.5 Goals,40.1,33.3,6.8,3.0,0.6631,True,35.0
sr:match:72387988,FC Corvinul Hunedoara 1921,CS Universitatea Craiova,FC Corvinul Hunedoara 1921 vs CS Universitatea Craiova,Superliga,2026-09-13 18:30,target__over_3_5_goals,Over 3.5 Goals,40.0,30.3,9.7,3.3,0.6631,True,35.0
sr:match:71998186,Botev Plovdiv,PFC Lokomotiv Plovdiv,Botev Plovdiv vs PFC Lokomotiv Plovdiv,Parva Liga,2026-09-13 18:30,target__over_3_5_goals,Over 3.5 Goals,40.1,30.0,10.1,3.33,0.6631,True,35.0
sr:match:73265314,CA Tigre,CA Rosario Central,CA Tigre vs CA Rosario Central,Primera LPF,2026-09-13 18:45,target__over_3_5_goals,Over 3.5 Goals,23.4,19.2,4.2,5.2,0.6631,True,35.0
sr:match:71913070,HNK Hajduk Split,NK Slaven Belupo,HNK Hajduk Split vs NK Slaven Belupo,HNL,2026-09-13 19:00,target__over_3_5_goals,Over 3.5 Goals,50.3,46.5,3.8,2.15,0.6631,True,35.0
sr:match:67682030,Deportes La Serena,Universidad de Chile,Deportes La Serena vs Universidad de Chile,Primera Division,2026-09-13 19:00,target__over_3_5_goals,Over 3.5 Goals,40.1,35.7,4.4,2.8,0.6631,True,35.0
sr:match:74214604,Al-Riyadh SC,Al-Kholood,Al-Riyadh SC vs Al-Kholood,Saudi Pro League,2026-09-13 19:00,target__over_3_5_goals,Over 3.5 Goals,40.0,32.3,7.7,3.1,0.6631,True,35.0
sr:match:67919880,Ranheim 2,Byaasen,Ranheim 2 vs Byaasen,"3. Division, Group 2",2026-09-13 19:00,target__over_3_5_goals,Over 3.5 Goals,83.3,75.8,7.6,1.32,0.6631,True,35.0
sr:match:74225694,EC Pelotas RS,EC Guarani RS,EC Pelotas RS vs EC Guarani RS,"Gaucho, Serie A2",2026-09-13 19:00,target__over_3_5_goals,Over 3.5 Goals,40.1,29.4,10.7,3.4,0.6631,True,35.0
sr:match:74101020,Montaneses FC,Racing de Veracruz,Montaneses FC vs Racing de Veracruz,Liga Primera Premier,2026-09-13 19:00,target__over_3_5_goals,Over 3.5 Goals,40.1,35.1,5.0,2.85,0.6631,True,35.0
sr:match:71945260,Sassuolo,Juventus,Sassuolo vs Juventus,Serie A,2026-09-13 19:45,target__over_3_5_goals,Over 3.5 Goals,40.1,34.5,5.6,2.9,0.6631,True,35.0
sr:match:72335104,Deportivo Pereira FC SA,CA Bucaramanga,Deportivo Pereira FC SA vs CA Bucaramanga,Liga DIMAYOR,2026-09-13 20:00,target__over_3_5_goals,Over 3.5 Goals,40.1,24.4,15.7,4.1,0.6631,True,35.0
sr:match:68686110,Inter Toronto,Vancouver Langley FC,Inter Toronto vs Vancouver Langley FC,Canadian Premier League,2026-09-13 20:00,target__over_3_5_goals,Over 3.5 Goals,41.3,35.7,5.6,2.8,0.6631,True,35.0
sr:match:73038544,Club Olimpia,Sportivo Luqueno,Club Olimpia vs Sportivo Luqueno,Division de Honor,2026-09-13 20:00,target__over_3_5_goals,Over 3.5 Goals,40.1,35.7,4.4,2.8,0.6631,True,35.0
sr:match:74244346,Ferroviaria SP,Paysandu SC PA,Ferroviaria SP vs Paysandu SC PA,Brasileiro Serie C,2026-09-13 20:00,target__over_3_5_goals,Over 3.5 Goals,40.1,30.0,10.1,3.33,0.6631,True,35.0
sr:match:73487156,Always Ready,Guabira Montero,Always Ready vs Guabira Montero,Division Profesional,2026-09-13 20:00,target__over_3_5_goals,Over 3.5 Goals,70.6,54.6,15.9,1.83,0.6631,True,35.0
sr:match:72530918,FC Famalicao,Sporting,FC Famalicao vs Sporting,Liga Portugal,2026-09-13 20:30,target__over_3_5_goals,Over 3.5 Goals,41.3,33.3,7.9,3.0,0.6631,True,35.0
sr:match:74497472,Deportivo Rayo Zuliano,Portuguesa FC,Deportivo Rayo Zuliano vs Portuguesa FC,Primera Division,2026-09-13 20:30,target__over_3_5_goals,Over 3.5 Goals,40.1,37.0,3.1,2.7,0.6631,True,35.0
sr:match:74099696,Atletico El Vigia,Yaracuyanos FC,Atletico El Vigia vs Yaracuyanos FC,Segunda Division,2026-09-13 20:30,target__over_3_5_goals,Over 3.5 Goals,40.1,32.3,7.9,3.1,0.6631,True,35.0
sr:match:74270564,Monagas SC B,Dynamo Puerto FC,Monagas SC B vs Dynamo Puerto FC,Segunda Division,2026-09-13 20:30,target__over_3_5_goals,Over 3.5 Goals,40.1,29.4,10.7,3.4,0.6631,True,35.0
sr:match:72636202,Boca Juniors de Cali,CD Real Santander,Boca Juniors de Cali vs CD Real Santander,Torneo DIMAYOR,2026-09-13 21:30,target__over_3_5_goals,Over 3.5 Goals,40.1,31.2,8.9,3.2,0.6631,True,35.0
sr:match:74325200,Lobos UPNFM,Atletico Choloma,Lobos UPNFM vs Atletico Choloma,Liga Nacional,2026-09-13 22:00,target__over_3_5_goals,Over 3.5 Goals,40.1,35.1,5.0,2.85,0.6631,True,35.0
sr:match:72335114,Atletico Nacional,Aguilas Doradas Rionegro,Atletico Nacional vs Aguilas Doradas Rionegro,Liga DIMAYOR,2026-09-13 22:05,target__over_3_5_goals,Over 3.5 Goals,40.1,35.1,5.0,2.85,0.6631,True,35.0
sr:match:74530246,CD Parrillas One,Pumas FC Las Vegas,CD Parrillas One vs Pumas FC Las Vegas,Liga de Ascenso,2026-09-13 22:30,target__over_3_5_goals,Over 3.5 Goals,40.1,34.5,5.6,2.9,0.6631,True,35.0
sr:match:74306726,CA Penarol Montevideo,Albion FC,CA Penarol Montevideo vs Albion FC,Primera Division,2026-09-13 23:30,target__over_3_5_goals,Over 3.5 Goals,40.0,30.0,10.0,3.33,0.6631,True,35.0
sr:match:73185400,AD Cariari Pococi,AD Carmelita,AD Cariari Pococi vs AD Carmelita,Liga de Ascenso,2026-09-13 23:30,target__over_3_5_goals,Over 3.5 Goals,40.1,36.4,3.8,2.75,0.6631,True,35.0
sr:match:67682034,Audax Italiano,CD O'Higgins,Audax Italiano vs CD O'Higgins,Primera Division,2026-09-14 00:00,target__over_3_5_goals,Over 3.5 Goals,40.0,32.3,7.7,3.1,0.6631,True,35.0
sr:match:73204580,Atletico San Luis,Club Santos Laguna,Atletico San Luis vs Club Santos Laguna,"Liga MX, Women",2026-09-14 00:00,target__over_3_5_goals,Over 3.5 Goals,54.5,51.3,3.2,1.95,0.6631,True,35.0
sr:match:73075398,CD Luis Angel Firpo Usulutan,AD Isidro Metapan,CD Luis Angel Firpo Usulutan vs AD Isidro Metapan,Primera Division,2026-09-14 00:30,target__over_3_5_goals,Over 3.5 Goals,40.0,27.8,12.2,3.6,0.6631,True,35.0
sr:match:72053612,CS Cartagines,Liga Deportiva Alajuelense,CS Cartagines vs Liga Deportiva Alajuelense,Primera Division,2026-09-14 01:00,target__over_3_5_goals,Over 3.5 Goals,40.1,30.8,9.3,3.25,0.6631,True,35.0
sr:match:67172926,Oakland Roots SC,Lexington SC,Oakland Roots SC vs Lexington SC,USL Championship,2026-09-13 03:00,target__over_4_5_goals,Over 4.5 Goals,31.1,22.2,8.8,4.5,0.6327,True,19.9
sr:match:73184904,Municipal Grecia,Adr Jicaral,Municipal Grecia vs Adr Jicaral,Liga de Ascenso,2026-09-13 03:00,target__over_4_5_goals,Over 4.5 Goals,20.0,16.0,4.0,6.25,0.6327,True,19.9
sr:match:72597698,MFK Havirov,TJ Unie Hlubina,MFK Havirov vs TJ Unie Hlubina,MSFL,2026-09-13 09:15,target__over_4_5_goals,Over 4.5 Goals,31.1,27.0,4.0,3.7,0.6327,True,19.9
sr:match:74403216,Rochedale Rovers,Moreton City Excelsior U23,Rochedale Rovers vs Moreton City Excelsior U23,U23 Queensland NPL,2026-09-13 10:00,target__over_4_5_goals,Over 4.5 Goals,39.3,32.3,7.1,3.1,0.6327,True,19.9
sr:match:73603020,Middlesbrough U21,Leeds United U21,Middlesbrough U21 vs Leeds United U21,U21 Premier League 2,2026-09-13 12:00,target__over_4_5_goals,Over 4.5 Goals,36.1,30.8,5.3,3.25,0.6327,True,19.9
sr:match:69343104,FC Irtysh Pavlodar,FC Okzhetpes,FC Irtysh Pavlodar vs FC Okzhetpes,Premier League,2026-09-13 12:00,target__over_4_5_goals,Over 4.5 Goals,31.1,22.2,8.8,4.5,0.6327,True,19.9
sr:match:72513868,VfL 1899 Osnabruck,Hertha,VfL 1899 Osnabruck vs Hertha,2. Bundesliga,2026-09-13 12:30,target__over_4_5_goals,Over 4.5 Goals,31.1,25.0,6.1,4.0,0.6327,True,19.9
sr:match:73550100,Young Lions FC,Albirex Niigata Singapore FC,Young Lions FC vs Albirex Niigata Singapore FC,Premier League,2026-09-13 12:30,target__over_4_5_goals,Over 4.5 Goals,32.3,28.6,3.7,3.5,0.6327,True,19.9
sr:match:71925014,Silkeborg IF,Viborg FF,Silkeborg IF vs Viborg FF,Superliga,2026-09-13 13:00,target__over_4_5_goals,Over 4.5 Goals,36.1,25.0,11.1,4.0,0.6327,True,19.9
sr:match:73576628,Persebaya Surabaya,Psim Yogyakarta,Persebaya Surabaya vs Psim Yogyakarta,Super League,2026-09-13 13:00,target__over_4_5_goals,Over 4.5 Goals,31.1,18.5,12.5,5.4,0.6327,True,19.9
sr:match:73603022,Brentford U21,Everton U21,Brentford U21 vs Everton U21,U21 Premier League 2,2026-09-13 13:00,target__over_4_5_goals,Over 4.5 Goals,36.1,31.2,4.9,3.2,0.6327,True,19.9
sr:match:72652026,FC Yverdon,FC Aarau,FC Yverdon vs FC Aarau,"Super League, Women",2026-09-13 13:30,target__over_4_5_goals,Over 4.5 Goals,31.1,27.8,3.3,3.6,0.6327,True,19.9
sr:match:74178292,Gyulai FC,Szentlorinc SE,Gyulai FC vs Szentlorinc SE,Magyar Kupa,2026-09-13 14:00,target__over_4_5_goals,Over 4.5 Goals,31.1,23.8,7.2,4.2,0.6327,True,19.9
sr:match:68311822,Kristianstad FC,Jonkopings Sodra IF,Kristianstad FC vs Jonkopings Sodra IF,Ettan,2026-09-13 15:00,target__over_4_5_goals,Over 4.5 Goals,22.4,16.1,6.3,6.2,0.6327,True,19.9
sr:match:67916110,Arendal FK,Kvik Halden FK,Arendal FK vs Kvik Halden FK,2nd Division Group 1,2026-09-13 15:00,target__over_4_5_goals,Over 4.5 Goals,32.3,26.3,5.9,3.8,0.6327,True,19.9
sr:match:72176944,FC Luzern,Basel,FC Luzern vs Basel,Super League,2026-09-13 15:30,target__over_4_5_goals,Over 4.5 Goals,39.3,30.3,9.0,3.3,0.6327,True,19.9
sr:match:73270128,SV Wehen Wiesbaden,SV Waldhof Mannheim 07,SV Wehen Wiesbaden vs SV Waldhof Mannheim 07,3. Liga,2026-09-13 15:30,target__over_4_5_goals,Over 4.5 Goals,31.1,23.8,7.2,4.2,0.6327,True,19.9
sr:match:67018174,Sogndal Fotball,Stroemmen IF,Sogndal Fotball vs Stroemmen IF,1st Division,2026-09-13 16:00,target__over_4_5_goals,Over 4.5 Goals,39.3,31.2,8.1,3.2,0.6327,True,19.9
sr:match:72042252,FK Zeleziarne Podbrezova,KFC Komarno,FK Zeleziarne Podbrezova vs KFC Komarno,Superliga,2026-09-13 16:00,target__over_4_5_goals,Over 4.5 Goals,31.1,23.5,7.5,4.25,0.6327,True,19.9
sr:match:68098124,Deportes Magallanes,Puerto Montt,Deportes Magallanes vs Puerto Montt,Primera B,2026-09-13 16:30,target__over_4_5_goals,Over 4.5 Goals,31.1,16.7,14.4,6.0,0.6327,True,19.9
sr:match:72607976,FK Teplice,Slavia Prague,FK Teplice vs Slavia Prague,1. Liga,2026-09-13 17:00,target__over_4_5_goals,Over 4.5 Goals,25.0,19.6,5.4,5.1,0.6327,True,19.9
sr:match:67850110,07 Vestur Sorvagur,KI Klaksvik,07 Vestur Sorvagur vs KI Klaksvik,Premier League,2026-09-13 17:15,target__over_4_5_goals,Over 4.5 Goals,31.1,27.8,3.3,3.6,0.6327,True,19.9
sr:match:72530912,FC Arouca,Santa Clara Azores,FC Arouca vs Santa Clara Azores,Liga Portugal,2026-09-13 18:00,target__over_4_5_goals,Over 4.5 Goals,31.1,10.9,20.2,9.2,0.6327,True,19.9
sr:match:73270130,TSG Hoffenheim II,Fortuna Cologne,TSG Hoffenheim II vs Fortuna Cologne,3. Liga,2026-09-13 18:30,target__over_4_5_goals,Over 4.5 Goals,31.1,23.3,7.8,4.3,0.6327,True,19.9
sr:match:74214604,Al-Riyadh SC,Al-Kholood,Al-Riyadh SC vs Al-Kholood,Saudi Pro League,2026-09-13 19:00,target__over_4_5_goals,Over 4.5 Goals,31.1,17.5,13.5,5.7,0.6327,True,19.9
sr:match:73217308,Sportivo General San Martin Formosa,CA Sarmiento de la Banda,Sportivo General San Martin Formosa vs CA Sarmiento de la Banda,Torneo Federal A,2026-09-13 20:00,target__over_4_5_goals,Over 4.5 Goals,22.4,13.2,9.2,7.6,0.6327,True,19.9
sr:match:73293134,FC Arzignano Valchiampo,Calcio Desenzano,FC Arzignano Valchiampo vs Calcio Desenzano,"Serie C, Group A",2026-09-13 20:00,target__over_4_5_goals,Over 4.5 Goals,22.4,12.2,10.2,8.2,0.6327,True,19.9
sr:match:67118652,Gimnasia y Esgrima de Jujuy,Atletico de Rafaela,Gimnasia y Esgrima de Jujuy vs Atletico de Rafaela,Primera Nacional,2026-09-13 20:00,target__over_4_5_goals,Over 4.5 Goals,31.1,13.2,17.9,7.6,0.6327,True,19.9
sr:match:72530918,FC Famalicao,Sporting,FC Famalicao vs Sporting,Liga Portugal,2026-09-13 20:30,target__over_4_5_goals,Over 4.5 Goals,22.4,17.5,4.8,5.7,0.6327,True,19.9
sr:match:67682026,Colo-Colo,Deportes Concepcion,Colo-Colo vs Deportes Concepcion,Primera Division,2026-09-13 21:30,target__over_4_5_goals,Over 4.5 Goals,31.1,22.2,8.8,4.5,0.6327,True,19.9
sr:match:66299544,Chicago Fire,New England Revolution,Chicago Fire vs New England Revolution,MLS,2026-09-13 22:30,target__over_4_5_goals,Over 4.5 Goals,39.3,25.6,13.7,3.9,0.6327,True,19.9
sr:match:74530246,CD Parrillas One,Pumas FC Las Vegas,CD Parrillas One vs Pumas FC Las Vegas,Liga de Ascenso,2026-09-13 22:30,target__over_4_5_goals,Over 4.5 Goals,22.4,18.9,3.5,5.3,0.6327,True,19.9
sr:match:74460146,KR Reykjavik,IA Akranes,KR Reykjavik vs IA Akranes,Besta deild,2026-09-13 15:00,target__over_6_5_corners,Corners Over 6.5,83.8,20.8,63.0,4.8,0.5615,True,80.5
sr:match:72478552,Levante,Barcelona,Levante vs Barcelona,LaLiga,2026-09-13 15:15,target__over_6_5_corners,Corners Over 6.5,76.4,14.5,61.9,6.9,0.5615,True,80.5
sr:match:67018168,Moss FK,FK Haugesund,Moss FK vs FK Haugesund,1st Division,2026-09-13 16:00,target__over_6_5_corners,Corners Over 6.5,83.8,14.3,69.5,7.0,0.5615,True,80.5
sr:match:67018170,Ranheim,Aasane Fotball,Ranheim vs Aasane Fotball,1st Division,2026-09-13 16:00,target__over_6_5_corners,Corners Over 6.5,83.8,14.1,69.7,7.1,0.5615,True,80.5
sr:match:72513200,SV 07 Elversberg,Bayern Munich,SV 07 Elversberg vs Bayern Munich,Bundesliga,2026-09-13 16:30,target__over_6_5_corners,Corners Over 6.5,83.8,21.7,62.1,4.6,0.5615,True,80.5
sr:match:72041134,PSV Eindhoven,Sparta Rotterdam,PSV Eindhoven vs Sparta Rotterdam,Eredivisie,2026-09-13 19:00,target__over_6_5_corners,Corners Over 6.5,83.8,16.9,66.9,5.9,0.5615,True,80.5
