event_id,home_team,away_team,match,tournament,kickoff,target,pick,model_prob_%,implied_prob_%,edge_%,decimal_odds,model_auc,has_odds_match,hit_rate_%,ht_home,ht_away,ft_home,ft_away,status,result
sr:match:69456572,Shaanxi Union FC,Jiangxi Dingnan United,Shaanxi Union FC vs Jiangxi Dingnan United,China League 1,2026-09-05 08:30,target__away_clean_sheet,Away Clean Sheet,21.8,16.9,4.8,5.9,0.6508,True,23.0,0.0,0.0,2.0,1.0,finished,LOST
sr:match:72515932,Gedania Gdansk,KTS-K Luzino,Gedania Gdansk vs KTS-K Luzino,"III Liga, Group 2",2026-09-05 11:00,target__away_clean_sheet,Away Clean Sheet,47.3,41.7,5.6,2.4,0.6508,True,23.0,0.0,1.0,0.0,4.0,finished,WON
sr:match:72404680,IFK Umea,Friska Viljor FC,IFK Umea vs Friska Viljor FC,Division 2,2026-09-05 12:00,target__away_clean_sheet,Away Clean Sheet,47.3,38.5,8.8,2.6,0.6508,True,23.0,1.0,2.0,2.0,3.0,finished,LOST
sr:match:67919414,Ullern,Asker Fotball,Ullern vs Asker Fotball,"3. Division, Group 1",2026-09-05 12:00,target__away_clean_sheet,Away Clean Sheet,47.3,40.0,7.3,2.5,0.6508,True,23.0,1.0,3.0,2.0,6.0,finished,LOST
sr:match:69343098,FC Okzhetpes,FC Ordabasy,FC Okzhetpes vs FC Ordabasy,Premier League,2026-09-05 12:00,target__away_clean_sheet,Away Clean Sheet,47.3,40.0,7.3,2.5,0.6508,True,23.0,0.0,1.0,2.0,1.0,finished,LOST
sr:match:72302118,Jeugd KAA Gent B,RSC Anderlecht Futures,Jeugd KAA Gent B vs RSC Anderlecht Futures,Challenger Pro League,2026-09-05 12:30,target__away_clean_sheet,Away Clean Sheet,29.1,23.3,5.8,4.3,0.6508,True,23.0,2.0,1.0,2.0,2.0,finished,LOST
sr:match:72341138,Wigan Athletic,Stockport County FC,Wigan Athletic vs Stockport County FC,League One,2026-09-05 12:30,target__away_clean_sheet,Away Clean Sheet,47.3,30.8,16.5,3.25,0.6508,True,23.0,0.0,3.0,0.0,4.0,finished,WON
sr:match:68995370,Shandong Taishan FC,Shenzhen Peng City,Shandong Taishan FC vs Shenzhen Peng City,Chinese Super League,2026-09-05 13:00,target__away_clean_sheet,Away Clean Sheet,21.8,15.9,5.9,6.3,0.6508,True,23.0,1.0,0.0,1.0,1.0,finished,LOST
sr:match:72044316,FC Fredericia,Esbjerg FB,FC Fredericia vs Esbjerg FB,1. Division,2026-09-05 13:00,target__away_clean_sheet,Away Clean Sheet,21.8,14.5,7.3,6.9,0.6508,True,23.0,0.0,0.0,1.0,0.0,finished,LOST
sr:match:72680088,SC Preussen 06 Munster,TSV Havelse,SC Preussen 06 Munster vs TSV Havelse,3. Liga,2026-09-05 13:00,target__away_clean_sheet,Away Clean Sheet,21.8,17.5,4.3,5.7,0.6508,True,23.0,1.0,1.0,2.0,1.0,finished,LOST
sr:match:67915810,Skeid Fotball,Kjelsaas,Skeid Fotball vs Kjelsaas,2nd Division Group 2,2026-09-05 13:00,target__away_clean_sheet,Away Clean Sheet,47.3,37.0,10.2,2.7,0.6508,True,23.0,2.0,1.0,4.0,1.0,finished,LOST
sr:match:73258794,Chippa United FC,Milford FC,Chippa United FC vs Milford FC,Premiership,2026-09-05 14:00,target__away_clean_sheet,Away Clean Sheet,47.3,39.2,8.1,2.55,0.6508,True,23.0,0.0,0.0,0.0,0.0,finished,WON
sr:match:70699110,KA Asvellir,Hottur/Huginn,KA Asvellir vs Hottur/Huginn,3. deild,2026-09-05 14:00,target__away_clean_sheet,Away Clean Sheet,29.1,25.0,4.1,4.0,0.6508,True,23.0,0.0,1.0,1.0,4.0,finished,LOST
sr:match:72513182,Paderborn,Freiburg,Paderborn vs Freiburg,Bundesliga,2026-09-05 14:30,target__away_clean_sheet,Away Clean Sheet,38.5,30.8,7.7,3.25,0.6508,True,23.0,0.0,1.0,0.0,1.0,finished,WON
sr:match:72520880,FC Breitenrain,FC Luzern,FC Breitenrain vs FC Luzern,Promotion League,2026-09-05 14:30,target__away_clean_sheet,Away Clean Sheet,21.8,17.2,4.6,5.8,0.6508,True,23.0,0.0,0.0,1.0,0.0,finished,LOST
sr:match:73287420,Blau-Weiss Linz,Wacker Innsbruck,Blau-Weiss Linz vs Wacker Innsbruck,OFB Cup,2026-09-05 14:30,target__away_clean_sheet,Away Clean Sheet,21.8,17.9,3.9,5.6,0.6508,True,23.0,2.0,0.0,2.0,3.0,finished,LOST
sr:match:72341124,Burton Albion,Cambridge United,Burton Albion vs Cambridge United,League One,2026-09-05 15:00,target__away_clean_sheet,Away Clean Sheet,38.5,33.9,4.6,2.95,0.6508,True,23.0,1.0,1.0,2.0,2.0,finished,LOST
sr:match:72341132,Luton,Leyton Orient London,Luton vs Leyton Orient London,League One,2026-09-05 15:00,target__away_clean_sheet,Away Clean Sheet,21.8,18.2,3.6,5.5,0.6508,True,23.0,1.0,1.0,1.0,1.0,finished,LOST
sr:match:72759240,Merthyr Town,Macclesfield FC,Merthyr Town vs Macclesfield FC,National League North,2026-09-05 15:00,target__away_clean_sheet,Away Clean Sheet,47.3,30.3,17.0,3.3,0.6508,True,23.0,0.0,0.0,2.0,1.0,finished,LOST
sr:match:72597692,MFK Vitkovice,1. FC Slovacko B,MFK Vitkovice vs 1. FC Slovacko B,MSFL,2026-09-05 15:00,target__away_clean_sheet,Away Clean Sheet,29.1,25.0,4.1,4.0,0.6508,True,23.0,0.0,0.0,1.0,0.0,finished,LOST
sr:match:68307036,UMF Njardvik,Afturelding,UMF Njardvik vs Afturelding,1. deild,2026-09-05 15:00,target__away_clean_sheet,Away Clean Sheet,47.3,26.7,20.6,3.75,0.6508,True,23.0,2.0,0.0,2.0,1.0,finished,LOST
sr:match:72302932,Club Brugge KV,Standard Femina de Liege,Club Brugge KV vs Standard Femina de Liege,"Super League, Women",2026-09-05 15:00,target__away_clean_sheet,Away Clean Sheet,27.8,23.3,4.5,4.3,0.6508,True,23.0,3.0,0.0,3.0,1.0,finished,LOST
sr:match:73159930,Al-Taawoun FC,Al-Fateh SC,Al-Taawoun FC vs Al-Fateh SC,Saudi Pro League,2026-09-05 16:55,target__away_clean_sheet,Away Clean Sheet,29.4,20.4,9.0,4.9,0.6508,True,23.0,0.0,0.0,0.0,0.0,finished,WON
sr:match:72607948,SK Artis Brno,Viktoria Plzen,SK Artis Brno vs Viktoria Plzen,1. Liga,2026-09-05 17:00,target__away_clean_sheet,Away Clean Sheet,47.3,43.5,3.8,2.3,0.6508,True,23.0,0.0,3.0,0.0,3.0,finished,WON
sr:match:73265272,Gimnasia y Esgrima La Plata,CA Tigre,Gimnasia y Esgrima La Plata vs CA Tigre,Primera LPF,2026-09-05 18:30,target__away_clean_sheet,Away Clean Sheet,47.3,40.8,6.5,2.45,0.6508,True,23.0,1.0,0.0,2.0,1.0,finished,LOST
sr:match:72225114,Maccabi Haifa FC,Hapoel Petah Tikva FC,Maccabi Haifa FC vs Hapoel Petah Tikva FC,Premier League,2026-09-05 18:30,target__away_clean_sheet,Away Clean Sheet,21.8,17.2,4.6,5.8,0.6508,True,23.0,0.0,0.0,2.0,1.0,finished,LOST
sr:match:72037324,Saint-Etienne,Montpellier,Saint-Etienne vs Montpellier,Ligue 2,2026-09-05 19:00,target__away_clean_sheet,Away Clean Sheet,21.8,18.5,3.3,5.4,0.6508,True,23.0,1.0,1.0,3.0,1.0,finished,LOST
sr:match:72936022,AEK Athens,Aris Thessaloniki,AEK Athens vs Aris Thessaloniki,Super League,2026-09-05 19:00,target__away_clean_sheet,Away Clean Sheet,21.8,16.7,5.1,6.0,0.6508,True,23.0,1.0,0.0,5.0,0.0,finished,LOST
sr:match:67018156,Stabaek IF,Moss FK,Stabaek IF vs Moss FK,1st Division,2026-09-05 19:00,target__away_clean_sheet,Away Clean Sheet,21.8,11.8,10.0,8.5,0.6508,True,23.0,2.0,2.0,2.0,3.0,finished,LOST
sr:match:67119718,CSD San Martin,CD Armenio,CSD San Martin vs CD Armenio,Primera B,2026-09-05 19:00,target__away_clean_sheet,Away Clean Sheet,47.3,40.0,7.3,2.5,0.6508,True,23.0,0.0,0.0,0.0,0.0,finished,WON
sr:match:67117936,CA San Telmo,Club Atletico Los Andes,CA San Telmo vs Club Atletico Los Andes,Primera Nacional,2026-09-05 19:00,target__away_clean_sheet,Away Clean Sheet,47.3,43.5,3.8,2.3,0.6508,True,23.0,0.0,0.0,0.0,0.0,finished,WON
sr:match:68823236,Goias EC GO,Fortaleza EC CE,Goias EC GO vs Fortaleza EC CE,Brasileiro Serie B,2026-09-05 20:00,target__away_clean_sheet,Away Clean Sheet,47.3,35.7,11.6,2.8,0.6508,True,23.0,0.0,1.0,0.0,1.0,finished,WON
sr:match:68686096,Atletico Ottawa,Pacific FC,Atletico Ottawa vs Pacific FC,Canadian Premier League,2026-09-05 21:00,target__away_clean_sheet,Away Clean Sheet,21.8,18.2,3.6,5.5,0.6508,True,23.0,0.0,0.0,,,other,UNSETTLED
sr:match:74244342,AA Internacional Limeira SP,Ferroviaria SP,AA Internacional Limeira SP vs Ferroviaria SP,Brasileiro Serie C,2026-09-05 21:00,target__away_clean_sheet,Away Clean Sheet,47.3,34.5,12.8,2.9,0.6508,True,23.0,1.0,1.0,3.0,3.0,finished,LOST
sr:match:73038540,Sportivo San Lorenzo,CS 2 de Mayo,Sportivo San Lorenzo vs CS 2 de Mayo,Division de Honor,2026-09-05 22:30,target__away_clean_sheet,Away Clean Sheet,47.3,43.5,3.8,2.3,0.6508,True,23.0,1.0,1.0,,,other,UNSETTLED
sr:match:72055142,Atletico San Luis,CD Guadalajara,Atletico San Luis vs CD Guadalajara,Liga MX,2026-09-06 00:00,target__away_clean_sheet,Away Clean Sheet,47.3,35.7,11.6,2.8,0.6508,True,23.0,0.0,2.0,0.0,3.0,finished,WON
sr:match:67172224,Chattanooga Red Wolves SC,Greenville Triumph SC,Chattanooga Red Wolves SC vs Greenville Triumph SC,USL League One,2026-09-06 00:00,target__away_clean_sheet,Away Clean Sheet,31.4,26.3,5.1,3.8,0.6508,True,23.0,2.0,0.0,3.0,1.0,finished,LOST
sr:match:74151032,CA Independiente Siguatepeque,FC Motagua Tegucigalpa,CA Independiente Siguatepeque vs FC Motagua Tegucigalpa,Liga Nacional,2026-09-06 00:15,target__away_clean_sheet,Away Clean Sheet,47.3,38.5,8.8,2.6,0.6508,True,23.0,0.0,0.0,0.0,0.0,finished,WON
sr:match:67172228,Union Omaha SC,Charlotte Independence,Union Omaha SC vs Charlotte Independence,USL League One,2026-09-06 01:00,target__away_clean_sheet,Away Clean Sheet,21.8,18.5,3.3,5.4,0.6508,True,23.0,1.0,0.0,2.0,0.0,finished,LOST
sr:match:74174502,Adelaide Croatia Raiders SC,Adelaide Blue Eagles,Adelaide Croatia Raiders SC vs Adelaide Blue Eagles,South Australia State League 1,2026-09-05 06:30,target__away_win,Away Win,30.6,26.3,4.3,3.8,0.7237,True,32.7,3.0,0.0,4.0,0.0,finished,LOST
sr:match:74250322,Joondalup City,Armadale SC,Joondalup City vs Armadale SC,Western Australia NPL,2026-09-05 08:00,target__away_win,Away Win,74.3,62.9,11.4,1.59,0.7237,True,32.7,0.0,1.0,1.0,2.0,finished,WON
sr:match:74174756,Sturt Lions Reserve,North Eastern Metrostars SC Reserves,Sturt Lions Reserve vs North Eastern Metrostars SC Reserves,"South Australia NPL, Reserves",2026-09-05 08:00,target__away_win,Away Win,74.3,66.2,8.1,1.51,0.7237,True,32.7,0.0,2.0,0.0,2.0,finished,WON
sr:match:69456572,Shaanxi Union FC,Jiangxi Dingnan United,Shaanxi Union FC vs Jiangxi Dingnan United,China League 1,2026-09-05 08:30,target__away_win,Away Win,23.6,15.9,7.7,6.3,0.7237,True,32.7,0.0,0.0,2.0,1.0,finished,LOST
sr:match:73086582,CS Concordia Chiajna,CS Afumati,CS Concordia Chiajna vs CS Afumati,Liga 2,2026-09-05 09:00,target__away_win,Away Win,23.6,19.0,4.5,5.25,0.7237,True,32.7,0.0,1.0,1.0,2.0,finished,WON
sr:match:72575754,FC Pardubice,Sparta Prague,FC Pardubice vs Sparta Prague,U19 1. Liga,2026-09-05 09:15,target__away_win,Away Win,50.0,45.5,4.5,2.2,0.7237,True,32.7,0.0,0.0,0.0,1.0,finished,WON
sr:match:73576598,Persik Kediri,Dewa United,Persik Kediri vs Dewa United,Super League,2026-09-05 09:30,target__away_win,Away Win,50.0,43.5,6.5,2.3,0.7237,True,32.7,0.0,1.0,0.0,1.0,finished,WON
sr:match:74201960,Pine Hills,Grange Thistle,Pine Hills vs Grange Thistle,Queensland Premier League 2,2026-09-05 10:00,target__away_win,Away Win,74.3,53.5,20.9,1.87,0.7237,True,32.7,1.0,1.0,3.0,6.0,finished,WON
sr:match:67817846,Bucheon FC 1995,Daejeon Citizen FC,Bucheon FC 1995 vs Daejeon Citizen FC,K-League 1,2026-09-05 11:00,target__away_win,Away Win,56.2,50.5,5.7,1.98,0.7237,True,32.7,0.0,2.0,0.0,5.0,finished,WON
sr:match:72151942,Gainare Tottori,Renofa Yamaguchi,Gainare Tottori vs Renofa Yamaguchi,J3 League,2026-09-05 11:00,target__away_win,Away Win,50.0,44.4,5.6,2.25,0.7237,True,32.7,0.0,2.0,0.0,3.0,finished,WON
sr:match:72151950,Kagoshima United,FC Ryukyu,Kagoshima United vs FC Ryukyu,J3 League,2026-09-05 11:00,target__away_win,Away Win,23.6,18.2,5.4,5.5,0.7237,True,32.7,0.0,0.0,2.0,1.0,finished,LOST
sr:match:72151934,Thespa Gunma,Fukushima United FC,Thespa Gunma vs Fukushima United FC,J3 League,2026-09-05 11:00,target__away_win,Away Win,42.4,35.1,7.4,2.85,0.7237,True,32.7,1.0,2.0,1.0,3.0,finished,WON
sr:match:72151932,Tochigi SC,Kochi United SC,Tochigi SC vs Kochi United SC,J3 League,2026-09-05 11:00,target__away_win,Away Win,29.5,25.6,3.9,3.9,0.7237,True,32.7,1.0,0.0,2.0,0.0,finished,LOST
sr:match:73068006,Real Madrid Castilla,Juventud Torremolinos CF,Real Madrid Castilla vs Juventud Torremolinos CF,Primera Federacion,2026-09-05 11:00,target__away_win,Away Win,24.1,19.6,4.5,5.1,0.7237,True,32.7,1.0,0.0,2.0,0.0,finished,LOST
sr:match:68377904,FC Nacka Iliria,Smedby AIS,FC Nacka Iliria vs Smedby AIS,Division 2,2026-09-05 11:00,target__away_win,Away Win,42.4,35.1,7.4,2.85,0.7237,True,32.7,0.0,0.0,1.0,1.0,finished,LOST
sr:match:72398648,Podhale Nowy Targ,Sandecja Nowy Sacz,Podhale Nowy Targ vs Sandecja Nowy Sacz,II Liga,2026-09-05 11:00,target__away_win,Away Win,50.0,45.5,4.5,2.2,0.7237,True,32.7,1.0,1.0,2.0,1.0,finished,LOST
sr:match:72517206,Wisla II Krakow,Chelmianka Chelm,Wisla II Krakow vs Chelmianka Chelm,"III Liga, Group 4",2026-09-05 11:00,target__away_win,Away Win,56.2,47.6,8.5,2.1,0.7237,True,32.7,0.0,1.0,0.0,2.0,finished,WON
sr:match:69592610,Ryazan VDV,Lokomotiv Moscow,Ryazan VDV vs Lokomotiv Moscow,"Superleague, Women",2026-09-05 11:00,target__away_win,Away Win,74.3,69.0,5.4,1.45,0.7237,True,32.7,0.0,3.0,0.0,4.0,finished,WON
sr:match:72500704,Ishoej IF,Holbaek B&I,Ishoej IF vs Holbaek B&I,3rd Division,2026-09-05 12:00,target__away_win,Away Win,74.3,70.4,3.9,1.42,0.7237,True,32.7,0.0,1.0,0.0,4.0,finished,WON
sr:match:68311796,BK Olympic,Angelholms FF,BK Olympic vs Angelholms FF,Ettan,2026-09-05 12:00,target__away_win,Away Win,42.4,33.3,9.1,3.0,0.7237,True,32.7,1.0,0.0,5.0,0.0,finished,LOST
sr:match:68320956,Helges IF,Taby FK,Helges IF vs Taby FK,Division 2,2026-09-05 12:00,target__away_win,Away Win,74.3,68.0,6.3,1.47,0.7237,True,32.7,0.0,0.0,1.0,1.0,finished,LOST
sr:match:72398658,Sokol Kleczew,Gornik Leczna,Sokol Kleczew vs Gornik Leczna,II Liga,2026-09-05 12:00,target__away_win,Away Win,50.0,43.5,6.5,2.3,0.7237,True,32.7,0.0,0.0,0.0,4.0,finished,WON
sr:match:72515934,Grom Nowy Staw,Polonia Sroda Wielkopolska,Grom Nowy Staw vs Polonia Sroda Wielkopolska,"III Liga, Group 2",2026-09-05 12:00,target__away_win,Away Win,74.3,61.3,13.0,1.63,0.7237,True,32.7,2.0,2.0,4.0,4.0,finished,LOST
sr:match:67919418,SF Grei,FK Union Carl Berner,SF Grei vs FK Union Carl Berner,"3. Division, Group 1",2026-09-05 12:00,target__away_win,Away Win,74.3,64.9,9.4,1.54,0.7237,True,32.7,0.0,1.0,0.0,1.0,finished,WON
sr:match:72339784,Stoke City,Charlton Athletic,Stoke City vs Charlton Athletic,Championship,2026-09-05 12:30,target__away_win,Away Win,30.6,27.2,3.4,3.67,0.7237,True,32.7,4.0,0.0,4.0,0.0,finished,LOST
sr:match:72341138,Wigan Athletic,Stockport County FC,Wigan Athletic vs Stockport County FC,League One,2026-09-05 12:30,target__away_win,Away Win,50.0,44.4,5.6,2.25,0.7237,True,32.7,0.0,3.0,0.0,4.0,finished,WON
sr:match:72738128,Southend United,Yeovil Town,Southend United vs Yeovil Town,National League,2026-09-05 12:30,target__away_win,Away Win,23.6,19.6,4.0,5.1,0.7237,True,32.7,0.0,1.0,3.0,2.0,finished,LOST
sr:match:69456578,Nantong Zhiyun,Guandong GZ-Power FC,Nantong Zhiyun vs Guandong GZ-Power FC,China League 1,2026-09-05 12:30,target__away_win,Away Win,50.0,40.0,10.0,2.5,0.7237,True,32.7,0.0,0.0,1.0,1.0,finished,LOST
sr:match:74306992,FK BSK Banja Luka,NK Celik Zenica,FK BSK Banja Luka vs NK Celik Zenica,Premijer Liga,2026-09-05 12:30,target__away_win,Away Win,42.4,36.4,6.1,2.75,0.7237,True,32.7,0.0,1.0,3.0,2.0,finished,LOST
sr:match:73062384,Sabah FC,Kuching City FC,Sabah FC vs Kuching City FC,Super League,2026-09-05 12:30,target__away_win,Away Win,74.3,60.6,13.7,1.65,0.7237,True,32.7,0.0,2.0,0.0,2.0,finished,WON
sr:match:72302930,Raal La Louviere,SV Zulte Waregem,Raal La Louviere vs SV Zulte Waregem,"Super League, Women",2026-09-05 12:30,target__away_win,Away Win,56.2,46.5,9.7,2.15,0.7237,True,32.7,0.0,0.0,1.0,0.0,finished,LOST
sr:match:68995370,Shandong Taishan FC,Shenzhen Peng City,Shandong Taishan FC vs Shenzhen Peng City,Chinese Super League,2026-09-05 13:00,target__away_win,Away Win,29.5,21.1,8.5,4.75,0.7237,True,32.7,1.0,0.0,1.0,1.0,finished,LOST
sr:match:72594492,Koninklijke HFC,Jong Sparta Rotterdam,Koninklijke HFC vs Jong Sparta Rotterdam,Tweede Divisie,2026-09-05 13:00,target__away_win,Away Win,50.0,46.5,3.5,2.15,0.7237,True,32.7,0.0,2.0,2.0,2.0,finished,LOST
sr:match:72044316,FC Fredericia,Esbjerg FB,FC Fredericia vs Esbjerg FB,1. Division,2026-09-05 13:00,target__away_win,Away Win,23.6,18.2,5.4,5.5,0.7237,True,32.7,0.0,0.0,1.0,0.0,finished,LOST
sr:match:73576604,Borneo Samarinda,Persija Jakarta,Borneo Samarinda vs Persija Jakarta,Super League,2026-09-05 13:00,target__away_win,Away Win,56.2,44.4,11.7,2.25,0.7237,True,32.7,0.0,1.0,0.0,1.0,finished,WON
sr:match:68774308,JK Tallinna Kalev,Tartu JK Welco,JK Tallinna Kalev vs Tartu JK Welco,Esiliiga,2026-09-05 13:00,target__away_win,Away Win,74.3,66.2,8.1,1.51,0.7237,True,32.7,0.0,1.0,1.0,1.0,finished,LOST
sr:match:72680088,SC Preussen 06 Munster,TSV Havelse,SC Preussen 06 Munster vs TSV Havelse,3. Liga,2026-09-05 13:00,target__away_win,Away Win,24.1,20.8,3.2,4.8,0.7237,True,32.7,1.0,1.0,2.0,1.0,finished,LOST
sr:match:72942464,Rasisalai United,Port FC,Rasisalai United vs Port FC,Thai League 1,2026-09-05 13:00,target__away_win,Away Win,74.3,63.7,10.6,1.57,0.7237,True,32.7,1.0,1.0,1.0,2.0,finished,WON
sr:match:72809176,FSV Frankfurt 1899,Offenbacher FC Kickers 1901,FSV Frankfurt 1899 vs Offenbacher FC Kickers 1901,Regionalliga Southwest,2026-09-05 13:00,target__away_win,Away Win,50.0,45.5,4.5,2.2,0.7237,True,32.7,0.0,1.0,1.0,1.0,finished,LOST
sr:match:70887022,FK Kaspii Aktau,FC Kairat Almaty,FK Kaspii Aktau vs FC Kairat Almaty,Premier League,2026-09-05 13:00,target__away_win,Away Win,74.3,70.4,3.9,1.42,0.7237,True,32.7,0.0,2.0,0.0,3.0,finished,WON
sr:match:72575750,FC Fastav Zlin,FK Mlada Boleslav,FC Fastav Zlin vs FK Mlada Boleslav,U19 1. Liga,2026-09-05 13:00,target__away_win,Away Win,74.3,65.8,8.5,1.52,0.7237,True,32.7,2.0,0.0,2.0,2.0,finished,LOST
sr:match:72960982,1. FSV Mainz 05,1 FC Cologne,1. FSV Mainz 05 vs 1 FC Cologne,Women Bundesliga,2026-09-05 13:00,target__away_win,Away Win,74.3,69.9,4.4,1.43,0.7237,True,32.7,0.0,3.0,0.0,4.0,finished,WON
sr:match:72594494,GVVV Veenendaal,K.v.v. Quick Boys,GVVV Veenendaal vs K.v.v. Quick Boys,Tweede Divisie,2026-09-05 13:30,target__away_win,Away Win,74.3,66.2,8.1,1.51,0.7237,True,32.7,0.0,2.0,0.0,3.0,finished,WON
sr:match:72594496,HHC Hardenberg,De Treffers Groesbeek,HHC Hardenberg vs De Treffers Groesbeek,Tweede Divisie,2026-09-05 13:30,target__away_win,Away Win,56.2,50.5,5.7,1.98,0.7237,True,32.7,0.0,1.0,2.0,2.0,finished,LOST
sr:match:72523896,SC Bastia,Amiens,SC Bastia vs Amiens,Ligue 3,2026-09-05 13:45,target__away_win,Away Win,30.6,27.0,3.6,3.7,0.7237,True,32.7,0.0,2.0,0.0,3.0,finished,WON
sr:match:72523884,US Concarneau,Thionville US Lusitanos,US Concarneau vs Thionville US Lusitanos,Ligue 3,2026-09-05 13:45,target__away_win,Away Win,42.4,30.0,12.4,3.33,0.7237,True,32.7,2.0,0.0,2.0,2.0,finished,LOST
sr:match:71680598,Poland,Argentina,Poland vs Argentina,"U20 FIFA World Cup, Women",2026-09-05 14:00,target__away_win,Away Win,50.0,43.5,6.5,2.3,0.7237,True,32.7,2.0,0.0,3.0,0.0,finished,LOST
sr:match:72594506,Rohda Raalte,Kozakken Boys Werkendam,Rohda Raalte vs Kozakken Boys Werkendam,Tweede Divisie,2026-09-05 14:00,target__away_win,Away Win,74.3,69.0,5.4,1.45,0.7237,True,32.7,1.0,0.0,1.0,2.0,finished,WON
sr:match:72594504,VV Kloetinge,IJsselmeervogels,VV Kloetinge vs IJsselmeervogels,Tweede Divisie,2026-09-05 14:00,target__away_win,Away Win,50.0,44.4,5.6,2.25,0.7237,True,32.7,0.0,1.0,0.0,2.0,finished,WON
sr:match:67916094,Brattvaag,Kvik Halden FK,Brattvaag vs Kvik Halden FK,2nd Division Group 1,2026-09-05 14:00,target__away_win,Away Win,29.5,19.6,9.9,5.1,0.7237,True,32.7,0.0,0.0,1.0,0.0,finished,LOST
sr:match:67916092,Mjoendalen IF,FK Jerv,Mjoendalen IF vs FK Jerv,2nd Division Group 1,2026-09-05 14:00,target__away_win,Away Win,50.0,45.5,4.5,2.2,0.7237,True,32.7,0.0,2.0,0.0,3.0,finished,WON
sr:match:73258794,Chippa United FC,Milford FC,Chippa United FC vs Milford FC,Premiership,2026-09-05 14:00,target__away_win,Away Win,42.4,37.0,5.4,2.7,0.7237,True,32.7,0.0,0.0,0.0,0.0,finished,LOST
sr:match:73062386,Terengganu FC,Penang FA,Terengganu FC vs Penang FA,Super League,2026-09-05 14:00,target__away_win,Away Win,23.6,18.5,5.1,5.4,0.7237,True,32.7,0.0,0.0,0.0,0.0,finished,LOST
sr:match:72513170,Bayer Leverkusen,Union Berlin,Bayer Leverkusen vs Union Berlin,Bundesliga,2026-09-05 14:30,target__away_win,Away Win,24.1,15.5,8.6,6.46,0.7237,True,32.7,2.0,0.0,4.0,0.0,finished,LOST
sr:match:72513168,Hoffenheim,Borussia Dortmund,Hoffenheim vs Borussia Dortmund,Bundesliga,2026-09-05 14:30,target__away_win,Away Win,50.0,42.9,7.1,2.33,0.7237,True,32.7,1.0,0.0,2.0,3.0,finished,WON
sr:match:72334312,FK Zenit Saint Petersburg,CSKA Moscow,FK Zenit Saint Petersburg vs CSKA Moscow,Premier League,2026-09-05 14:30,target__away_win,Away Win,23.6,19.0,4.5,5.25,0.7237,True,32.7,0.0,1.0,1.0,2.0,finished,WON
sr:match:73287420,Blau-Weiss Linz,Wacker Innsbruck,Blau-Weiss Linz vs Wacker Innsbruck,OFB Cup,2026-09-05 14:30,target__away_win,Away Win,29.5,21.1,8.5,4.75,0.7237,True,32.7,2.0,0.0,2.0,3.0,finished,WON
sr:match:72546582,Bangor 1876 FC,CPD Y Rhyl 1879,Bangor 1876 FC vs CPD Y Rhyl 1879,"Cymru Championship, North",2026-09-05 14:30,target__away_win,Away Win,30.6,21.7,8.9,4.6,0.7237,True,32.7,1.0,0.0,2.0,2.0,finished,LOST
sr:match:72546590,Newtown AFC,Denbigh Town,Newtown AFC vs Denbigh Town,"Cymru Championship, North",2026-09-05 14:30,target__away_win,Away Win,23.6,16.7,6.9,6.0,0.7237,True,32.7,0.0,0.0,1.0,0.0,finished,LOST
sr:match:72546592,Porthmadog FC,Bala Town FC,Porthmadog FC vs Bala Town FC,"Cymru Championship, North",2026-09-05 14:30,target__away_win,Away Win,56.2,50.0,6.2,2.0,0.7237,True,32.7,0.0,1.0,1.0,2.0,finished,WON
sr:match:72221234,Brentford,Sunderland AFC,Brentford vs Sunderland AFC,Premier League,2026-09-05 15:00,target__away_win,Away Win,23.6,18.2,5.3,5.48,0.7237,True,32.7,0.0,0.0,1.0,1.0,finished,LOST
sr:match:72339782,Sheffield United,Norwich,Sheffield United vs Norwich,Championship,2026-09-05 15:00,target__away_win,Away Win,42.4,36.6,5.8,2.73,0.7237,True,32.7,1.0,2.0,1.0,3.0,finished,WON
sr:match:72302120,Club NXT,KAS Eupen,Club NXT vs KAS Eupen,Challenger Pro League,2026-09-05 15:00,target__away_win,Away Win,50.0,45.5,4.5,2.2,0.7237,True,32.7,0.0,0.0,0.0,1.0,finished,WON
sr:match:72204254,Clyde FC,Edinburgh City FC,Clyde FC vs Edinburgh City FC,League 2,2026-09-05 15:00,target__away_win,Away Win,29.5,26.3,3.2,3.8,0.7237,True,32.7,0.0,1.0,3.0,2.0,finished,LOST
sr:match:72204262,Stirling Albion FC,Spartans FC,Stirling Albion FC vs Spartans FC,League 2,2026-09-05 15:00,target__away_win,Away Win,56.3,52.9,3.4,1.89,0.7237,True,32.7,0.0,1.0,0.0,2.0,finished,WON
sr:match:72341128,Huddersfield,Notts County,Huddersfield vs Notts County,League One,2026-09-05 15:00,target__away_win,Away Win,23.6,20.4,3.2,4.9,0.7237,True,32.7,1.0,1.0,1.0,1.0,finished,LOST
sr:match:67018152,Odds BK,Stroemsgodset IF,Odds BK vs Stroemsgodset IF,1st Division,2026-09-05 15:00,target__away_win,Away Win,56.2,50.8,5.4,1.97,0.7237,True,32.7,0.0,1.0,1.0,1.0,finished,LOST
sr:match:72738138,AFC Hornchurch,Forest Green Rovers,AFC Hornchurch vs Forest Green Rovers,National League,2026-09-05 15:00,target__away_win,Away Win,50.0,44.4,5.6,2.25,0.7237,True,32.7,0.0,1.0,0.0,1.0,finished,WON
sr:match:72759228,Brackley Town FC,Harborough Town FC,Brackley Town FC vs Harborough Town FC,National League North,2026-09-05 15:00,target__away_win,Away Win,50.0,43.5,6.5,2.3,0.7237,True,32.7,1.0,0.0,1.0,0.0,finished,LOST
sr:match:72759240,Merthyr Town,Macclesfield FC,Merthyr Town vs Macclesfield FC,National League North,2026-09-05 15:00,target__away_win,Away Win,56.2,50.0,6.2,2.0,0.7237,True,32.7,0.0,0.0,2.0,1.0,finished,LOST
sr:match:72759242,Morecambe FC,Buxton FC,Morecambe FC vs Buxton FC,National League North,2026-09-05 15:00,target__away_win,Away Win,50.0,42.6,7.4,2.35,0.7237,True,32.7,0.0,0.0,4.0,0.0,finished,LOST
sr:match:72758076,Billericay Town,Dorking Wanderers,Billericay Town vs Dorking Wanderers,National League South,2026-09-05 15:00,target__away_win,Away Win,50.0,45.5,4.5,2.2,0.7237,True,32.7,2.0,2.0,3.0,3.0,finished,LOST
sr:match:72346278,Bangor FC,Ballymena United,Bangor FC vs Ballymena United,Premiership,2026-09-05 15:00,target__away_win,Away Win,74.3,56.2,18.2,1.78,0.7237,True,32.7,0.0,2.0,2.0,2.0,finished,LOST
sr:match:72346280,Cliftonville FC,Portadown FC,Cliftonville FC vs Portadown FC,Premiership,2026-09-05 15:00,target__away_win,Away Win,24.1,20.4,3.7,4.9,0.7237,True,32.7,2.0,0.0,3.0,1.0,finished,LOST
sr:match:68307034,HK Kopavogur,Fylkir Reykjavik,HK Kopavogur vs Fylkir Reykjavik,1. deild,2026-09-05 15:00,target__away_win,Away Win,56.2,47.6,8.5,2.1,0.7237,True,32.7,0.0,0.0,2.0,1.0,finished,LOST
sr:match:68307038,IF Vestri,Throttur Reykjavik,IF Vestri vs Throttur Reykjavik,1. deild,2026-09-05 15:00,target__away_win,Away Win,50.0,44.4,5.6,2.25,0.7237,True,32.7,0.0,0.0,0.0,2.0,finished,WON
sr:match:68307032,IR Reykjavik,Leiknir Reykjavik,IR Reykjavik vs Leiknir Reykjavik,1. deild,2026-09-05 15:00,target__away_win,Away Win,30.6,26.3,4.3,3.8,0.7237,True,32.7,3.0,0.0,3.0,2.0,finished,LOST
sr:match:68307036,UMF Njardvik,Afturelding,UMF Njardvik vs Afturelding,1. deild,2026-09-05 15:00,target__away_win,Away Win,56.2,50.0,6.2,2.0,0.7237,True,32.7,2.0,0.0,2.0,1.0,finished,LOST
sr:match:72478528,Athletic Bilbao,Atletico Madrid,Athletic Bilbao vs Atletico Madrid,LaLiga,2026-09-05 15:15,target__away_win,Away Win,50.0,41.5,8.5,2.41,0.7237,True,32.7,0.0,0.0,3.0,0.0,finished,LOST
sr:match:72041106,NEC Nijmegen,Feyenoord,NEC Nijmegen vs Feyenoord,Eredivisie,2026-09-05 15:30,target__away_win,Away Win,50.0,42.6,7.4,2.35,0.7237,True,32.7,0.0,0.0,1.0,3.0,finished,WON
sr:match:72530894,Estrela Amadora,FC Famalicao,Estrela Amadora vs FC Famalicao,Liga Portugal,2026-09-05 15:30,target__away_win,Away Win,42.4,39.4,3.1,2.54,0.7237,True,32.7,0.0,1.0,2.0,2.0,finished,LOST
sr:match:72680090,Rot-Weiss Essen,FC Viktoria Cologne,Rot-Weiss Essen vs FC Viktoria Cologne,3. Liga,2026-09-05 15:30,target__away_win,Away Win,29.5,26.3,3.2,3.8,0.7237,True,32.7,1.0,0.0,1.0,0.0,finished,LOST
sr:match:72409662,Karpaty Lviv,Shakhtar D,Karpaty Lviv vs Shakhtar D,Premier League,2026-09-05 16:00,target__away_win,Away Win,74.3,57.8,16.5,1.73,0.7237,True,32.7,1.0,1.0,1.0,2.0,finished,WON
sr:match:72501128,FC Ajka,Soroksar SC,FC Ajka vs Soroksar SC,NB II,2026-09-05 16:00,target__away_win,Away Win,50.0,39.2,10.8,2.55,0.7237,True,32.7,0.0,2.0,0.0,3.0,finished,WON
sr:match:72176924,Young Boys Bern,FC Luzern,Young Boys Bern vs FC Luzern,Super League,2026-09-05 17:00,target__away_win,Away Win,24.1,18.5,5.6,5.4,0.7237,True,32.7,1.0,0.0,3.0,3.0,finished,LOST
sr:match:71925002,AGF Aarhus,Silkeborg IF,AGF Aarhus vs Silkeborg IF,Superliga,2026-09-05 17:00,target__away_win,Away Win,29.5,18.2,11.3,5.5,0.7237,True,32.7,0.0,2.0,2.0,2.0,finished,LOST
sr:match:71998176,FK Spartak 1918 Varna,PFC CSKA Sofia,FK Spartak 1918 Varna vs PFC CSKA Sofia,Parva Liga,2026-09-05 17:00,target__away_win,Away Win,74.3,64.1,10.2,1.56,0.7237,True,32.7,1.0,1.0,1.0,1.0,finished,LOST
sr:match:68214788,Tallinna FC Flora,Nomme Kalju FC,Tallinna FC Flora vs Nomme Kalju FC,Premium Liiga,2026-09-05 17:00,target__away_win,Away Win,56.2,42.6,13.6,2.35,0.7237,True,32.7,2.0,1.0,2.0,1.0,finished,LOST
sr:match:72305172,1. FC Tatran Presov,FC Vion Zlate Moravce - Vrable,1. FC Tatran Presov vs FC Vion Zlate Moravce - Vrable,2. Liga,2026-09-05 17:00,target__away_win,Away Win,29.5,22.7,6.8,4.4,0.7237,True,32.7,0.0,0.0,0.0,1.0,finished,WON
sr:match:73675428,Manama Club,Al Riffa,Manama Club vs Al Riffa,Premier League,2026-09-05 17:00,target__away_win,Away Win,74.3,69.4,4.9,1.44,0.7237,True,32.7,1.0,3.0,1.0,5.0,finished,WON
sr:match:72963746,FC Victoria Rosport,US Hostert,FC Victoria Rosport vs US Hostert,Division Nationale,2026-09-05 17:00,target__away_win,Away Win,56.2,44.4,11.7,2.25,0.7237,True,32.7,0.0,2.0,0.0,2.0,finished,WON
sr:match:72596068,RBC Roosendaal,Achilles Veen,RBC Roosendaal vs Achilles Veen,Derde Divisie,2026-09-05 17:00,target__away_win,Away Win,29.5,21.3,8.2,4.7,0.7237,True,32.7,3.0,0.0,3.0,0.0,finished,LOST
sr:match:73080254,Lyon La Duchere,Nimes,Lyon La Duchere vs Nimes,National 1,2026-09-05 17:00,target__away_win,Away Win,74.3,62.1,12.2,1.61,0.7237,True,32.7,0.0,1.0,0.0,1.0,finished,WON
sr:match:73588760,Moravia,Dimas Escazu,Moravia vs Dimas Escazu,"Primera Division, Women",2026-09-05 17:00,target__away_win,Away Win,74.3,67.1,7.2,1.49,0.7237,True,32.7,1.0,1.0,2.0,1.0,finished,LOST
sr:match:73074168,Shabab Al Ahli Dubai,Al Jazira (UAE),Shabab Al Ahli Dubai vs Al Jazira (UAE),Arabian Gulf League,2026-09-05 17:15,target__away_win,Away Win,42.4,30.3,12.1,3.3,0.7237,True,32.7,1.0,1.0,1.0,3.0,finished,WON
sr:match:72979706,Al Sadd SC,Al Gharafa SC,Al Sadd SC vs Al Gharafa SC,Stars League,2026-09-05 17:15,target__away_win,Away Win,23.6,20.4,3.2,4.9,0.7237,True,32.7,2.0,0.0,4.0,1.0,finished,LOST
sr:match:72221242,Hull City,Aston Villa,Hull City vs Aston Villa,Premier League,2026-09-05 17:30,target__away_win,Away Win,56.2,50.8,5.4,1.97,0.7237,True,32.7,0.0,0.0,0.0,0.0,finished,LOST
sr:match:73080114,US Le Pays Du Valois,Lusitanos Saint-Maur,US Le Pays Du Valois vs Lusitanos Saint-Maur,National 1,2026-09-05 17:30,target__away_win,Away Win,74.3,66.7,7.7,1.5,0.7237,True,32.7,0.0,1.0,1.0,2.0,finished,WON
sr:match:72225114,Maccabi Haifa FC,Hapoel Petah Tikva FC,Maccabi Haifa FC vs Hapoel Petah Tikva FC,Premier League,2026-09-05 18:30,target__away_win,Away Win,24.1,18.2,5.9,5.5,0.7237,True,32.7,0.0,0.0,2.0,1.0,finished,LOST
sr:match:72041110,Ajax,PSV Eindhoven,Ajax vs PSV Eindhoven,Eredivisie,2026-09-05 19:00,target__away_win,Away Win,56.2,41.7,14.5,2.4,0.7237,True,32.7,1.0,2.0,1.0,3.0,finished,WON
sr:match:72037324,Saint-Etienne,Montpellier,Saint-Etienne vs Montpellier,Ligue 2,2026-09-05 19:00,target__away_win,Away Win,23.6,18.2,5.4,5.5,0.7237,True,32.7,1.0,1.0,3.0,1.0,finished,LOST
sr:match:73159932,Al-Ittihad Club,Al Nassr Club,Al-Ittihad Club vs Al Nassr Club,Saudi Pro League,2026-09-05 19:00,target__away_win,Away Win,74.3,64.5,9.8,1.55,0.7237,True,32.7,2.0,1.0,2.0,1.0,finished,LOST
sr:match:67018156,Stabaek IF,Moss FK,Stabaek IF vs Moss FK,1st Division,2026-09-05 19:00,target__away_win,Away Win,23.6,15.9,7.7,6.3,0.7237,True,32.7,2.0,2.0,2.0,3.0,finished,WON
sr:match:72083026,FK Macva Sabac,FK Radnicki 1923 Kragujevac,FK Macva Sabac vs FK Radnicki 1923 Kragujevac,Superliga,2026-09-05 19:00,target__away_win,Away Win,56.2,50.3,5.9,1.99,0.7237,True,32.7,0.0,0.0,0.0,0.0,finished,LOST
sr:match:72043126,LKP Motor Lublin,Legia Warszawa,LKP Motor Lublin vs Legia Warszawa,Ekstraklasa,2026-09-05 19:15,target__away_win,Away Win,56.2,50.3,5.9,1.99,0.7237,True,32.7,0.0,1.0,2.0,3.0,finished,WON
sr:match:72176928,Grasshopper Club Zurich,FC Zurich,Grasshopper Club Zurich vs FC Zurich,Super League,2026-09-05 19:30,target__away_win,Away Win,50.0,40.8,9.2,2.45,0.7237,True,32.7,0.0,0.0,2.0,2.0,finished,LOST
sr:match:72042248,DAC 1904 Dunajska Streda,Slovan Bratislava,DAC 1904 Dunajska Streda vs Slovan Bratislava,Superliga,2026-09-05 19:30,target__away_win,Away Win,56.2,41.7,14.5,2.4,0.7237,True,32.7,0.0,0.0,2.0,0.0,finished,LOST
sr:match:71945242,Roma,Atalanta,Roma vs Atalanta,Serie A,2026-09-05 19:45,target__away_win,Away Win,23.6,20.0,3.5,4.99,0.7237,True,32.7,0.0,0.0,2.0,1.0,finished,LOST
sr:match:72203028,St. Truidense VV,RAAL La Louviere,St. Truidense VV vs RAAL La Louviere,Pro League,2026-09-05 19:45,target__away_win,Away Win,23.6,19.1,4.5,5.23,0.7237,True,32.7,1.0,0.0,4.0,0.0,finished,LOST
sr:match:72478544,Villarreal,RC Deportivo De La Coruna,Villarreal vs RC Deportivo De La Coruna,LaLiga,2026-09-05 20:00,target__away_win,Away Win,23.6,15.7,7.9,6.38,0.7237,True,32.7,1.0,1.0,2.0,3.0,finished,WON
sr:match:72041112,Willem II Tilburg,Excelsior Rotterdam,Willem II Tilburg vs Excelsior Rotterdam,Eredivisie,2026-09-05 20:00,target__away_win,Away Win,50.0,42.2,7.8,2.37,0.7237,True,32.7,0.0,2.0,0.0,3.0,finished,WON
sr:match:72201632,St Mirren FC,Celtic,St Mirren FC vs Celtic,Premiership,2026-09-05 20:00,target__away_win,Away Win,74.3,67.1,7.2,1.49,0.7237,True,32.7,1.0,0.0,1.0,2.0,finished,WON
sr:match:73217544,CA Sarmiento de Resistencia,Club Tucuman Central Deportes,CA Sarmiento de Resistencia vs Club Tucuman Central Deportes,Torneo Federal A,2026-09-05 20:00,target__away_win,Away Win,24.1,20.8,3.2,4.8,0.7237,True,32.7,0.0,0.0,1.0,0.0,finished,LOST
sr:match:67119724,Deportivo Merlo,CA Defensores Unidos,Deportivo Merlo vs CA Defensores Unidos,Primera B,2026-09-05 23:00,target__away_win,Away Win,30.6,27.0,3.6,3.7,0.7237,True,32.7,0.0,0.0,,,other,UNSETTLED
sr:match:72055142,Atletico San Luis,CD Guadalajara,Atletico San Luis vs CD Guadalajara,Liga MX,2026-09-06 00:00,target__away_win,Away Win,74.3,54.6,19.7,1.83,0.7237,True,32.7,0.0,2.0,0.0,3.0,finished,WON
sr:match:67172900,Indy Eleven,Birmingham Legion FC,Indy Eleven vs Birmingham Legion FC,USL Championship,2026-09-06 00:00,target__away_win,Away Win,30.6,25.0,5.6,4.0,0.7237,True,32.7,1.0,1.0,2.0,2.0,finished,LOST
sr:match:72053604,CS Herediano,Perez Zeledon,CS Herediano vs Perez Zeledon,Primera Division,2026-09-06 00:00,target__away_win,Away Win,23.6,17.2,6.3,5.8,0.7237,True,32.7,1.0,1.0,2.0,3.0,finished,WON
sr:match:74269664,San Marcos FC,Art Municipal Jalapa,San Marcos FC vs Art Municipal Jalapa,Primera Division,2026-09-06 00:00,target__away_win,Away Win,50.0,42.6,7.4,2.35,0.7237,True,32.7,1.0,1.0,3.0,1.0,finished,LOST
sr:match:66299464,FC Cincinnati,DC United,FC Cincinnati vs DC United,MLS,2026-09-06 00:30,target__away_win,Away Win,24.1,18.7,5.4,5.36,0.7237,True,32.7,,,,,other,UNSETTLED
sr:match:66299472,Philadelphia Union,CF Montreal,Philadelphia Union vs CF Montreal,MLS,2026-09-06 00:30,target__away_win,Away Win,24.1,15.0,9.0,6.65,0.7237,True,32.7,0.0,0.0,2.0,0.0,finished,LOST
sr:match:67172230,FC Naples,AC Boise,FC Naples vs AC Boise,USL League One,2026-09-06 00:30,target__away_win,Away Win,56.2,48.8,7.4,2.05,0.7237,True,32.7,0.0,1.0,0.0,2.0,finished,WON
sr:match:73487138,Oriente Petrolero,Always Ready,Oriente Petrolero vs Always Ready,Division Profesional,2026-09-06 00:30,target__away_win,Away Win,50.0,46.5,3.5,2.15,0.7237,True,32.7,0.0,1.0,1.0,2.0,finished,WON
sr:match:74063406,La Tribu de Ciudad Juarez,Acatlan FC,La Tribu de Ciudad Juarez vs Acatlan FC,Liga Premier Serie A,2026-09-06 01:00,target__away_win,Away Win,23.6,20.0,3.6,5.0,0.7237,True,32.7,2.0,0.0,4.0,0.0,finished,LOST
sr:match:74174502,Adelaide Croatia Raiders SC,Adelaide Blue Eagles,Adelaide Croatia Raiders SC vs Adelaide Blue Eagles,South Australia State League 1,2026-09-05 06:30,target__btts_no,BTTS No,50.2,43.5,6.7,2.3,0.616,True,46.5,3.0,0.0,4.0,0.0,finished,UNKNOWN_TARGET
sr:match:74256380,Canberra Croatia FC,Queanbeyan City FC,Canberra Croatia FC vs Queanbeyan City FC,Capital NPL 1,2026-09-05 07:00,target__btts_no,BTTS No,44.9,40.0,4.9,2.5,0.616,True,46.5,0.0,0.0,1.0,0.0,finished,UNKNOWN_TARGET
sr:match:74231608,New Lambton FC,Broadmeadow Magic FC,New Lambton FC vs Broadmeadow Magic FC,"Northern NSW NPL, Women",2026-09-05 07:30,target__btts_no,BTTS No,44.4,39.2,5.2,2.55,0.616,True,46.5,1.0,2.0,6.0,3.0,finished,UNKNOWN_TARGET
sr:match:74201958,Peninsula Power FC,Moreton City Excelsior FC,Peninsula Power FC vs Moreton City Excelsior FC,Queensland NPL,2026-09-05 08:00,target__btts_no,BTTS No,44.9,40.0,4.9,2.5,0.616,True,46.5,2.0,1.0,3.0,2.0,finished,UNKNOWN_TARGET
sr:match:69456572,Shaanxi Union FC,Jiangxi Dingnan United,Shaanxi Union FC vs Jiangxi Dingnan United,China League 1,2026-09-05 08:30,target__btts_no,BTTS No,61.8,50.0,11.8,2.0,0.616,True,46.5,0.0,0.0,2.0,1.0,finished,UNKNOWN_TARGET
sr:match:68916434,Changwon City FC,Daejeon Korail FC,Changwon City FC vs Daejeon Korail FC,K3 League,2026-09-05 09:00,target__btts_no,BTTS No,62.7,55.2,7.5,1.81,0.616,True,46.5,0.0,1.0,0.0,1.0,finished,UNKNOWN_TARGET
sr:match:72415532,FK Mlada Boleslav B,SK Zapy,FK Mlada Boleslav B vs SK Zapy,CFL,2026-09-05 09:15,target__btts_no,BTTS No,50.2,44.4,5.7,2.25,0.616,True,46.5,1.0,1.0,2.0,3.0,finished,UNKNOWN_TARGET
sr:match:72414958,FK Motorlet Prague,SK Aritma Prague,FK Motorlet Prague vs SK Aritma Prague,CFL,2026-09-05 09:15,target__btts_no,BTTS No,61.8,54.6,7.1,1.83,0.616,True,46.5,1.0,0.0,4.0,0.0,finished,UNKNOWN_TARGET
sr:match:72414964,SK Slavia Prague C,FC Pisek,SK Slavia Prague C vs FC Pisek,CFL,2026-09-05 09:15,target__btts_no,BTTS No,50.2,45.5,4.7,2.2,0.616,True,46.5,1.0,1.0,1.0,1.0,finished,UNKNOWN_TARGET
sr:match:72151944,Kamatamare Sanuki,Mio Biwako Shiga,Kamatamare Sanuki vs Mio Biwako Shiga,J3 League,2026-09-05 10:00,target__btts_no,BTTS No,58.5,52.4,6.1,1.91,0.616,True,46.5,0.0,1.0,0.0,3.0,finished,UNKNOWN_TARGET
sr:match:67817848,Jeju SK FC,Ulsan HD FC,Jeju SK FC vs Ulsan HD FC,K-League 1,2026-09-05 11:00,target__btts_no,BTTS No,50.2,46.5,3.7,2.15,0.616,True,46.5,0.0,0.0,0.0,0.0,finished,UNKNOWN_TARGET
sr:match:72409668,FC Kryvbas Kriviy Rih,Kolos Kovalivka,FC Kryvbas Kriviy Rih vs Kolos Kovalivka,Premier League,2026-09-05 11:00,target__btts_no,BTTS No,62.7,53.5,9.2,1.87,0.616,True,46.5,1.0,1.0,2.0,2.0,finished,UNKNOWN_TARGET
sr:match:68046724,Cheonan City FC,Hwaseong FC,Cheonan City FC vs Hwaseong FC,K-League 2,2026-09-05 11:00,target__btts_no,BTTS No,59.2,51.8,7.4,1.93,0.616,True,46.5,0.0,0.0,1.0,1.0,finished,UNKNOWN_TARGET
sr:match:72011068,Yongin FC,Suwon FC,Yongin FC vs Suwon FC,K-League 2,2026-09-05 11:00,target__btts_no,BTTS No,50.2,46.5,3.7,2.15,0.616,True,46.5,1.0,0.0,1.0,1.0,finished,UNKNOWN_TARGET
sr:match:68377904,FC Nacka Iliria,Smedby AIS,FC Nacka Iliria vs Smedby AIS,Division 2,2026-09-05 11:00,target__btts_no,BTTS No,50.2,42.6,7.6,2.35,0.616,True,46.5,0.0,0.0,1.0,1.0,finished,UNKNOWN_TARGET
sr:match:73074618,BKS Sparta Katowice,KS Polonia Nysa,BKS Sparta Katowice vs KS Polonia Nysa,"III Liga, Group 3",2026-09-05 11:00,target__btts_no,BTTS No,50.2,46.5,3.7,2.15,0.616,True,46.5,1.0,0.0,4.0,0.0,finished,UNKNOWN_TARGET
sr:match:72516598,Zaglebie Lubin II,Karkonosze Jelenia Gora,Zaglebie Lubin II vs Karkonosze Jelenia Gora,"III Liga, Group 3",2026-09-05 11:00,target__btts_no,BTTS No,44.9,41.7,3.2,2.4,0.616,True,46.5,0.0,0.0,1.0,0.0,finished,UNKNOWN_TARGET
sr:match:69592610,Ryazan VDV,Lokomotiv Moscow,Ryazan VDV vs Lokomotiv Moscow,"Superleague, Women",2026-09-05 11:00,target__btts_no,BTTS No,62.7,52.1,10.6,1.92,0.616,True,46.5,0.0,3.0,0.0,4.0,finished,UNKNOWN_TARGET
sr:match:72960984,Hamburger SV,RB Leipzig,Hamburger SV vs RB Leipzig,Women Bundesliga,2026-09-05 11:00,target__btts_no,BTTS No,50.2,45.5,4.7,2.2,0.616,True,46.5,1.0,1.0,1.0,1.0,finished,UNKNOWN_TARGET
sr:match:72500704,Ishoej IF,Holbaek B&I,Ishoej IF vs Holbaek B&I,3rd Division,2026-09-05 12:00,target__btts_no,BTTS No,58.5,53.5,5.0,1.87,0.616,True,46.5,0.0,1.0,0.0,4.0,finished,UNKNOWN_TARGET
sr:match:68377900,Orebro Syrianska IF,IK Sleipner,Orebro Syrianska IF vs IK Sleipner,Division 2,2026-09-05 12:00,target__btts_no,BTTS No,50.2,43.5,6.7,2.3,0.616,True,46.5,1.0,0.0,1.0,3.0,finished,UNKNOWN_TARGET
sr:match:72398658,Sokol Kleczew,Gornik Leczna,Sokol Kleczew vs Gornik Leczna,II Liga,2026-09-05 12:00,target__btts_no,BTTS No,62.7,45.5,17.3,2.2,0.616,True,46.5,0.0,0.0,0.0,4.0,finished,UNKNOWN_TARGET
sr:match:72515934,Grom Nowy Staw,Polonia Sroda Wielkopolska,Grom Nowy Staw vs Polonia Sroda Wielkopolska,"III Liga, Group 2",2026-09-05 12:00,target__btts_no,BTTS No,50.2,41.7,8.5,2.4,0.616,True,46.5,2.0,2.0,4.0,4.0,finished,UNKNOWN_TARGET
sr:match:73549874,Cong an TP Ho Chi Minh,Hanoi FC,Cong an TP Ho Chi Minh vs Hanoi FC,V-League 1,2026-09-05 12:00,target__btts_no,BTTS No,54.5,46.5,8.0,2.15,0.616,True,46.5,1.0,0.0,3.0,1.0,finished,UNKNOWN_TARGET
sr:match:67915800,Follo,Tromsdalen UIL,Follo vs Tromsdalen UIL,2nd Division Group 2,2026-09-05 12:00,target__btts_no,BTTS No,44.9,40.0,4.9,2.5,0.616,True,46.5,1.0,0.0,1.0,0.0,finished,UNKNOWN_TARGET
sr:match:72302118,Jeugd KAA Gent B,RSC Anderlecht Futures,Jeugd KAA Gent B vs RSC Anderlecht Futures,Challenger Pro League,2026-09-05 12:30,target__btts_no,BTTS No,50.2,42.6,7.6,2.35,0.616,True,46.5,2.0,1.0,2.0,2.0,finished,UNKNOWN_TARGET
sr:match:72341138,Wigan Athletic,Stockport County FC,Wigan Athletic vs Stockport County FC,League One,2026-09-05 12:30,target__btts_no,BTTS No,50.2,44.4,5.7,2.25,0.616,True,46.5,0.0,3.0,0.0,4.0,finished,UNKNOWN_TARGET
sr:match:69456576,Foshan Nanshi FC,Dalian Kun City,Foshan Nanshi FC vs Dalian Kun City,China League 1,2026-09-05 12:30,target__btts_no,BTTS No,59.2,48.8,10.4,2.05,0.616,True,46.5,0.0,0.0,0.0,0.0,finished,UNKNOWN_TARGET
sr:match:69456578,Nantong Zhiyun,Guandong GZ-Power FC,Nantong Zhiyun vs Guandong GZ-Power FC,China League 1,2026-09-05 12:30,target__btts_no,BTTS No,62.7,51.3,11.4,1.95,0.616,True,46.5,0.0,0.0,1.0,1.0,finished,UNKNOWN_TARGET
sr:match:73062384,Sabah FC,Kuching City FC,Sabah FC vs Kuching City FC,Super League,2026-09-05 12:30,target__btts_no,BTTS No,58.5,51.0,7.4,1.96,0.616,True,46.5,0.0,2.0,0.0,2.0,finished,UNKNOWN_TARGET
sr:match:72302930,Raal La Louviere,SV Zulte Waregem,Raal La Louviere vs SV Zulte Waregem,"Super League, Women",2026-09-05 12:30,target__btts_no,BTTS No,50.2,40.8,9.4,2.45,0.616,True,46.5,0.0,0.0,1.0,0.0,finished,UNKNOWN_TARGET
sr:match:72594492,Koninklijke HFC,Jong Sparta Rotterdam,Koninklijke HFC vs Jong Sparta Rotterdam,Tweede Divisie,2026-09-05 13:00,target__btts_no,BTTS No,50.2,37.0,13.1,2.7,0.616,True,46.5,0.0,2.0,2.0,2.0,finished,UNKNOWN_TARGET
sr:match:73576604,Borneo Samarinda,Persija Jakarta,Borneo Samarinda vs Persija Jakarta,Super League,2026-09-05 13:00,target__btts_no,BTTS No,59.2,45.5,13.8,2.2,0.616,True,46.5,0.0,1.0,0.0,1.0,finished,UNKNOWN_TARGET
sr:match:72404676,Fransta IK,Team TG FF,Fransta IK vs Team TG FF,Division 2,2026-09-05 13:00,target__btts_no,BTTS No,44.4,38.5,5.9,2.6,0.616,True,46.5,3.0,1.0,3.0,2.0,finished,UNKNOWN_TARGET
sr:match:68344816,Torns IF,Vaxjo Norra,Torns IF vs Vaxjo Norra,Division 2,2026-09-05 13:00,target__btts_no,BTTS No,50.2,42.6,7.6,2.35,0.616,True,46.5,0.0,3.0,1.0,3.0,finished,UNKNOWN_TARGET
sr:match:72515928,Blekitni Stargard,Kss Kotwica Kornik,Blekitni Stargard vs Kss Kotwica Kornik,"III Liga, Group 2",2026-09-05 13:00,target__btts_no,BTTS No,50.2,44.4,5.7,2.25,0.616,True,46.5,2.0,2.0,2.0,4.0,finished,UNKNOWN_TARGET
sr:match:67915810,Skeid Fotball,Kjelsaas,Skeid Fotball vs Kjelsaas,2nd Division Group 2,2026-09-05 13:00,target__btts_no,BTTS No,50.2,45.5,4.7,2.2,0.616,True,46.5,2.0,1.0,4.0,1.0,finished,UNKNOWN_TARGET
sr:match:67919420,Baerum SK,Nordstrand,Baerum SK vs Nordstrand,"3. Division, Group 1",2026-09-05 13:00,target__btts_no,BTTS No,44.9,41.7,3.2,2.4,0.616,True,46.5,0.0,0.0,1.0,0.0,finished,UNKNOWN_TARGET
sr:match:73916390,FC Torpedo Belaz Zhodino,FC Gomel,FC Torpedo Belaz Zhodino vs FC Gomel,Vysshaya Liga,2026-09-05 13:30,target__btts_no,BTTS No,61.8,57.1,4.6,1.75,0.616,True,46.5,,,,,other,UNSETTLED
sr:match:72523888,FC Fleury 91,FC Villefranche-Beaujolais,FC Fleury 91 vs FC Villefranche-Beaujolais,Ligue 3,2026-09-05 13:45,target__btts_no,BTTS No,58.5,51.3,7.2,1.95,0.616,True,46.5,3.0,0.0,6.0,1.0,finished,UNKNOWN_TARGET
sr:match:72523894,FC Versailles 78,AS Cannes,FC Versailles 78 vs AS Cannes,Ligue 3,2026-09-05 13:45,target__btts_no,BTTS No,61.8,48.8,13.0,2.05,0.616,True,46.5,0.0,1.0,0.0,3.0,finished,UNKNOWN_TARGET
sr:match:72523890,La Roche Vendee Football,Quevilly-Rouen Metropole,La Roche Vendee Football vs Quevilly-Rouen Metropole,Ligue 3,2026-09-05 13:45,target__btts_no,BTTS No,59.2,53.8,5.4,1.86,0.616,True,46.5,0.0,1.0,1.0,1.0,finished,UNKNOWN_TARGET
sr:match:72939006,SC Vianense,FC Pacos Ferreira,SC Vianense vs FC Pacos Ferreira,Liga Portugal 3,2026-09-05 14:00,target__btts_no,BTTS No,62.7,56.5,6.2,1.77,0.616,True,46.5,1.0,0.0,2.0,2.0,finished,UNKNOWN_TARGET
sr:match:72578280,FC Volga Ulyanovsk,PFK Arsenal Tula,FC Volga Ulyanovsk vs PFK Arsenal Tula,1. Liga,2026-09-05 14:00,target__btts_no,BTTS No,58.5,54.9,3.5,1.82,0.616,True,46.5,1.0,0.0,3.0,0.0,finished,UNKNOWN_TARGET
sr:match:67916092,Mjoendalen IF,FK Jerv,Mjoendalen IF vs FK Jerv,2nd Division Group 1,2026-09-05 14:00,target__btts_no,BTTS No,44.4,40.0,4.4,2.5,0.616,True,46.5,0.0,2.0,0.0,3.0,finished,UNKNOWN_TARGET
sr:match:73258794,Chippa United FC,Milford FC,Chippa United FC vs Milford FC,Premiership,2026-09-05 14:00,target__btts_no,BTTS No,66.7,60.2,6.4,1.66,0.616,True,46.5,0.0,0.0,0.0,0.0,finished,UNKNOWN_TARGET
sr:match:68380534,FK Kokand 1912,PFK Dinamo Samarqand,FK Kokand 1912 vs PFK Dinamo Samarqand,Superliga,2026-09-05 14:00,target__btts_no,BTTS No,61.8,52.9,8.9,1.89,0.616,True,46.5,1.0,0.0,1.0,1.0,finished,UNKNOWN_TARGET
sr:match:68380532,PFC Sogdiana,PFK Mash AL Mubarek,PFC Sogdiana vs PFK Mash AL Mubarek,Superliga,2026-09-05 14:00,target__btts_no,BTTS No,66.2,58.1,8.1,1.72,0.616,True,46.5,3.0,1.0,5.0,2.0,finished,UNKNOWN_TARGET
sr:match:72513178,Werder Bremen,RB Leipzig,Werder Bremen vs RB Leipzig,Bundesliga,2026-09-05 14:30,target__btts_no,BTTS No,44.4,38.5,5.9,2.6,0.616,True,46.5,1.0,0.0,3.0,1.0,finished,UNKNOWN_TARGET
sr:match:73287444,ASK Voitsberg,Sturm Graz,ASK Voitsberg vs Sturm Graz,OFB Cup,2026-09-05 14:30,target__btts_no,BTTS No,54.5,51.3,3.3,1.95,0.616,True,46.5,0.0,1.0,1.0,4.0,finished,UNKNOWN_TARGET
sr:match:73204156,KS Sleza Wroclaw,Rakow II Czestochowa,KS Sleza Wroclaw vs Rakow II Czestochowa,"III Liga, Group 3",2026-09-05 14:30,target__btts_no,BTTS No,50.2,46.5,3.7,2.15,0.616,True,46.5,0.0,1.0,1.0,2.0,finished,UNKNOWN_TARGET
sr:match:72221250,Nottingham Forest,Tottenham,Nottingham Forest vs Tottenham,Premier League,2026-09-05 15:00,target__btts_no,BTTS No,50.2,45.5,4.7,2.2,0.616,True,46.5,0.0,0.0,0.0,0.0,finished,UNKNOWN_TARGET
sr:match:72202630,Arbroath FC,Dunfermline Athletic FC,Arbroath FC vs Dunfermline Athletic FC,Championship,2026-09-05 15:00,target__btts_no,BTTS No,59.2,54.1,5.2,1.85,0.616,True,46.5,0.0,0.0,1.0,1.0,finished,UNKNOWN_TARGET
sr:match:72302120,Club NXT,KAS Eupen,Club NXT vs KAS Eupen,Challenger Pro League,2026-09-05 15:00,target__btts_no,BTTS No,54.5,48.8,5.8,2.05,0.616,True,46.5,0.0,0.0,0.0,1.0,finished,UNKNOWN_TARGET
sr:match:72341130,Leicester,Oxford United,Leicester vs Oxford United,League One,2026-09-05 15:00,target__btts_no,BTTS No,58.5,50.0,8.5,2.0,0.616,True,46.5,0.0,1.0,0.0,4.0,finished,UNKNOWN_TARGET
sr:match:72738138,AFC Hornchurch,Forest Green Rovers,AFC Hornchurch vs Forest Green Rovers,National League,2026-09-05 15:00,target__btts_no,BTTS No,50.2,43.5,6.7,2.3,0.616,True,46.5,0.0,1.0,0.0,1.0,finished,UNKNOWN_TARGET
sr:match:72759240,Merthyr Town,Macclesfield FC,Merthyr Town vs Macclesfield FC,National League North,2026-09-05 15:00,target__btts_no,BTTS No,44.9,41.7,3.2,2.4,0.616,True,46.5,0.0,0.0,2.0,1.0,finished,UNKNOWN_TARGET
sr:match:72758076,Billericay Town,Dorking Wanderers,Billericay Town vs Dorking Wanderers,National League South,2026-09-05 15:00,target__btts_no,BTTS No,50.2,45.5,4.7,2.2,0.616,True,46.5,2.0,2.0,3.0,3.0,finished,UNKNOWN_TARGET
sr:match:72758080,Dover Athletic FC,Maidenhead United FC,Dover Athletic FC vs Maidenhead United FC,National League South,2026-09-05 15:00,target__btts_no,BTTS No,50.2,45.5,4.7,2.2,0.616,True,46.5,0.0,1.0,0.0,3.0,finished,UNKNOWN_TARGET
sr:match:72758096,Walton and Hersham FC,Ebbsfleet United FC,Walton and Hersham FC vs Ebbsfleet United FC,National League South,2026-09-05 15:00,target__btts_no,BTTS No,50.2,44.4,5.7,2.25,0.616,True,46.5,0.0,1.0,0.0,2.0,finished,UNKNOWN_TARGET
sr:match:69502018,FK Rfs II,Jfk Ventspils,FK Rfs II vs Jfk Ventspils,1.Liga,2026-09-05 15:00,target__btts_no,BTTS No,44.4,40.8,3.6,2.45,0.616,True,46.5,1.0,1.0,4.0,1.0,finished,UNKNOWN_TARGET
sr:match:67912786,FC Dila Gori,FC Gagra,FC Dila Gori vs FC Gagra,Erovnuli Liga,2026-09-05 15:00,target__btts_no,BTTS No,61.8,54.3,7.4,1.84,0.616,True,46.5,0.0,0.0,1.0,0.0,finished,UNKNOWN_TARGET
sr:match:72346278,Bangor FC,Ballymena United,Bangor FC vs Ballymena United,Premiership,2026-09-05 15:00,target__btts_no,BTTS No,61.8,50.8,11.0,1.97,0.616,True,46.5,0.0,2.0,2.0,2.0,finished,UNKNOWN_TARGET
sr:match:72346286,Limavady United FC,Dungannon Swifts,Limavady United FC vs Dungannon Swifts,Premiership,2026-09-05 15:00,target__btts_no,BTTS No,50.2,46.5,3.7,2.15,0.616,True,46.5,0.0,1.0,0.0,2.0,finished,UNKNOWN_TARGET
sr:match:72578284,FC Shinnik Yaroslavl,SK Rotor Volgograd,FC Shinnik Yaroslavl vs SK Rotor Volgograd,1. Liga,2026-09-05 15:00,target__btts_no,BTTS No,66.2,61.3,4.8,1.63,0.616,True,46.5,1.0,1.0,2.0,2.0,finished,UNKNOWN_TARGET
sr:match:68320958,IFK Lidingo FK,Skiljebo SK,IFK Lidingo FK vs Skiljebo SK,Division 2,2026-09-05 15:00,target__btts_no,BTTS No,50.2,43.5,6.7,2.3,0.616,True,46.5,1.0,1.0,1.0,2.0,finished,UNKNOWN_TARGET
sr:match:68307036,UMF Njardvik,Afturelding,UMF Njardvik vs Afturelding,1. deild,2026-09-05 15:00,target__btts_no,BTTS No,44.9,37.7,7.2,2.65,0.616,True,46.5,2.0,0.0,2.0,1.0,finished,UNKNOWN_TARGET
sr:match:70688202,Haukar Hafnarfjordur,UMF Selfoss,Haukar Hafnarfjordur vs UMF Selfoss,2. deild,2026-09-05 15:00,target__btts_no,BTTS No,44.9,31.2,13.7,3.2,0.616,True,46.5,0.0,2.0,1.0,2.0,finished,UNKNOWN_TARGET
sr:match:68311802,Utsiktens BK,Lunds BK,Utsiktens BK vs Lunds BK,Ettan,2026-09-05 16:00,target__btts_no,BTTS No,59.2,52.4,6.9,1.91,0.616,True,46.5,1.0,0.0,1.0,1.0,finished,UNKNOWN_TARGET
sr:match:72515926,Chemik Bydgoszcz,Baltyk Koszalin,Chemik Bydgoszcz vs Baltyk Koszalin,"III Liga, Group 2",2026-09-05 16:00,target__btts_no,BTTS No,54.5,48.8,5.8,2.05,0.616,True,46.5,1.0,1.0,2.0,2.0,finished,UNKNOWN_TARGET
sr:match:73287476,FCM Traiskirchen,FK Austria Wien,FCM Traiskirchen vs FK Austria Wien,OFB Cup,2026-09-05 16:30,target__btts_no,BTTS No,58.5,50.3,8.2,1.99,0.616,True,46.5,0.0,4.0,0.0,6.0,finished,UNKNOWN_TARGET
sr:match:72278460,Aluminij Kidricevo,Bravo Ljubljana,Aluminij Kidricevo vs Bravo Ljubljana,PrvaLiga,2026-09-05 16:30,target__btts_no,BTTS No,61.8,45.5,16.3,2.2,0.616,True,46.5,0.0,0.0,0.0,0.0,finished,UNKNOWN_TARGET
sr:match:71913058,GNK Dinamo Zagreb,HNK Gorica,GNK Dinamo Zagreb vs HNK Gorica,HNL,2026-09-05 17:00,target__btts_no,BTTS No,62.7,56.5,6.2,1.77,0.616,True,46.5,1.0,0.0,1.0,0.0,finished,UNKNOWN_TARGET
sr:match:73160372,Apollon Limassol,Anorthosis Famagusta,Apollon Limassol vs Anorthosis Famagusta,1st Division,2026-09-05 17:00,target__btts_no,BTTS No,62.7,57.1,5.6,1.75,0.616,True,46.5,1.0,1.0,3.0,1.0,finished,UNKNOWN_TARGET
sr:match:73675426,Al Hidd,Al-Ahli SC Manama,Al Hidd vs Al-Ahli SC Manama,Premier League,2026-09-05 17:00,target__btts_no,BTTS No,58.5,55.2,3.2,1.81,0.616,True,46.5,0.0,0.0,0.0,1.0,finished,UNKNOWN_TARGET
sr:match:73293860,Latina Calcio,Forli FC,Latina Calcio vs Forli FC,"Serie C, Group B",2026-09-05 17:00,target__btts_no,BTTS No,59.2,55.2,4.0,1.81,0.616,True,46.5,2.0,0.0,2.0,0.0,finished,UNKNOWN_TARGET
sr:match:72498226,Balzan FC,Birzebbuga St. Peters FC,Balzan FC vs Birzebbuga St. Peters FC,Premier League,2026-09-05 17:00,target__btts_no,BTTS No,59.2,51.3,7.9,1.95,0.616,True,46.5,2.0,0.0,3.0,0.0,finished,UNKNOWN_TARGET
sr:match:72513180,Schalke,Bayern Munich,Schalke vs Bayern Munich,Bundesliga,2026-09-05 17:30,target__btts_no,BTTS No,66.2,47.6,18.6,2.1,0.616,True,46.5,0.0,0.0,0.0,0.0,finished,UNKNOWN_TARGET
sr:match:73265276,CA Aldosivi,CA Banfield,CA Aldosivi vs CA Banfield,Primera LPF,2026-09-05 17:30,target__btts_no,BTTS No,66.2,61.0,5.2,1.64,0.616,True,46.5,2.0,0.0,3.0,1.0,finished,UNKNOWN_TARGET
sr:match:73080114,US Le Pays Du Valois,Lusitanos Saint-Maur,US Le Pays Du Valois vs Lusitanos Saint-Maur,National 1,2026-09-05 17:30,target__btts_no,BTTS No,62.7,53.5,9.2,1.87,0.616,True,46.5,0.0,1.0,1.0,2.0,finished,UNKNOWN_TARGET
sr:match:72939004,Varzim SC,Uniao SC Paredes,Varzim SC vs Uniao SC Paredes,Liga Portugal 3,2026-09-05 18:30,target__btts_no,BTTS No,66.2,57.8,8.4,1.73,0.616,True,46.5,0.0,1.0,0.0,1.0,finished,UNKNOWN_TARGET
sr:match:67119720,CS Italiano,CSD Flandria,CS Italiano vs CSD Flandria,Primera B,2026-09-05 19:00,target__btts_no,BTTS No,66.2,62.9,3.3,1.59,0.616,True,46.5,1.0,1.0,3.0,1.0,finished,UNKNOWN_TARGET
sr:match:72304268,FK Jezero Plav,FK Arsenal Tivat,FK Jezero Plav vs FK Arsenal Tivat,1. CFL,2026-09-05 19:00,target__btts_no,BTTS No,66.2,61.7,4.5,1.62,0.616,True,46.5,2.0,2.0,5.0,2.0,finished,UNKNOWN_TARGET
sr:match:74136190,CR Temouchent,CS Constantine,CR Temouchent vs CS Constantine,Ligue 1,2026-09-05 19:00,target__btts_no,BTTS No,66.2,60.2,6.0,1.66,0.616,True,46.5,1.0,0.0,1.0,1.0,finished,UNKNOWN_TARGET
sr:match:72043126,LKP Motor Lublin,Legia Warszawa,LKP Motor Lublin vs Legia Warszawa,Ekstraklasa,2026-09-05 19:15,target__btts_no,BTTS No,50.2,46.5,3.7,2.15,0.616,True,46.5,0.0,1.0,2.0,3.0,finished,UNKNOWN_TARGET
sr:match:74306994,FK Radnik Bijeljina,FK Sloga Doboj,FK Radnik Bijeljina vs FK Sloga Doboj,Premijer Liga,2026-09-05 19:45,target__btts_no,BTTS No,66.2,62.5,3.7,1.6,0.616,True,46.5,1.0,0.0,1.0,2.0,finished,UNKNOWN_TARGET
sr:match:68823236,Goias EC GO,Fortaleza EC CE,Goias EC GO vs Fortaleza EC CE,Brasileiro Serie B,2026-09-05 20:00,target__btts_no,BTTS No,61.8,58.1,3.6,1.72,0.616,True,46.5,0.0,1.0,0.0,1.0,finished,UNKNOWN_TARGET
sr:match:73294614,FC Giugliano 1928,ASD Sorrento 1945,FC Giugliano 1928 vs ASD Sorrento 1945,"Serie C, Group C",2026-09-05 20:00,target__btts_no,BTTS No,58.5,54.1,4.4,1.85,0.616,True,46.5,0.0,2.0,0.0,2.0,finished,UNKNOWN_TARGET
sr:match:73294618,Potenza Calcio,SS Monopoli,Potenza Calcio vs SS Monopoli,"Serie C, Group C",2026-09-05 20:00,target__btts_no,BTTS No,62.7,58.5,4.2,1.71,0.616,True,46.5,1.0,0.0,1.0,0.0,finished,UNKNOWN_TARGET
sr:match:73265264,Gimnasia y Esgrima Mendoza,Boca Juniors,Gimnasia y Esgrima Mendoza vs Boca Juniors,Primera LPF,2026-09-05 20:30,target__btts_no,BTTS No,66.2,58.8,7.4,1.7,0.616,True,46.5,1.0,2.0,2.0,2.0,finished,UNKNOWN_TARGET
sr:match:73075242,CD. Cacahuatique,CD Platense Municipal Zacatecoluca,CD. Cacahuatique vs CD Platense Municipal Zacatecoluca,Primera Division,2026-09-05 22:00,target__btts_no,BTTS No,58.5,54.3,4.1,1.84,0.616,True,46.5,0.0,2.0,,,other,UNSETTLED
sr:match:67682014,CD Everton Vina del Mar,CD Universidad Catolica,CD Everton Vina del Mar vs CD Universidad Catolica,Primera Division,2026-09-05 22:30,target__btts_no,BTTS No,50.2,45.5,4.7,2.2,0.616,True,46.5,0.0,1.0,,,other,UNSETTLED
sr:match:72636190,Union Magdalena,Barranquilla FC,Union Magdalena vs Barranquilla FC,Torneo DIMAYOR,2026-09-05 23:00,target__btts_no,BTTS No,62.7,59.5,3.2,1.68,0.616,True,46.5,0.0,0.0,,,other,UNSETTLED
sr:match:67912280,Racing Louisville FC,Angel City FC,Racing Louisville FC vs Angel City FC,National Womens Soccer League,2026-09-05 23:30,target__btts_no,BTTS No,50.2,45.5,4.7,2.2,0.616,True,46.5,,,,,other,UNSETTLED
sr:match:72055142,Atletico San Luis,CD Guadalajara,Atletico San Luis vs CD Guadalajara,Liga MX,2026-09-06 00:00,target__btts_no,BTTS No,50.2,45.5,4.7,2.2,0.616,True,46.5,0.0,2.0,0.0,3.0,finished,UNKNOWN_TARGET
sr:match:67172904,Miami FC,Pittsburgh Riverhounds,Miami FC vs Pittsburgh Riverhounds,USL Championship,2026-09-06 00:00,target__btts_no,BTTS No,62.7,54.3,8.4,1.84,0.616,True,46.5,1.0,1.0,2.0,2.0,finished,UNKNOWN_TARGET
sr:match:67172914,Sporting Jax,Lexington SC,Sporting Jax vs Lexington SC,USL Championship,2026-09-06 00:00,target__btts_no,BTTS No,50.2,44.4,5.7,2.25,0.616,True,46.5,1.0,0.0,3.0,2.0,finished,UNKNOWN_TARGET
sr:match:74151032,CA Independiente Siguatepeque,FC Motagua Tegucigalpa,CA Independiente Siguatepeque vs FC Motagua Tegucigalpa,Liga Nacional,2026-09-06 00:15,target__btts_no,BTTS No,61.8,50.0,11.8,2.0,0.616,True,46.5,0.0,0.0,0.0,0.0,finished,UNKNOWN_TARGET
sr:match:66299472,Philadelphia Union,CF Montreal,Philadelphia Union vs CF Montreal,MLS,2026-09-06 00:30,target__btts_no,BTTS No,50.2,44.4,5.7,2.25,0.616,True,46.5,0.0,0.0,2.0,0.0,finished,UNKNOWN_TARGET
sr:match:67172230,FC Naples,AC Boise,FC Naples vs AC Boise,USL League One,2026-09-06 00:30,target__btts_no,BTTS No,50.2,45.5,4.7,2.2,0.616,True,46.5,0.0,1.0,0.0,2.0,finished,UNKNOWN_TARGET
sr:match:73487138,Oriente Petrolero,Always Ready,Oriente Petrolero vs Always Ready,Division Profesional,2026-09-06 00:30,target__btts_no,BTTS No,44.9,40.8,4.1,2.45,0.616,True,46.5,0.0,1.0,1.0,2.0,finished,UNKNOWN_TARGET
sr:match:68157102,Sporting Kansas City II,Saint Louis City SC 2,Sporting Kansas City II vs Saint Louis City SC 2,MLS Next Pro,2026-09-06 01:00,target__btts_no,BTTS No,50.2,42.6,7.6,2.35,0.616,True,46.5,1.0,1.0,1.0,2.0,finished,UNKNOWN_TARGET
sr:match:72149710,Avispa Fukuoka,Mito Hollyhock,Avispa Fukuoka vs Mito Hollyhock,J1 League,2026-09-05 11:00,target__btts_yes,BTTS Yes,61.1,53.5,7.6,1.87,0.6112,True,53.5,0.0,0.0,1.0,1.0,finished,UNKNOWN_TARGET
sr:match:67817846,Bucheon FC 1995,Daejeon Citizen FC,Bucheon FC 1995 vs Daejeon Citizen FC,K-League 1,2026-09-05 11:00,target__btts_yes,BTTS Yes,60.1,55.9,4.3,1.79,0.6112,True,53.5,0.0,2.0,0.0,5.0,finished,UNKNOWN_TARGET
sr:match:67817850,Jeonbuk FC,FC Pohang Steelers,Jeonbuk FC vs FC Pohang Steelers,K-League 1,2026-09-05 11:00,target__btts_yes,BTTS Yes,60.1,53.2,6.9,1.88,0.6112,True,53.5,0.0,0.0,2.0,0.0,finished,UNKNOWN_TARGET
sr:match:72409676,FC Kharkiv,FC Obolon Kyiv,FC Kharkiv vs FC Obolon Kyiv,Premier League,2026-09-05 11:00,target__btts_yes,BTTS Yes,50.8,41.7,9.1,2.4,0.6112,True,53.5,5.0,0.0,,,other,UNSETTLED
sr:match:72151120,Tokushima Vortis,Iwaki FC,Tokushima Vortis vs Iwaki FC,J2 League,2026-09-05 11:00,target__btts_yes,BTTS Yes,60.1,52.1,8.0,1.92,0.6112,True,53.5,1.0,0.0,1.0,0.0,finished,UNKNOWN_TARGET
sr:match:72151946,Ehime FC,Giravanz Kitakyushu,Ehime FC vs Giravanz Kitakyushu,J3 League,2026-09-05 11:00,target__btts_yes,BTTS Yes,60.1,55.2,4.9,1.81,0.6112,True,53.5,2.0,1.0,4.0,2.0,finished,UNKNOWN_TARGET
sr:match:72151950,Kagoshima United,FC Ryukyu,Kagoshima United vs FC Ryukyu,J3 League,2026-09-05 11:00,target__btts_yes,BTTS Yes,66.3,55.9,10.5,1.79,0.6112,True,53.5,0.0,0.0,2.0,1.0,finished,UNKNOWN_TARGET
sr:match:72513836,1 FC Kaiserslautern,Darmstadt,1 FC Kaiserslautern vs Darmstadt,2. Bundesliga,2026-09-05 12:00,target__btts_yes,BTTS Yes,73.0,64.1,8.9,1.56,0.6112,True,53.5,1.0,0.0,3.0,0.0,finished,UNKNOWN_TARGET
sr:match:72513844,Holstein Kiel,1 FC Nuremberg,Holstein Kiel vs 1 FC Nuremberg,2. Bundesliga,2026-09-05 12:00,target__btts_yes,BTTS Yes,73.0,67.1,5.9,1.49,0.6112,True,53.5,1.0,1.0,2.0,2.0,finished,UNKNOWN_TARGET
sr:match:72339784,Stoke City,Charlton Athletic,Stoke City vs Charlton Athletic,Championship,2026-09-05 12:30,target__btts_yes,BTTS Yes,66.3,52.9,13.4,1.89,0.6112,True,53.5,4.0,0.0,4.0,0.0,finished,UNKNOWN_TARGET
sr:match:72341134,Peterborough United,Sheffield Wednesday,Peterborough United vs Sheffield Wednesday,League One,2026-09-05 12:30,target__btts_yes,BTTS Yes,73.0,67.6,5.4,1.48,0.6112,True,53.5,0.0,1.0,1.0,2.0,finished,UNKNOWN_TARGET
sr:match:68995368,Dalian Yingbo FC,Qingdao Hainiu FC,Dalian Yingbo FC vs Qingdao Hainiu FC,Chinese Super League,2026-09-05 12:35,target__btts_yes,BTTS Yes,60.1,56.5,3.6,1.77,0.6112,True,53.5,2.0,1.0,2.0,1.0,finished,UNKNOWN_TARGET
sr:match:72037316,Metz,Rodez Aveyron Football,Metz vs Rodez Aveyron Football,Ligue 2,2026-09-05 13:00,target__btts_yes,BTTS Yes,66.3,61.3,5.0,1.63,0.6112,True,53.5,3.0,1.0,4.0,1.0,finished,UNKNOWN_TARGET
sr:match:70381660,Red Lions,Masters FC,Red Lions vs Masters FC,Super League,2026-09-05 13:30,target__btts_yes,BTTS Yes,50.8,47.6,3.1,2.1,0.6112,True,53.5,0.0,0.0,0.0,0.0,finished,UNKNOWN_TARGET
sr:match:72607960,1. FC Slovacko Uherske Hradiste,FK Pardubice,1. FC Slovacko Uherske Hradiste vs FK Pardubice,1. Liga,2026-09-05 14:00,target__btts_yes,BTTS Yes,60.1,56.5,3.6,1.77,0.6112,True,53.5,0.0,0.0,0.0,0.0,finished,UNKNOWN_TARGET
sr:match:67126742,GAIS,BK Hacken,GAIS vs BK Hacken,Allsvenskan,2026-09-05 14:00,target__btts_yes,BTTS Yes,73.0,66.7,6.3,1.5,0.6112,True,53.5,0.0,0.0,0.0,0.0,finished,UNKNOWN_TARGET
sr:match:67916090,Sotra SK,FK Vidar,Sotra SK vs FK Vidar,2nd Division Group 1,2026-09-05 14:00,target__btts_yes,BTTS Yes,65.0,58.8,6.2,1.7,0.6112,True,53.5,1.0,0.0,3.0,0.0,finished,UNKNOWN_TARGET
sr:match:72513174,Borussia M´gladbach,SV 07 Elversberg,Borussia M´gladbach vs SV 07 Elversberg,Bundesliga,2026-09-05 14:30,target__btts_yes,BTTS Yes,73.0,64.9,8.0,1.54,0.6112,True,53.5,2.0,1.0,3.0,4.0,finished,UNKNOWN_TARGET
sr:match:72520876,FC Basel II,SC Bruhl St Gallen,FC Basel II vs SC Bruhl St Gallen,Promotion League,2026-09-05 14:30,target__btts_yes,BTTS Yes,80.0,76.3,3.7,1.31,0.6112,True,53.5,0.0,0.0,3.0,0.0,finished,UNKNOWN_TARGET
sr:match:72221234,Brentford,Sunderland AFC,Brentford vs Sunderland AFC,Premier League,2026-09-05 15:00,target__btts_yes,BTTS Yes,65.0,54.1,10.9,1.85,0.6112,True,53.5,0.0,0.0,1.0,1.0,finished,UNKNOWN_TARGET
sr:match:72221236,Brighton,Leeds United,Brighton vs Leeds United,Premier League,2026-09-05 15:00,target__btts_yes,BTTS Yes,66.3,56.8,9.5,1.76,0.6112,True,53.5,0.0,1.0,1.0,1.0,finished,UNKNOWN_TARGET
sr:match:72339770,Burnley,Bristol City,Burnley vs Bristol City,Championship,2026-09-05 15:00,target__btts_yes,BTTS Yes,65.0,57.1,7.9,1.75,0.6112,True,53.5,0.0,0.0,1.0,2.0,finished,UNKNOWN_TARGET
sr:match:72339776,Portsmouth FC,Cardiff City,Portsmouth FC vs Cardiff City,Championship,2026-09-05 15:00,target__btts_yes,BTTS Yes,66.3,61.7,4.6,1.62,0.6112,True,53.5,1.0,0.0,2.0,0.0,finished,UNKNOWN_TARGET
sr:match:72339782,Sheffield United,Norwich,Sheffield United vs Norwich,Championship,2026-09-05 15:00,target__btts_yes,BTTS Yes,65.0,60.2,4.8,1.66,0.6112,True,53.5,1.0,2.0,1.0,3.0,finished,UNKNOWN_TARGET
sr:match:72339788,West Bromwich Albion,Watford,West Bromwich Albion vs Watford,Championship,2026-09-05 15:00,target__btts_yes,BTTS Yes,60.1,55.6,4.6,1.8,0.6112,True,53.5,1.0,0.0,1.0,0.0,finished,UNKNOWN_TARGET
sr:match:72339790,West Ham,Derby County,West Ham vs Derby County,Championship,2026-09-05 15:00,target__btts_yes,BTTS Yes,60.1,51.5,8.6,1.94,0.6112,True,53.5,1.0,0.0,3.0,0.0,finished,UNKNOWN_TARGET
sr:match:72201622,Aberdeen,Kilmarnock FC,Aberdeen vs Kilmarnock FC,Premiership,2026-09-05 15:00,target__btts_yes,BTTS Yes,66.3,61.0,5.4,1.64,0.6112,True,53.5,0.0,0.0,0.0,0.0,finished,UNKNOWN_TARGET
sr:match:72201624,Dundee United,Falkirk FC,Dundee United vs Falkirk FC,Premiership,2026-09-05 15:00,target__btts_yes,BTTS Yes,66.3,61.3,5.0,1.63,0.6112,True,53.5,0.0,1.0,1.0,1.0,finished,UNKNOWN_TARGET
sr:match:72341120,Bradford City FC,Mansfield Town,Bradford City FC vs Mansfield Town,League One,2026-09-05 15:00,target__btts_yes,BTTS Yes,60.1,56.8,3.3,1.76,0.6112,True,53.5,1.0,0.0,1.0,0.0,finished,UNKNOWN_TARGET
sr:match:72341124,Burton Albion,Cambridge United,Burton Albion vs Cambridge United,League One,2026-09-05 15:00,target__btts_yes,BTTS Yes,60.1,54.9,5.2,1.82,0.6112,True,53.5,1.0,1.0,2.0,2.0,finished,UNKNOWN_TARGET
sr:match:72341126,Doncaster Rovers,Plymouth Argyle,Doncaster Rovers vs Plymouth Argyle,League One,2026-09-05 15:00,target__btts_yes,BTTS Yes,66.3,62.1,4.2,1.61,0.6112,True,53.5,0.0,1.0,2.0,3.0,finished,UNKNOWN_TARGET
sr:match:72341128,Huddersfield,Notts County,Huddersfield vs Notts County,League One,2026-09-05 15:00,target__btts_yes,BTTS Yes,66.3,55.6,10.8,1.8,0.6112,True,53.5,1.0,1.0,1.0,1.0,finished,UNKNOWN_TARGET
sr:match:72341140,Wycombe Wanderers,Milton Keynes Dons,Wycombe Wanderers vs Milton Keynes Dons,League One,2026-09-05 15:00,target__btts_yes,BTTS Yes,65.0,61.3,3.7,1.63,0.6112,True,53.5,2.0,0.0,3.0,3.0,finished,UNKNOWN_TARGET
sr:match:67018148,Kongsvinger IL Toppfotball,Raufoss IL,Kongsvinger IL Toppfotball vs Raufoss IL,1st Division,2026-09-05 15:00,target__btts_yes,BTTS Yes,80.0,67.1,12.9,1.49,0.6112,True,53.5,3.0,0.0,9.0,1.0,finished,UNKNOWN_TARGET
sr:match:67018152,Odds BK,Stroemsgodset IF,Odds BK vs Stroemsgodset IF,1st Division,2026-09-05 15:00,target__btts_yes,BTTS Yes,80.0,76.3,3.7,1.31,0.6112,True,53.5,0.0,1.0,1.0,1.0,finished,UNKNOWN_TARGET
sr:match:72759248,Spalding United,Southport FC,Spalding United vs Southport FC,National League North,2026-09-05 15:00,target__btts_yes,BTTS Yes,66.3,62.1,4.2,1.61,0.6112,True,53.5,1.0,0.0,2.0,0.0,finished,UNKNOWN_TARGET
sr:match:72758084,Hemel Hempstead Town,Farnham Town,Hemel Hempstead Town vs Farnham Town,National League South,2026-09-05 15:00,target__btts_yes,BTTS Yes,66.3,62.5,3.8,1.6,0.6112,True,53.5,1.0,1.0,1.0,1.0,finished,UNKNOWN_TARGET
sr:match:72305170,MFk Bytca,FC STK 1914 Samorin,MFk Bytca vs FC STK 1914 Samorin,2. Liga,2026-09-05 15:00,target__btts_yes,BTTS Yes,60.1,56.2,3.9,1.78,0.6112,True,53.5,0.0,1.0,1.0,2.0,finished,UNKNOWN_TARGET
sr:match:69343090,FC Kyzylzhar SK,FK Atyrau,FC Kyzylzhar SK vs FK Atyrau,Premier League,2026-09-05 15:00,target__btts_yes,BTTS Yes,65.0,55.6,9.4,1.8,0.6112,True,53.5,0.0,0.0,0.0,1.0,finished,UNKNOWN_TARGET
sr:match:66855486,DLR Waves,Shelbourne LFC,DLR Waves vs Shelbourne LFC,"Premier Division, Women",2026-09-05 15:00,target__btts_yes,BTTS Yes,49.1,41.7,7.4,2.4,0.6112,True,53.5,0.0,1.0,1.0,3.0,finished,UNKNOWN_TARGET
sr:match:67126324,Helsingborgs IF,Sandvikens IF,Helsingborgs IF vs Sandvikens IF,Superettan,2026-09-05 16:00,target__btts_yes,BTTS Yes,80.0,67.6,12.4,1.48,0.6112,True,53.5,0.0,1.0,0.0,2.0,finished,UNKNOWN_TARGET
sr:match:73945162,Ararat Yerevan FC,FC Ararat-Armenia,Ararat Yerevan FC vs FC Ararat-Armenia,Premier League,2026-09-05 16:00,target__btts_yes,BTTS Yes,60.1,50.3,9.9,1.99,0.6112,True,53.5,0.0,0.0,0.0,1.0,finished,UNKNOWN_TARGET
sr:match:72281300,ND Beltinci,NK Krsko Posavje,ND Beltinci vs NK Krsko Posavje,2. Liga,2026-09-05 16:00,target__btts_yes,BTTS Yes,60.1,54.3,5.8,1.84,0.6112,True,53.5,1.0,1.0,3.0,2.0,finished,UNKNOWN_TARGET
sr:match:72501132,Kozarmisleny SE,Mezokovesd Zsory SE,Kozarmisleny SE vs Mezokovesd Zsory SE,NB II,2026-09-05 16:00,target__btts_yes,BTTS Yes,60.1,55.6,4.6,1.8,0.6112,True,53.5,1.0,0.0,2.0,0.0,finished,UNKNOWN_TARGET
sr:match:73334380,Vision FC (GHA),Young Apostles FC,Vision FC (GHA) vs Young Apostles FC,Premier League,2026-09-05 16:00,target__btts_yes,BTTS Yes,44.5,40.8,3.7,2.45,0.6112,True,53.5,2.0,0.0,3.0,0.0,finished,UNKNOWN_TARGET
sr:match:72679152,FC Volgar Astrakhan,FC Kaluga,FC Volgar Astrakhan vs FC Kaluga,"2. Liga, Division A",2026-09-05 16:00,target__btts_yes,BTTS Yes,50.8,47.6,3.1,2.1,0.6112,True,53.5,1.0,0.0,1.0,1.0,finished,UNKNOWN_TARGET
sr:match:74191418,A Sakiet Edayer,Club S Hammam-Lif,A Sakiet Edayer vs Club S Hammam-Lif,Ligue 1,2026-09-05 16:30,target__btts_yes,BTTS Yes,49.0,40.8,8.2,2.45,0.6112,True,53.5,0.0,0.0,1.0,0.0,finished,UNKNOWN_TARGET
sr:match:74191406,CA Bizertin,Olympique de Beja,CA Bizertin vs Olympique de Beja,Ligue 1,2026-09-05 16:30,target__btts_yes,BTTS Yes,44.5,40.0,4.5,2.5,0.6112,True,53.5,0.0,1.0,1.0,1.0,finished,UNKNOWN_TARGET
sr:match:72043128,Korona Kielce,Wisla Krakow,Korona Kielce vs Wisla Krakow,Ekstraklasa,2026-09-05 16:30,target__btts_yes,BTTS Yes,66.3,63.3,3.1,1.58,0.6112,True,53.5,1.0,0.0,1.0,1.0,finished,UNKNOWN_TARGET
sr:match:73954148,Kuwait SC,Al Jahra,Kuwait SC vs Al Jahra,Premier League,2026-09-05 16:35,target__btts_yes,BTTS Yes,50.8,46.5,4.2,2.15,0.6112,True,53.5,1.0,0.0,1.0,0.0,finished,UNKNOWN_TARGET
sr:match:71945236,Inter,Napoli,Inter vs Napoli,Serie A,2026-09-05 17:00,target__btts_yes,BTTS Yes,60.1,48.8,11.3,2.05,0.6112,True,53.5,0.0,0.0,3.0,2.0,finished,UNKNOWN_TARGET
sr:match:72300762,SFC Opava,Dukla Prague,SFC Opava vs Dukla Prague,FNL,2026-09-05 17:00,target__btts_yes,BTTS Yes,66.3,62.5,3.8,1.6,0.6112,True,53.5,1.0,0.0,1.0,2.0,finished,UNKNOWN_TARGET
sr:match:73293854,Campobasso FC,AS Gubbio,Campobasso FC vs AS Gubbio,"Serie C, Group B",2026-09-05 17:00,target__btts_yes,BTTS Yes,60.1,51.0,9.1,1.96,0.6112,True,53.5,0.0,2.0,2.0,4.0,finished,UNKNOWN_TARGET
sr:match:73294610,Crotone,Barletta Calcio,Crotone vs Barletta Calcio,"Serie C, Group C",2026-09-05 17:00,target__btts_yes,BTTS Yes,60.1,55.6,4.6,1.8,0.6112,True,53.5,0.0,0.0,2.0,2.0,finished,UNKNOWN_TARGET
sr:match:72478540,Rayo Vallecano,Racing Santander,Rayo Vallecano vs Racing Santander,LaLiga,2026-09-05 17:30,target__btts_yes,BTTS Yes,66.3,60.2,6.1,1.66,0.6112,True,53.5,2.0,2.0,3.0,2.0,finished,UNKNOWN_TARGET
sr:match:68098094,Deportes Magallanes,Union San Felipe,Deportes Magallanes vs Union San Felipe,Primera B,2026-09-05 17:30,target__btts_yes,BTTS Yes,66.3,57.5,8.9,1.74,0.6112,True,53.5,0.0,0.0,0.0,0.0,finished,UNKNOWN_TARGET
sr:match:72559032,Unionistas de Salamanca CF,Real Union de Irun,Unionistas de Salamanca CF vs Real Union de Irun,Primera Federacion,2026-09-05 17:45,target__btts_yes,BTTS Yes,60.1,53.5,6.6,1.87,0.6112,True,53.5,1.0,1.0,2.0,4.0,finished,UNKNOWN_TARGET
sr:match:72735730,Pendikspor,Umraniyespor,Pendikspor vs Umraniyespor,1. Lig,2026-09-05 18:00,target__btts_yes,BTTS Yes,60.1,52.4,7.8,1.91,0.6112,True,53.5,1.0,0.0,1.0,0.0,finished,UNKNOWN_TARGET
sr:match:72501124,Bvsc-Zuglo,FC Nagykanizsai,Bvsc-Zuglo vs FC Nagykanizsai,NB II,2026-09-05 18:00,target__btts_yes,BTTS Yes,64.0,52.1,11.9,1.92,0.6112,True,53.5,0.0,1.0,0.0,1.0,finished,UNKNOWN_TARGET
sr:match:72501126,Tiszakecskei LC,Szentlorinc SE,Tiszakecskei LC vs Szentlorinc SE,NB II,2026-09-05 18:00,target__btts_yes,BTTS Yes,65.0,57.5,7.5,1.74,0.6112,True,53.5,1.0,0.0,2.0,0.0,finished,UNKNOWN_TARGET
sr:match:73588090,Al Hussein Irbid,AL Jazeera Club Amman,Al Hussein Irbid vs AL Jazeera Club Amman,Jordan League,2026-09-05 18:30,target__btts_yes,BTTS Yes,49.1,43.5,5.6,2.3,0.6112,True,53.5,0.0,3.0,0.0,5.0,finished,UNKNOWN_TARGET
sr:match:73062070,Sao Cristovao FR RJ,Goncalense FC RJ,Sao Cristovao FR RJ vs Goncalense FC RJ,"Carioca, Serie B1",2026-09-05 18:45,target__btts_yes,BTTS Yes,50.8,47.6,3.1,2.1,0.6112,True,53.5,0.0,0.0,0.0,0.0,finished,UNKNOWN_TARGET
sr:match:73658680,Africain,Djoliba AC,Africain vs Djoliba AC,CAF Champions League,2026-09-05 19:00,target__btts_yes,BTTS Yes,50.8,26.7,24.1,3.75,0.6112,True,53.5,,,,,finished,UNSETTLED
sr:match:74123918,Danubio FC,CA Penarol Montevideo,Danubio FC vs CA Penarol Montevideo,Primera Division,2026-09-05 19:00,target__btts_yes,BTTS Yes,50.8,45.5,5.3,2.2,0.6112,True,53.5,0.0,1.0,0.0,4.0,finished,UNKNOWN_TARGET
sr:match:73273732,Figueirense FC SC,Barra FC SC,Figueirense FC SC vs Barra FC SC,Copa Santa Catarina,2026-09-05 19:00,target__btts_yes,BTTS Yes,50.8,33.3,17.4,3.0,0.6112,True,53.5,0.0,1.0,1.0,1.0,finished,UNKNOWN_TARGET
sr:match:72654242,Volta Redonda FC RJ,Fluminense FC RJ,Volta Redonda FC RJ vs Fluminense FC RJ,"U20 Carioca, Serie A",2026-09-05 19:00,target__btts_yes,BTTS Yes,60.1,48.8,11.3,2.05,0.6112,True,53.5,0.0,1.0,0.0,1.0,finished,UNKNOWN_TARGET
sr:match:72278464,Olimpija Ljubljana,NK Brinje Grosuplje,Olimpija Ljubljana vs NK Brinje Grosuplje,PrvaLiga,2026-09-05 19:15,target__btts_yes,BTTS Yes,60.1,56.8,3.3,1.76,0.6112,True,53.5,1.0,0.0,3.0,0.0,finished,UNKNOWN_TARGET
sr:match:111111114287772,Maccabi Kiryat Ata-Bialik,Hapoel Migdal Haemeq,Maccabi Kiryat Ata-Bialik vs Hapoel Migdal Haemeq,Liga Alef,2026-09-05 19:15,target__btts_yes,BTTS Yes,60.1,55.9,4.3,1.79,0.6112,True,53.5,2.0,1.0,2.0,2.0,finished,UNKNOWN_TARGET
sr:match:72036156,Nice,Le Mans FC,Nice vs Le Mans FC,Ligue 1,2026-09-05 19:45,target__btts_yes,BTTS Yes,66.3,56.8,9.5,1.76,0.6112,True,53.5,1.0,1.0,1.0,1.0,finished,UNKNOWN_TARGET
sr:match:72203028,St. Truidense VV,RAAL La Louviere,St. Truidense VV vs RAAL La Louviere,Pro League,2026-09-05 19:45,target__btts_yes,BTTS Yes,60.1,56.8,3.3,1.76,0.6112,True,53.5,1.0,0.0,4.0,0.0,finished,UNKNOWN_TARGET
sr:match:72339786,Swansea City,Wrexham AFC,Swansea City vs Wrexham AFC,Championship,2026-09-05 20:00,target__btts_yes,BTTS Yes,60.1,55.9,4.3,1.79,0.6112,True,53.5,0.0,0.0,0.0,0.0,finished,UNKNOWN_TARGET
sr:match:73293872,Vis Pesaro 1898,AS Ostia Mare Lido Calcio,Vis Pesaro 1898 vs AS Ostia Mare Lido Calcio,"Serie C, Group B",2026-09-05 20:00,target__btts_yes,BTTS Yes,60.1,55.9,4.3,1.79,0.6112,True,53.5,0.0,0.0,1.0,2.0,finished,UNKNOWN_TARGET
sr:match:71936096,Sport Huancayo,Sport Boys Association,Sport Huancayo vs Sport Boys Association,Liga 1,2026-09-05 21:00,target__btts_yes,BTTS Yes,60.1,54.9,5.2,1.82,0.6112,True,53.5,1.0,0.0,,,other,UNSETTLED
sr:match:74136192,ASO Chlef,CR Belouizdad,ASO Chlef vs CR Belouizdad,Ligue 1,2026-09-05 21:00,target__btts_yes,BTTS Yes,50.3,46.5,3.8,2.15,0.6112,True,53.5,2.0,3.0,3.0,3.0,finished,UNKNOWN_TARGET
sr:match:72335080,Boyaca Chico FC,CD Once Caldas,Boyaca Chico FC vs CD Once Caldas,Liga DIMAYOR,2026-09-05 22:00,target__btts_yes,BTTS Yes,66.3,53.2,13.2,1.88,0.6112,True,53.5,2.0,0.0,,,other,UNSETTLED
sr:match:74207246,Deportivo Mixco,Comunicaciones FC ,Deportivo Mixco vs Comunicaciones FC ,Liga Nacional,2026-09-05 22:00,target__btts_yes,BTTS Yes,60.1,53.2,6.9,1.88,0.6112,True,53.5,0.0,0.0,,,other,UNSETTLED
sr:match:71936086,Cusco FC,Ucv Moquegua,Cusco FC vs Ucv Moquegua,Liga 1,2026-09-06 00:00,target__btts_yes,BTTS Yes,49.0,45.5,3.5,2.2,0.6112,True,53.5,1.0,0.0,2.0,0.0,finished,UNKNOWN_TARGET
sr:match:68687890,CSD Independiente del Valle,CSD Macara,CSD Independiente del Valle vs CSD Macara,LigaPro Primera A,2026-09-06 00:00,target__btts_yes,BTTS Yes,60.1,54.3,5.8,1.84,0.6112,True,53.5,3.0,0.0,3.0,1.0,finished,UNKNOWN_TARGET
sr:match:72053604,CS Herediano,Perez Zeledon,CS Herediano vs Perez Zeledon,Primera Division,2026-09-06 00:00,target__btts_yes,BTTS Yes,60.1,52.6,7.5,1.9,0.6112,True,53.5,1.0,1.0,2.0,3.0,finished,UNKNOWN_TARGET
sr:match:72335092,Independiente Santa Fe,Fortaleza FC,Independiente Santa Fe vs Fortaleza FC,Liga DIMAYOR,2026-09-06 00:25,target__btts_yes,BTTS Yes,50.8,46.5,4.2,2.15,0.6112,True,53.5,2.0,0.0,2.0,2.0,finished,UNKNOWN_TARGET
sr:match:66299462,Charlotte FC,Houston Dynamo,Charlotte FC vs Houston Dynamo,MLS,2026-09-06 00:30,target__btts_yes,BTTS Yes,80.3,62.5,17.8,1.6,0.6112,True,53.5,0.0,0.0,0.0,0.0,finished,UNKNOWN_TARGET
sr:match:66299466,Columbus Crew,Colorado Rapids,Columbus Crew vs Colorado Rapids,MLS,2026-09-06 00:30,target__btts_yes,BTTS Yes,73.0,59.9,13.1,1.67,0.6112,True,53.5,1.0,0.0,3.0,0.0,finished,UNKNOWN_TARGET
sr:match:72679296,FC Zenit-2 St Petersburg,Torpedo Miass,FC Zenit-2 St Petersburg vs Torpedo Miass,"2. Liga, Division A",2026-09-05 11:00,target__draw,Draw,26.9,22.2,4.7,4.5,0.5993,True,22.8,0.0,0.0,2.0,0.0,finished,UNKNOWN_TARGET
sr:match:72513832,Wolfsburg,Energie Cottbus,Wolfsburg vs Energie Cottbus,2. Bundesliga,2026-09-05 12:00,target__draw,Draw,24.4,16.9,7.4,5.9,0.5993,True,22.8,3.0,1.0,4.0,4.0,finished,UNKNOWN_TARGET
sr:match:69343098,FC Okzhetpes,FC Ordabasy,FC Okzhetpes vs FC Ordabasy,Premier League,2026-09-05 12:00,target__draw,Draw,30.5,23.8,6.7,4.2,0.5993,True,22.8,0.0,1.0,2.0,1.0,finished,UNKNOWN_TARGET
sr:match:68995368,Dalian Yingbo FC,Qingdao Hainiu FC,Dalian Yingbo FC vs Qingdao Hainiu FC,Chinese Super League,2026-09-05 12:35,target__draw,Draw,24.4,20.0,4.4,5.0,0.5993,True,22.8,2.0,1.0,2.0,1.0,finished,UNKNOWN_TARGET
sr:match:67915810,Skeid Fotball,Kjelsaas,Skeid Fotball vs Kjelsaas,2nd Division Group 2,2026-09-05 13:00,target__draw,Draw,30.5,25.0,5.5,4.0,0.5993,True,22.8,2.0,1.0,4.0,1.0,finished,UNKNOWN_TARGET
sr:match:70887022,FK Kaspii Aktau,FC Kairat Almaty,FK Kaspii Aktau vs FC Kairat Almaty,Premier League,2026-09-05 13:00,target__draw,Draw,26.9,22.2,4.7,4.5,0.5993,True,22.8,0.0,2.0,0.0,3.0,finished,UNKNOWN_TARGET
sr:match:72224024,FK Ekranas,FK Garliava,FK Ekranas vs FK Garliava,1 Lyga,2026-09-05 14:00,target__draw,Draw,30.5,27.0,3.5,3.7,0.5993,True,22.8,0.0,0.0,1.0,0.0,finished,UNKNOWN_TARGET
sr:match:73287444,ASK Voitsberg,Sturm Graz,ASK Voitsberg vs Sturm Graz,OFB Cup,2026-09-05 14:30,target__draw,Draw,24.4,18.2,6.2,5.5,0.5993,True,22.8,0.0,1.0,1.0,4.0,finished,UNKNOWN_TARGET
sr:match:73074164,Baniyas Club,Hatta SC,Baniyas Club vs Hatta SC,Arabian Gulf League,2026-09-05 14:45,target__draw,Draw,30.5,27.0,3.5,3.7,0.5993,True,22.8,0.0,0.0,0.0,1.0,finished,UNKNOWN_TARGET
sr:match:72201624,Dundee United,Falkirk FC,Dundee United vs Falkirk FC,Premiership,2026-09-05 15:00,target__draw,Draw,30.5,27.0,3.5,3.7,0.5993,True,22.8,0.0,1.0,1.0,1.0,finished,UNKNOWN_TARGET
sr:match:72201628,Rangers,Motherwell FC,Rangers vs Motherwell FC,Premiership,2026-09-05 15:00,target__draw,Draw,30.5,21.0,9.5,4.76,0.5993,True,22.8,1.0,0.0,1.0,0.0,finished,UNKNOWN_TARGET
sr:match:72341128,Huddersfield,Notts County,Huddersfield vs Notts County,League One,2026-09-05 15:00,target__draw,Draw,30.5,25.0,5.5,4.0,0.5993,True,22.8,1.0,1.0,1.0,1.0,finished,UNKNOWN_TARGET
sr:match:73945162,Ararat Yerevan FC,FC Ararat-Armenia,Ararat Yerevan FC vs FC Ararat-Armenia,Premier League,2026-09-05 16:00,target__draw,Draw,24.4,18.5,5.8,5.4,0.5993,True,22.8,0.0,0.0,0.0,1.0,finished,UNKNOWN_TARGET
sr:match:73159930,Al-Taawoun FC,Al-Fateh SC,Al-Taawoun FC vs Al-Fateh SC,Saudi Pro League,2026-09-05 16:55,target__draw,Draw,30.5,26.3,4.2,3.8,0.5993,True,22.8,0.0,0.0,0.0,0.0,finished,UNKNOWN_TARGET
sr:match:71945236,Inter,Napoli,Inter vs Napoli,Serie A,2026-09-05 17:00,target__draw,Draw,30.5,25.3,5.2,3.95,0.5993,True,22.8,0.0,0.0,3.0,2.0,finished,UNKNOWN_TARGET
sr:match:72607948,SK Artis Brno,Viktoria Plzen,SK Artis Brno vs Viktoria Plzen,1. Liga,2026-09-05 17:00,target__draw,Draw,30.5,22.2,8.3,4.5,0.5993,True,22.8,0.0,3.0,0.0,3.0,finished,UNKNOWN_TARGET
sr:match:71925002,AGF Aarhus,Silkeborg IF,AGF Aarhus vs Silkeborg IF,Superliga,2026-09-05 17:00,target__draw,Draw,26.9,21.3,5.6,4.7,0.5993,True,22.8,0.0,2.0,2.0,2.0,finished,UNKNOWN_TARGET
sr:match:72936026,Volos NPS,Olympiacos,Volos NPS vs Olympiacos,Super League,2026-09-05 17:00,target__draw,Draw,24.4,16.9,7.4,5.9,0.5993,True,22.8,0.0,1.0,1.0,1.0,finished,UNKNOWN_TARGET
sr:match:72723190,Fenerbahce Istanbul,Besiktas Istanbul,Fenerbahce Istanbul vs Besiktas Istanbul,Super Lig,2026-09-05 18:00,target__draw,Draw,30.5,25.7,4.8,3.89,0.5993,True,22.8,1.0,1.0,1.0,2.0,finished,UNKNOWN_TARGET
sr:match:73159932,Al-Ittihad Club,Al Nassr Club,Al-Ittihad Club vs Al Nassr Club,Saudi Pro League,2026-09-05 19:00,target__draw,Draw,24.4,20.8,3.5,4.8,0.5993,True,22.8,2.0,1.0,2.0,1.0,finished,UNKNOWN_TARGET
sr:match:72654242,Volta Redonda FC RJ,Fluminense FC RJ,Volta Redonda FC RJ vs Fluminense FC RJ,"U20 Carioca, Serie A",2026-09-05 19:00,target__draw,Draw,30.5,27.0,3.5,3.7,0.5993,True,22.8,0.0,1.0,0.0,1.0,finished,UNKNOWN_TARGET
sr:match:71945242,Roma,Atalanta,Roma vs Atalanta,Serie A,2026-09-05 19:45,target__draw,Draw,30.5,25.5,5.0,3.92,0.5993,True,22.8,0.0,0.0,2.0,1.0,finished,UNKNOWN_TARGET
sr:match:72530906,Sporting,Nacional da Madeira,Sporting vs Nacional da Madeira,Liga Portugal,2026-09-05 20:30,target__draw,Draw,24.4,13.5,10.8,7.4,0.5993,True,22.8,1.0,0.0,2.0,0.0,finished,UNKNOWN_TARGET
sr:match:74147766,Uwa Nedlands FC Reserves,Joondalop City FC Reserve,Uwa Nedlands FC Reserves vs Joondalop City FC Reserve,"Western Australia State League 1, Reserves",2026-09-05 03:30,target__home_clean_sheet,Home Clean Sheet,30.9,27.0,3.8,3.7,0.6485,True,30.0,1.0,0.0,1.0,1.0,finished,LOST
sr:match:74219280,South Hobart FC,Devonport City SC,South Hobart FC vs Devonport City SC,Tasmania NPL,2026-09-05 04:00,target__home_clean_sheet,Home Clean Sheet,30.9,27.8,3.1,3.6,0.6485,True,30.0,1.0,1.0,5.0,1.0,finished,LOST
sr:match:72661618,Club Atletico La Paz,CD Mineros de Zacatecas,Club Atletico La Paz vs CD Mineros de Zacatecas,Liga de Expansion MX,2026-09-05 04:00,target__home_clean_sheet,Home Clean Sheet,30.9,25.6,5.2,3.9,0.6485,True,30.0,1.0,0.0,3.0,0.0,finished,WON
sr:match:74174744,Modbury Jets SC Reserve,Cumberland United Reserve,Modbury Jets SC Reserve vs Cumberland United Reserve,"South Australia State League 1, Reserves",2026-09-05 04:00,target__home_clean_sheet,Home Clean Sheet,30.9,25.6,5.2,3.9,0.6485,True,30.0,1.0,1.0,1.0,2.0,finished,LOST
sr:match:74202086,Newmarket SFC,AC Carina,Newmarket SFC vs AC Carina,Queensland Premier League 3 Metro,2026-09-05 04:30,target__home_clean_sheet,Home Clean Sheet,30.2,22.7,7.4,4.4,0.6485,True,30.0,1.0,1.0,4.0,1.0,finished,LOST
sr:match:74111812,Perth Redstar FC,Fremantle City FC,Perth Redstar FC vs Fremantle City FC,U23 Western Australia NPL,2026-09-05 05:15,target__home_clean_sheet,Home Clean Sheet,30.9,21.3,9.6,4.7,0.6485,True,30.0,0.0,0.0,1.0,0.0,finished,WON
sr:match:74231608,New Lambton FC,Broadmeadow Magic FC,New Lambton FC vs Broadmeadow Magic FC,"Northern NSW NPL, Women",2026-09-05 07:30,target__home_clean_sheet,Home Clean Sheet,45.9,36.4,9.6,2.75,0.6485,True,30.0,1.0,2.0,6.0,3.0,finished,LOST
sr:match:74201958,Peninsula Power FC,Moreton City Excelsior FC,Peninsula Power FC vs Moreton City Excelsior FC,Queensland NPL,2026-09-05 08:00,target__home_clean_sheet,Home Clean Sheet,45.9,26.7,19.3,3.75,0.6485,True,30.0,2.0,1.0,3.0,2.0,finished,LOST
sr:match:74147768,Floreat Athena FC Reserves,Kingsley Westside FC,Floreat Athena FC Reserves vs Kingsley Westside FC,"Western Australia State League 1, Reserves",2026-09-05 08:00,target__home_clean_sheet,Home Clean Sheet,30.9,27.8,3.1,3.6,0.6485,True,30.0,1.0,0.0,2.0,3.0,finished,LOST
sr:match:69456572,Shaanxi Union FC,Jiangxi Dingnan United,Shaanxi Union FC vs Jiangxi Dingnan United,China League 1,2026-09-05 08:30,target__home_clean_sheet,Home Clean Sheet,47.1,43.5,3.6,2.3,0.6485,True,30.0,0.0,0.0,2.0,1.0,finished,LOST
sr:match:72415532,FK Mlada Boleslav B,SK Zapy,FK Mlada Boleslav B vs SK Zapy,CFL,2026-09-05 09:15,target__home_clean_sheet,Home Clean Sheet,30.9,26.7,4.2,3.75,0.6485,True,30.0,1.0,1.0,2.0,3.0,finished,LOST
sr:match:72414964,SK Slavia Prague C,FC Pisek,SK Slavia Prague C vs FC Pisek,CFL,2026-09-05 09:15,target__home_clean_sheet,Home Clean Sheet,30.9,26.3,4.6,3.8,0.6485,True,30.0,1.0,1.0,1.0,1.0,finished,LOST
sr:match:72439830,Cagliari Calcio,Sassuolo Calcio,Cagliari Calcio vs Sassuolo Calcio,Primavera 1,2026-09-05 10:00,target__home_clean_sheet,Home Clean Sheet,36.1,32.3,3.9,3.1,0.6485,True,30.0,2.0,0.0,2.0,1.0,finished,LOST
sr:match:72575740,FC Viktoria Plzen,FC Hradec Kralove,FC Viktoria Plzen vs FC Hradec Kralove,U19 1. Liga,2026-09-05 10:00,target__home_clean_sheet,Home Clean Sheet,30.2,23.3,6.9,4.3,0.6485,True,30.0,0.0,0.0,0.0,0.0,finished,WON
sr:match:73086578,SC Popesti Leordeni,FC Bihor Oradea,SC Popesti Leordeni vs FC Bihor Oradea,Liga 2,2026-09-05 10:30,target__home_clean_sheet,Home Clean Sheet,44.4,29.4,15.0,3.4,0.6485,True,30.0,2.0,0.0,3.0,2.0,finished,LOST
sr:match:68852226,Viljandi JK Tulevik,Tallinna JK Legion,Viljandi JK Tulevik vs Tallinna JK Legion,Esiliiga B,2026-09-05 10:30,target__home_clean_sheet,Home Clean Sheet,60.7,40.0,20.7,2.5,0.6485,True,30.0,1.0,0.0,3.0,0.0,finished,WON
sr:match:67817848,Jeju SK FC,Ulsan HD FC,Jeju SK FC vs Ulsan HD FC,K-League 1,2026-09-05 11:00,target__home_clean_sheet,Home Clean Sheet,30.0,26.3,3.7,3.8,0.6485,True,30.0,0.0,0.0,0.0,0.0,finished,WON
sr:match:68046724,Cheonan City FC,Hwaseong FC,Cheonan City FC vs Hwaseong FC,K-League 2,2026-09-05 11:00,target__home_clean_sheet,Home Clean Sheet,30.2,27.0,3.1,3.7,0.6485,True,30.0,0.0,0.0,1.0,1.0,finished,LOST
sr:match:72491302,RCD Espanyol Barcelona,FC Badalona Women,RCD Espanyol Barcelona vs FC Badalona Women,Primera Division Women,2026-09-05 11:00,target__home_clean_sheet,Home Clean Sheet,45.9,33.3,12.6,3.0,0.6485,True,30.0,0.0,0.0,0.0,1.0,finished,LOST
sr:match:69502014,Valmiera FC,FK Metta / Lu,Valmiera FC vs FK Metta / Lu,1.Liga,2026-09-05 12:00,target__home_clean_sheet,Home Clean Sheet,22.9,18.5,4.3,5.4,0.6485,True,30.0,1.0,2.0,2.0,2.0,finished,LOST
sr:match:68377900,Orebro Syrianska IF,IK Sleipner,Orebro Syrianska IF vs IK Sleipner,Division 2,2026-09-05 12:00,target__home_clean_sheet,Home Clean Sheet,30.2,26.3,3.8,3.8,0.6485,True,30.0,1.0,0.0,1.0,3.0,finished,LOST
sr:match:72398658,Sokol Kleczew,Gornik Leczna,Sokol Kleczew vs Gornik Leczna,II Liga,2026-09-05 12:00,target__home_clean_sheet,Home Clean Sheet,30.9,27.0,3.8,3.7,0.6485,True,30.0,0.0,0.0,0.0,4.0,finished,LOST
sr:match:72515934,Grom Nowy Staw,Polonia Sroda Wielkopolska,Grom Nowy Staw vs Polonia Sroda Wielkopolska,"III Liga, Group 2",2026-09-05 12:00,target__home_clean_sheet,Home Clean Sheet,22.9,18.2,4.7,5.5,0.6485,True,30.0,2.0,2.0,4.0,4.0,finished,LOST
sr:match:69456576,Foshan Nanshi FC,Dalian Kun City,Foshan Nanshi FC vs Dalian Kun City,China League 1,2026-09-05 12:30,target__home_clean_sheet,Home Clean Sheet,30.9,22.2,8.6,4.5,0.6485,True,30.0,0.0,0.0,0.0,0.0,finished,WON
sr:match:69456578,Nantong Zhiyun,Guandong GZ-Power FC,Nantong Zhiyun vs Guandong GZ-Power FC,China League 1,2026-09-05 12:30,target__home_clean_sheet,Home Clean Sheet,45.9,31.2,14.7,3.2,0.6485,True,30.0,0.0,0.0,1.0,1.0,finished,LOST
sr:match:72522022,Pen-y-Bont FC,Colwyn Bay,Pen-y-Bont FC vs Colwyn Bay,Cymru Premier,2026-09-05 12:30,target__home_clean_sheet,Home Clean Sheet,45.9,38.5,7.5,2.6,0.6485,True,30.0,1.0,0.0,1.0,0.0,finished,WON
sr:match:72575744,Karvina,Slavia Prague,Karvina vs Slavia Prague,U19 1. Liga,2026-09-05 12:45,target__home_clean_sheet,Home Clean Sheet,30.9,26.7,4.2,3.75,0.6485,True,30.0,1.0,1.0,3.0,2.0,finished,LOST
sr:match:72037322,Reims,EA Guingamp,Reims vs EA Guingamp,Ligue 2,2026-09-05 13:00,target__home_clean_sheet,Home Clean Sheet,47.1,39.2,7.9,2.55,0.6485,True,30.0,0.0,1.0,2.0,2.0,finished,LOST
sr:match:72594492,Koninklijke HFC,Jong Sparta Rotterdam,Koninklijke HFC vs Jong Sparta Rotterdam,Tweede Divisie,2026-09-05 13:00,target__home_clean_sheet,Home Clean Sheet,30.0,21.1,8.9,4.75,0.6485,True,30.0,0.0,2.0,2.0,2.0,finished,LOST
sr:match:72499024,Middelfart BK,BK Fremad Amager,Middelfart BK vs BK Fremad Amager,2nd Division,2026-09-05 13:00,target__home_clean_sheet,Home Clean Sheet,45.9,37.0,8.9,2.7,0.6485,True,30.0,0.0,1.0,1.0,1.0,finished,LOST
sr:match:73576604,Borneo Samarinda,Persija Jakarta,Borneo Samarinda vs Persija Jakarta,Super League,2026-09-05 13:00,target__home_clean_sheet,Home Clean Sheet,30.9,26.3,4.6,3.8,0.6485,True,30.0,0.0,1.0,0.0,1.0,finished,LOST
sr:match:72578282,FC Yenisey Krasnoyarsk,FC Neftekhimik Nizhnekamsk,FC Yenisey Krasnoyarsk vs FC Neftekhimik Nizhnekamsk,1. Liga,2026-09-05 13:00,target__home_clean_sheet,Home Clean Sheet,60.7,46.5,14.2,2.15,0.6485,True,30.0,0.0,0.0,0.0,2.0,finished,LOST
sr:match:72515928,Blekitni Stargard,Kss Kotwica Kornik,Blekitni Stargard vs Kss Kotwica Kornik,"III Liga, Group 2",2026-09-05 13:00,target__home_clean_sheet,Home Clean Sheet,45.9,37.7,8.2,2.65,0.6485,True,30.0,2.0,2.0,2.0,4.0,finished,LOST
sr:match:72224020,FK Atmosfera,FK Tauras Taurage,FK Atmosfera vs FK Tauras Taurage,1 Lyga,2026-09-05 13:00,target__home_clean_sheet,Home Clean Sheet,30.9,26.7,4.2,3.75,0.6485,True,30.0,0.0,1.0,3.0,1.0,finished,LOST
sr:match:67919420,Baerum SK,Nordstrand,Baerum SK vs Nordstrand,"3. Division, Group 1",2026-09-05 13:00,target__home_clean_sheet,Home Clean Sheet,47.1,39.2,7.9,2.55,0.6485,True,30.0,0.0,0.0,1.0,0.0,finished,WON
sr:match:67920606,Varhaug,Brodd,Varhaug vs Brodd,"3. Division, Group 4",2026-09-05 13:00,target__home_clean_sheet,Home Clean Sheet,30.9,26.3,4.6,3.8,0.6485,True,30.0,1.0,0.0,3.0,0.0,finished,WON
sr:match:72807960,1. FC Bocholt,Sportfreunde Siegen 1899,1. FC Bocholt vs Sportfreunde Siegen 1899,Regionalliga West,2026-09-05 13:00,target__home_clean_sheet,Home Clean Sheet,30.9,24.4,6.5,4.1,0.6485,True,30.0,0.0,2.0,1.0,3.0,finished,LOST
sr:match:72675992,Union Mauer,Hellas Kagran,Union Mauer vs Hellas Kagran,Wiener Stadtliga,2026-09-05 13:00,target__home_clean_sheet,Home Clean Sheet,47.1,42.6,4.6,2.35,0.6485,True,30.0,2.0,0.0,3.0,0.0,finished,WON
sr:match:72594496,HHC Hardenberg,De Treffers Groesbeek,HHC Hardenberg vs De Treffers Groesbeek,Tweede Divisie,2026-09-05 13:30,target__home_clean_sheet,Home Clean Sheet,30.0,21.1,8.9,4.75,0.6485,True,30.0,0.0,1.0,2.0,2.0,finished,LOST
sr:match:72594498,Rijnsburgse Boys,Amsterdamsche FC,Rijnsburgse Boys vs Amsterdamsche FC,Tweede Divisie,2026-09-05 13:30,target__home_clean_sheet,Home Clean Sheet,30.9,27.8,3.1,3.6,0.6485,True,30.0,2.0,0.0,3.0,0.0,finished,WON
sr:match:72594500,Rkav Volendam,Hoek,Rkav Volendam vs Hoek,Tweede Divisie,2026-09-05 13:30,target__home_clean_sheet,Home Clean Sheet,30.1,21.7,8.4,4.6,0.6485,True,30.0,1.0,0.0,2.0,1.0,finished,LOST
sr:match:72596056,Excelsior Maassluis,VV Noordwijk,Excelsior Maassluis vs VV Noordwijk,Derde Divisie,2026-09-05 13:30,target__home_clean_sheet,Home Clean Sheet,30.9,26.3,4.6,3.8,0.6485,True,30.0,0.0,0.0,0.0,0.0,finished,WON
sr:match:72523888,FC Fleury 91,FC Villefranche-Beaujolais,FC Fleury 91 vs FC Villefranche-Beaujolais,Ligue 3,2026-09-05 13:45,target__home_clean_sheet,Home Clean Sheet,47.1,40.0,7.1,2.5,0.6485,True,30.0,3.0,0.0,6.0,1.0,finished,LOST
sr:match:72523880,Football Bourg-En-Bresse Peronnas 01,SM Caen,Football Bourg-En-Bresse Peronnas 01 vs SM Caen,Ligue 3,2026-09-05 13:45,target__home_clean_sheet,Home Clean Sheet,30.9,26.3,4.6,3.8,0.6485,True,30.0,0.0,1.0,0.0,2.0,finished,LOST
sr:match:72523890,La Roche Vendee Football,Quevilly-Rouen Metropole,La Roche Vendee Football vs Quevilly-Rouen Metropole,Ligue 3,2026-09-05 13:45,target__home_clean_sheet,Home Clean Sheet,47.1,41.7,5.4,2.4,0.6485,True,30.0,0.0,1.0,1.0,1.0,finished,LOST
sr:match:72594502,VV Katwijk,Jong Almere City FC,VV Katwijk vs Jong Almere City FC,Tweede Divisie,2026-09-05 14:00,target__home_clean_sheet,Home Clean Sheet,30.9,26.3,4.6,3.8,0.6485,True,30.0,2.0,2.0,3.0,2.0,finished,LOST
sr:match:72735734,Bandirmaspor,Boluspor,Bandirmaspor vs Boluspor,1. Lig,2026-09-05 14:00,target__home_clean_sheet,Home Clean Sheet,60.7,57.5,3.2,1.74,0.6485,True,30.0,5.0,0.0,6.0,0.0,finished,WON
sr:match:72531568,FC Penafiel,Academica de Coimbra,FC Penafiel vs Academica de Coimbra,Liga Portugal 2,2026-09-05 14:00,target__home_clean_sheet,Home Clean Sheet,45.9,42.6,3.4,2.35,0.6485,True,30.0,2.0,0.0,,,other,UNSETTLED
sr:match:72939006,SC Vianense,FC Pacos Ferreira,SC Vianense vs FC Pacos Ferreira,Liga Portugal 3,2026-09-05 14:00,target__home_clean_sheet,Home Clean Sheet,45.9,36.4,9.6,2.75,0.6485,True,30.0,1.0,0.0,2.0,2.0,finished,LOST
sr:match:72578280,FC Volga Ulyanovsk,PFK Arsenal Tula,FC Volga Ulyanovsk vs PFK Arsenal Tula,1. Liga,2026-09-05 14:00,target__home_clean_sheet,Home Clean Sheet,44.4,37.7,6.7,2.65,0.6485,True,30.0,1.0,0.0,3.0,0.0,finished,WON
sr:match:72578290,FK Ufa,FK Veles Moscow,FK Ufa vs FK Veles Moscow,1. Liga,2026-09-05 14:00,target__home_clean_sheet,Home Clean Sheet,47.1,42.6,4.6,2.35,0.6485,True,30.0,1.0,1.0,1.0,1.0,finished,LOST
sr:match:74236140,CA Tembetary Ypane,Encarnacion FC,CA Tembetary Ypane vs Encarnacion FC,Division Intermedia,2026-09-05 14:00,target__home_clean_sheet,Home Clean Sheet,45.9,42.6,3.4,2.35,0.6485,True,30.0,0.0,2.0,0.0,2.0,finished,LOST
sr:match:70699110,KA Asvellir,Hottur/Huginn,KA Asvellir vs Hottur/Huginn,3. deild,2026-09-05 14:00,target__home_clean_sheet,Home Clean Sheet,22.9,15.9,7.0,6.3,0.6485,True,30.0,0.0,1.0,1.0,4.0,finished,LOST
sr:match:73074166,Sharjah FC,Dubai United FC,Sharjah FC vs Dubai United FC,Arabian Gulf League,2026-09-05 14:45,target__home_clean_sheet,Home Clean Sheet,45.9,40.8,5.1,2.45,0.6485,True,30.0,3.0,2.0,4.0,3.0,finished,LOST
sr:match:72221250,Nottingham Forest,Tottenham,Nottingham Forest vs Tottenham,Premier League,2026-09-05 15:00,target__home_clean_sheet,Home Clean Sheet,47.1,30.8,16.3,3.25,0.6485,True,30.0,0.0,0.0,0.0,0.0,finished,WON
sr:match:72339788,West Bromwich Albion,Watford,West Bromwich Albion vs Watford,Championship,2026-09-05 15:00,target__home_clean_sheet,Home Clean Sheet,45.9,38.5,7.5,2.6,0.6485,True,30.0,1.0,0.0,1.0,0.0,finished,WON
sr:match:72723194,Erzurumspor FK,Konyaspor,Erzurumspor FK vs Konyaspor,Super Lig,2026-09-05 15:00,target__home_clean_sheet,Home Clean Sheet,45.9,35.7,10.2,2.8,0.6485,True,30.0,1.0,0.0,1.0,0.0,finished,WON
sr:match:72201628,Rangers,Motherwell FC,Rangers vs Motherwell FC,Premiership,2026-09-05 15:00,target__home_clean_sheet,Home Clean Sheet,60.7,43.5,17.2,2.3,0.6485,True,30.0,1.0,0.0,1.0,0.0,finished,WON
sr:match:72302120,Club NXT,KAS Eupen,Club NXT vs KAS Eupen,Challenger Pro League,2026-09-05 15:00,target__home_clean_sheet,Home Clean Sheet,30.9,27.0,3.8,3.7,0.6485,True,30.0,0.0,0.0,0.0,1.0,finished,LOST
sr:match:72341130,Leicester,Oxford United,Leicester vs Oxford United,League One,2026-09-05 15:00,target__home_clean_sheet,Home Clean Sheet,45.9,40.8,5.1,2.45,0.6485,True,30.0,0.0,1.0,0.0,4.0,finished,LOST
sr:match:72738138,AFC Hornchurch,Forest Green Rovers,AFC Hornchurch vs Forest Green Rovers,National League,2026-09-05 15:00,target__home_clean_sheet,Home Clean Sheet,30.2,25.0,5.2,4.0,0.6485,True,30.0,0.0,1.0,0.0,1.0,finished,LOST
sr:match:72738132,Barrow AFC,Sutton United,Barrow AFC vs Sutton United,National League,2026-09-05 15:00,target__home_clean_sheet,Home Clean Sheet,45.9,34.5,11.5,2.9,0.6485,True,30.0,1.0,0.0,3.0,0.0,finished,WON
sr:match:72738134,Gateshead FC,Solihull Moors FC,Gateshead FC vs Solihull Moors FC,National League,2026-09-05 15:00,target__home_clean_sheet,Home Clean Sheet,30.9,27.0,3.8,3.7,0.6485,True,30.0,0.0,0.0,1.0,1.0,finished,LOST
sr:match:68311798,Ariana FC,Aatvidabergs FF,Ariana FC vs Aatvidabergs FF,Ettan,2026-09-05 15:00,target__home_clean_sheet,Home Clean Sheet,30.2,27.0,3.1,3.7,0.6485,True,30.0,1.0,2.0,2.0,2.0,finished,LOST
sr:match:72759234,Hednesford Town,South Shields,Hednesford Town vs South Shields,National League North,2026-09-05 15:00,target__home_clean_sheet,Home Clean Sheet,30.0,23.3,6.7,4.3,0.6485,True,30.0,0.0,1.0,0.0,1.0,finished,LOST
sr:match:72759242,Morecambe FC,Buxton FC,Morecambe FC vs Buxton FC,National League North,2026-09-05 15:00,target__home_clean_sheet,Home Clean Sheet,30.9,25.6,5.2,3.9,0.6485,True,30.0,0.0,0.0,4.0,0.0,finished,WON
sr:match:72758076,Billericay Town,Dorking Wanderers,Billericay Town vs Dorking Wanderers,National League South,2026-09-05 15:00,target__home_clean_sheet,Home Clean Sheet,30.0,25.6,4.4,3.9,0.6485,True,30.0,2.0,2.0,3.0,3.0,finished,LOST
sr:match:72758092,Torquay United,Folkestone Invicta,Torquay United vs Folkestone Invicta,National League South,2026-09-05 15:00,target__home_clean_sheet,Home Clean Sheet,45.9,33.3,12.6,3.0,0.6485,True,30.0,2.0,0.0,3.0,2.0,finished,LOST
sr:match:72346286,Limavady United FC,Dungannon Swifts,Limavady United FC vs Dungannon Swifts,Premiership,2026-09-05 15:00,target__home_clean_sheet,Home Clean Sheet,30.2,26.3,3.8,3.8,0.6485,True,30.0,0.0,1.0,0.0,2.0,finished,LOST
sr:match:72305168,FC Slovan Galanta,OFK Dynamo Malzenice,FC Slovan Galanta vs OFK Dynamo Malzenice,2. Liga,2026-09-05 15:00,target__home_clean_sheet,Home Clean Sheet,30.9,27.8,3.1,3.6,0.6485,True,30.0,0.0,0.0,1.0,0.0,finished,WON
sr:match:72979704,Al Rayyan SC,Al Duhail SC,Al Rayyan SC vs Al Duhail SC,Stars League,2026-09-05 15:00,target__home_clean_sheet,Home Clean Sheet,30.2,27.0,3.1,3.7,0.6485,True,30.0,1.0,0.0,1.0,1.0,finished,LOST
sr:match:72597686,FK Frydek-Mistek,SK Unicov,FK Frydek-Mistek vs SK Unicov,MSFL,2026-09-05 15:00,target__home_clean_sheet,Home Clean Sheet,45.9,40.0,5.9,2.5,0.6485,True,30.0,0.0,1.0,1.0,1.0,finished,LOST
sr:match:67919422,Valerenga IF 2,Konnerud,Valerenga IF 2 vs Konnerud,"3. Division, Group 1",2026-09-05 15:00,target__home_clean_sheet,Home Clean Sheet,36.1,27.8,8.3,3.6,0.6485,True,30.0,0.0,0.0,2.0,1.0,finished,LOST
sr:match:68307036,UMF Njardvik,Afturelding,UMF Njardvik vs Afturelding,1. deild,2026-09-05 15:00,target__home_clean_sheet,Home Clean Sheet,30.0,20.0,10.0,5.0,0.6485,True,30.0,2.0,0.0,2.0,1.0,finished,LOST
sr:match:70688202,Haukar Hafnarfjordur,UMF Selfoss,Haukar Hafnarfjordur vs UMF Selfoss,2. deild,2026-09-05 15:00,target__home_clean_sheet,Home Clean Sheet,30.2,22.2,7.9,4.5,0.6485,True,30.0,0.0,2.0,1.0,2.0,finished,LOST
sr:match:72890542,Bursa Yildirim Spor,Efeler 09 Sfk,Bursa Yildirim Spor vs Efeler 09 Sfk,3. Lig,2026-09-05 15:00,target__home_clean_sheet,Home Clean Sheet,45.9,37.0,8.9,2.7,0.6485,True,30.0,0.0,0.0,1.0,0.0,finished,WON
sr:match:72387972,FC Uta Arad,AFK Csikszereda Miercurea Ciuc,FC Uta Arad vs AFK Csikszereda Miercurea Ciuc,Superliga,2026-09-05 15:30,target__home_clean_sheet,Home Clean Sheet,60.7,50.0,10.7,2.0,0.6485,True,30.0,1.0,0.0,5.0,1.0,finished,LOST
sr:match:72515926,Chemik Bydgoszcz,Baltyk Koszalin,Chemik Bydgoszcz vs Baltyk Koszalin,"III Liga, Group 2",2026-09-05 16:00,target__home_clean_sheet,Home Clean Sheet,47.1,34.5,12.6,2.9,0.6485,True,30.0,1.0,1.0,2.0,2.0,finished,LOST
sr:match:72036150,Lens,Lorient,Lens vs Lorient,Ligue 1,2026-09-05 16:15,target__home_clean_sheet,Home Clean Sheet,60.7,43.5,17.2,2.3,0.6485,True,30.0,0.0,0.0,0.0,1.0,finished,LOST
sr:match:72278460,Aluminij Kidricevo,Bravo Ljubljana,Aluminij Kidricevo vs Bravo Ljubljana,PrvaLiga,2026-09-05 16:30,target__home_clean_sheet,Home Clean Sheet,47.1,30.8,16.3,3.25,0.6485,True,30.0,0.0,0.0,0.0,0.0,finished,WON
sr:match:74116988,Sassuolo Calcio,Ternana,Sassuolo Calcio vs Ternana,"Serie A Cup, Women",2026-09-05 16:30,target__home_clean_sheet,Home Clean Sheet,45.9,38.5,7.5,2.6,0.6485,True,30.0,2.0,0.0,2.0,0.0,finished,WON
sr:match:73860154,Zakho FC,AL Talaba,Zakho FC vs AL Talaba,Stars League,2026-09-05 16:45,target__home_clean_sheet,Home Clean Sheet,45.9,37.0,8.9,2.7,0.6485,True,30.0,0.0,0.0,0.0,0.0,finished,WON
sr:match:72607948,SK Artis Brno,Viktoria Plzen,SK Artis Brno vs Viktoria Plzen,1. Liga,2026-09-05 17:00,target__home_clean_sheet,Home Clean Sheet,30.9,17.4,13.5,5.75,0.6485,True,30.0,0.0,3.0,0.0,3.0,finished,LOST
sr:match:71913058,GNK Dinamo Zagreb,HNK Gorica,GNK Dinamo Zagreb vs HNK Gorica,HNL,2026-09-05 17:00,target__home_clean_sheet,Home Clean Sheet,60.7,54.3,6.4,1.84,0.6485,True,30.0,1.0,0.0,1.0,0.0,finished,WON
sr:match:72700200,Montpellier FC,Toulouse FC,Montpellier FC vs Toulouse FC,"Premiere Ligue, Women",2026-09-05 17:00,target__home_clean_sheet,Home Clean Sheet,45.9,32.3,13.7,3.1,0.6485,True,30.0,5.0,0.0,5.0,1.0,finished,LOST
sr:match:72560242,SC Pinkafeld,ASK Royal Sped Klingenbach,SC Pinkafeld vs ASK Royal Sped Klingenbach,Burgenlandliga,2026-09-05 17:00,target__home_clean_sheet,Home Clean Sheet,30.2,26.3,3.8,3.8,0.6485,True,30.0,1.0,0.0,1.0,0.0,finished,WON
sr:match:72596068,RBC Roosendaal,Achilles Veen,RBC Roosendaal vs Achilles Veen,Derde Divisie,2026-09-05 17:00,target__home_clean_sheet,Home Clean Sheet,47.1,37.0,10.1,2.7,0.6485,True,30.0,3.0,0.0,3.0,0.0,finished,WON
sr:match:73265276,CA Aldosivi,CA Banfield,CA Aldosivi vs CA Banfield,Primera LPF,2026-09-05 17:30,target__home_clean_sheet,Home Clean Sheet,47.1,42.6,4.6,2.35,0.6485,True,30.0,2.0,0.0,3.0,1.0,finished,LOST
sr:match:72346282,Coleraine FC,Crusaders FC,Coleraine FC vs Crusaders FC,Premiership,2026-09-05 18:00,target__home_clean_sheet,Home Clean Sheet,60.7,54.3,6.4,1.84,0.6485,True,30.0,3.0,0.0,4.0,1.0,finished,LOST
sr:match:73265272,Gimnasia y Esgrima La Plata,CA Tigre,Gimnasia y Esgrima La Plata vs CA Tigre,Primera LPF,2026-09-05 18:30,target__home_clean_sheet,Home Clean Sheet,45.9,42.6,3.4,2.35,0.6485,True,30.0,1.0,0.0,2.0,1.0,finished,LOST
sr:match:72302602,Paksi FC,Debreceni VSC,Paksi FC vs Debreceni VSC,NB I,2026-09-05 19:00,target__home_clean_sheet,Home Clean Sheet,30.9,27.8,3.1,3.6,0.6485,True,30.0,1.0,3.0,2.0,4.0,finished,LOST
sr:match:74136190,CR Temouchent,CS Constantine,CR Temouchent vs CS Constantine,Ligue 1,2026-09-05 19:00,target__home_clean_sheet,Home Clean Sheet,45.9,39.2,6.7,2.55,0.6485,True,30.0,1.0,0.0,1.0,1.0,finished,LOST
sr:match:73273726,Joinville EC SC,Blumenau EC SC,Joinville EC SC vs Blumenau EC SC,Copa Santa Catarina,2026-09-05 19:00,target__home_clean_sheet,Home Clean Sheet,45.9,38.5,7.5,2.6,0.6485,True,30.0,1.0,0.0,1.0,0.0,finished,WON
sr:match:72654244,Boavista RJ,Marica FC RJ,Boavista RJ vs Marica FC RJ,"U20 Carioca, Serie A",2026-09-05 19:00,target__home_clean_sheet,Home Clean Sheet,30.9,25.0,5.9,4.0,0.6485,True,30.0,0.0,0.0,2.0,2.0,finished,LOST
sr:match:66855488,Galway Wfc,Treaty United,Galway Wfc vs Treaty United,"Premier Division, Women",2026-09-05 19:35,target__home_clean_sheet,Home Clean Sheet,45.9,40.8,5.1,2.45,0.6485,True,30.0,0.0,0.0,0.0,0.0,finished,WON
sr:match:71945242,Roma,Atalanta,Roma vs Atalanta,Serie A,2026-09-05 19:45,target__home_clean_sheet,Home Clean Sheet,45.9,42.6,3.4,2.35,0.6485,True,30.0,0.0,0.0,2.0,1.0,finished,LOST
sr:match:72203028,St. Truidense VV,RAAL La Louviere,St. Truidense VV vs RAAL La Louviere,Pro League,2026-09-05 19:45,target__home_clean_sheet,Home Clean Sheet,45.9,41.7,4.3,2.4,0.6485,True,30.0,1.0,0.0,4.0,0.0,finished,WON
sr:match:73265264,Gimnasia y Esgrima Mendoza,Boca Juniors,Gimnasia y Esgrima Mendoza vs Boca Juniors,Primera LPF,2026-09-05 20:30,target__home_clean_sheet,Home Clean Sheet,44.4,35.1,9.4,2.85,0.6485,True,30.0,1.0,2.0,2.0,2.0,finished,LOST
sr:match:73075244,CD Fuerte San Francisco Morazan,CD FAS Santa Ana,CD Fuerte San Francisco Morazan vs CD FAS Santa Ana,Primera Division,2026-09-05 22:00,target__home_clean_sheet,Home Clean Sheet,30.9,26.3,4.6,3.8,0.6485,True,30.0,0.0,0.0,,,other,UNSETTLED
sr:match:67172914,Sporting Jax,Lexington SC,Sporting Jax vs Lexington SC,USL Championship,2026-09-06 00:00,target__home_clean_sheet,Home Clean Sheet,30.9,21.3,9.6,4.7,0.6485,True,30.0,1.0,0.0,3.0,2.0,finished,LOST
sr:match:67682010,Universidad de Chile,Coquimbo Unido,Universidad de Chile vs Coquimbo Unido,Primera Division,2026-09-06 01:00,target__home_clean_sheet,Home Clean Sheet,45.9,40.0,5.9,2.5,0.6485,True,30.0,0.0,0.0,4.0,2.0,finished,LOST
sr:match:68157102,Sporting Kansas City II,Saint Louis City SC 2,Sporting Kansas City II vs Saint Louis City SC 2,MLS Next Pro,2026-09-06 01:00,target__home_clean_sheet,Home Clean Sheet,22.9,19.2,3.6,5.2,0.6485,True,30.0,1.0,1.0,1.0,2.0,finished,LOST
sr:match:74219280,South Hobart FC,Devonport City SC,South Hobart FC vs Devonport City SC,Tasmania NPL,2026-09-05 04:00,target__home_win,Home Win,54.7,51.5,3.1,1.94,0.7212,True,44.5,1.0,1.0,5.0,1.0,finished,WON
sr:match:74202086,Newmarket SFC,AC Carina,Newmarket SFC vs AC Carina,Queensland Premier League 3 Metro,2026-09-05 04:30,target__home_win,Home Win,67.3,61.3,6.0,1.63,0.7212,True,44.5,1.0,1.0,4.0,1.0,finished,WON
sr:match:74202192,Avondale FC,Preston Lions FC,Avondale FC vs Preston Lions FC,"Victoria, NPL",2026-09-05 05:00,target__home_win,Home Win,47.3,42.6,4.7,2.35,0.7212,True,44.5,2.0,0.0,2.0,0.0,finished,WON
sr:match:74256380,Canberra Croatia FC,Queanbeyan City FC,Canberra Croatia FC vs Queanbeyan City FC,Capital NPL 1,2026-09-05 07:00,target__home_win,Home Win,83.3,69.0,14.4,1.45,0.7212,True,44.5,0.0,0.0,1.0,0.0,finished,WON
sr:match:72116140,Minebea Mitsumi FC,Okinawa SV,Minebea Mitsumi FC vs Okinawa SV,Japan Football League,2026-09-05 07:00,target__home_win,Home Win,32.1,28.6,3.5,3.5,0.7212,True,44.5,1.0,0.0,1.0,1.0,finished,LOST
sr:match:74210194,FC Bulleen Lions,South Melbourne FC,FC Bulleen Lions vs South Melbourne FC,"Victoria NPL, Women",2026-09-05 07:00,target__home_win,Home Win,47.3,40.8,6.5,2.45,0.7212,True,44.5,0.0,0.0,1.0,1.0,finished,LOST
sr:match:69456572,Shaanxi Union FC,Jiangxi Dingnan United,Shaanxi Union FC vs Jiangxi Dingnan United,China League 1,2026-09-05 08:30,target__home_win,Home Win,78.5,69.0,9.6,1.45,0.7212,True,44.5,0.0,0.0,2.0,1.0,finished,WON
sr:match:73086570,AFC Unirea 04 Slobozia,CS Dinamo Bucuresti,AFC Unirea 04 Slobozia vs CS Dinamo Bucuresti,Liga 2,2026-09-05 09:00,target__home_win,Home Win,78.5,71.9,6.6,1.39,0.7212,True,44.5,5.0,0.0,8.0,0.0,finished,WON
sr:match:73086580,Asa Targu Mures,Metaloglobus Bucuresti,Asa Targu Mures vs Metaloglobus Bucuresti,Liga 2,2026-09-05 09:00,target__home_win,Home Win,54.7,51.0,3.7,1.96,0.7212,True,44.5,2.0,1.0,3.0,2.0,finished,WON
sr:match:73086572,Csa Steaua Bucuresti,FC Cetate Suceava,Csa Steaua Bucuresti vs FC Cetate Suceava,Liga 2,2026-09-05 09:00,target__home_win,Home Win,67.3,54.6,12.7,1.83,0.7212,True,44.5,1.0,0.0,2.0,2.0,finished,LOST
sr:match:73296434,Tai Po FC,Hong Kong Rangers,Tai Po FC vs Hong Kong Rangers,Premier League,2026-09-05 09:00,target__home_win,Home Win,78.5,73.5,5.0,1.36,0.7212,True,44.5,1.0,1.0,3.0,2.0,finished,WON
sr:match:72414958,FK Motorlet Prague,SK Aritma Prague,FK Motorlet Prague vs SK Aritma Prague,CFL,2026-09-05 09:15,target__home_win,Home Win,67.3,61.7,5.6,1.62,0.7212,True,44.5,1.0,0.0,4.0,0.0,finished,WON
sr:match:72656430,FC Vratimov,1. Bfk Frydlant Nad Ostravici,FC Vratimov vs 1. Bfk Frydlant Nad Ostravici,Divize F,2026-09-05 09:15,target__home_win,Home Win,89.5,78.7,10.7,1.27,0.7212,True,44.5,0.0,1.0,2.0,1.0,finished,WON
sr:match:73576600,Psim Yogyakarta,Persita Tangerang,Psim Yogyakarta vs Persita Tangerang,Super League,2026-09-05 09:30,target__home_win,Home Win,54.7,48.8,5.9,2.05,0.7212,True,44.5,0.0,0.0,1.0,1.0,finished,LOST
sr:match:74201960,Pine Hills,Grange Thistle,Pine Hills vs Grange Thistle,Queensland Premier League 2,2026-09-05 10:00,target__home_win,Home Win,34.4,30.3,4.1,3.3,0.7212,True,44.5,1.0,1.0,3.0,6.0,finished,LOST
sr:match:74176024,Adelaide City FC,Playford City,Adelaide City FC vs Playford City,South Australia NPL,2026-09-05 10:30,target__home_win,Home Win,67.3,62.9,4.5,1.59,0.7212,True,44.5,2.0,0.0,6.0,0.0,finished,WON
sr:match:74176026,West Torrens Birkalla,North Eastern Metrostars SC,West Torrens Birkalla vs North Eastern Metrostars SC,South Australia NPL,2026-09-05 10:30,target__home_win,Home Win,47.3,43.5,3.8,2.3,0.7212,True,44.5,0.0,0.0,2.0,0.0,finished,WON
sr:match:73086578,SC Popesti Leordeni,FC Bihor Oradea,SC Popesti Leordeni vs FC Bihor Oradea,Liga 2,2026-09-05 10:30,target__home_win,Home Win,33.3,30.0,3.3,3.33,0.7212,True,44.5,2.0,0.0,3.0,2.0,finished,WON
sr:match:72409676,FC Kharkiv,FC Obolon Kyiv,FC Kharkiv vs FC Obolon Kyiv,Premier League,2026-09-05 11:00,target__home_win,Home Win,78.5,71.9,6.6,1.39,0.7212,True,44.5,5.0,0.0,,,other,UNSETTLED
sr:match:72151946,Ehime FC,Giravanz Kitakyushu,Ehime FC vs Giravanz Kitakyushu,J3 League,2026-09-05 11:00,target__home_win,Home Win,67.3,59.9,7.5,1.67,0.7212,True,44.5,2.0,1.0,4.0,2.0,finished,WON
sr:match:68046722,Busan IPark,Ansan Greeners FC,Busan IPark vs Ansan Greeners FC,K-League 2,2026-09-05 11:00,target__home_win,Home Win,78.5,70.9,7.6,1.41,0.7212,True,44.5,0.0,1.0,0.0,1.0,finished,LOST
sr:match:68046724,Cheonan City FC,Hwaseong FC,Cheonan City FC vs Hwaseong FC,K-League 2,2026-09-05 11:00,target__home_win,Home Win,34.4,30.0,4.3,3.33,0.7212,True,44.5,0.0,0.0,1.0,1.0,finished,LOST
sr:match:68916436,Ulsan Citizen FC,Gyeongju FC,Ulsan Citizen FC vs Gyeongju FC,K3 League,2026-09-05 11:00,target__home_win,Home Win,34.4,29.4,5.0,3.4,0.7212,True,44.5,0.0,1.0,1.0,2.0,finished,LOST
sr:match:72531570,CD Tondela,FC Porto B,CD Tondela vs FC Porto B,Liga Portugal 2,2026-09-05 11:00,target__home_win,Home Win,67.3,58.8,8.5,1.7,0.7212,True,44.5,1.0,0.0,,,other,UNSETTLED
sr:match:72398648,Podhale Nowy Targ,Sandecja Nowy Sacz,Podhale Nowy Targ vs Sandecja Nowy Sacz,II Liga,2026-09-05 11:00,target__home_win,Home Win,34.4,31.2,3.1,3.2,0.7212,True,44.5,1.0,1.0,2.0,1.0,finished,WON
sr:match:72679296,FC Zenit-2 St Petersburg,Torpedo Miass,FC Zenit-2 St Petersburg vs Torpedo Miass,"2. Liga, Division A",2026-09-05 11:00,target__home_win,Home Win,78.9,69.9,9.0,1.43,0.7212,True,44.5,0.0,0.0,2.0,0.0,finished,WON
sr:match:69502014,Valmiera FC,FK Metta / Lu,Valmiera FC vs FK Metta / Lu,1.Liga,2026-09-05 12:00,target__home_win,Home Win,33.3,29.4,3.9,3.4,0.7212,True,44.5,1.0,2.0,2.0,2.0,finished,LOST
sr:match:68377980,Vastra Frolunda IF,Onsala BK,Vastra Frolunda IF vs Onsala BK,Division 2,2026-09-05 12:00,target__home_win,Home Win,54.7,51.3,3.4,1.95,0.7212,True,44.5,1.0,1.0,3.0,1.0,finished,WON
sr:match:67915800,Follo,Tromsdalen UIL,Follo vs Tromsdalen UIL,2nd Division Group 2,2026-09-05 12:00,target__home_win,Home Win,33.3,27.8,5.5,3.6,0.7212,True,44.5,1.0,0.0,1.0,0.0,finished,WON
sr:match:67919416,Frigg Oslo FK,Ready Fotball,Frigg Oslo FK vs Ready Fotball,"3. Division, Group 1",2026-09-05 12:00,target__home_win,Home Win,54.7,51.3,3.4,1.95,0.7212,True,44.5,1.0,2.0,5.0,2.0,finished,WON
sr:match:67919418,SF Grei,FK Union Carl Berner,SF Grei vs FK Union Carl Berner,"3. Division, Group 1",2026-09-05 12:00,target__home_win,Home Win,28.1,22.7,5.4,4.4,0.7212,True,44.5,0.0,1.0,0.0,1.0,finished,LOST
sr:match:72341934,Fleetwood Town,Shrewsbury Town,Fleetwood Town vs Shrewsbury Town,League Two,2026-09-05 12:30,target__home_win,Home Win,54.7,51.0,3.7,1.96,0.7212,True,44.5,1.0,0.0,2.0,0.0,finished,WON
sr:match:72738128,Southend United,Yeovil Town,Southend United vs Yeovil Town,National League,2026-09-05 12:30,target__home_win,Home Win,67.3,62.9,4.5,1.59,0.7212,True,44.5,0.0,1.0,3.0,2.0,finished,WON
sr:match:69456576,Foshan Nanshi FC,Dalian Kun City,Foshan Nanshi FC vs Dalian Kun City,China League 1,2026-09-05 12:30,target__home_win,Home Win,28.1,24.4,3.7,4.1,0.7212,True,44.5,0.0,0.0,0.0,0.0,finished,LOST
sr:match:72942462,Bangkok United FC,Sisaket United FC,Bangkok United FC vs Sisaket United FC,Thai League 1,2026-09-05 12:30,target__home_win,Home Win,78.5,69.9,8.6,1.43,0.7212,True,44.5,3.0,1.0,3.0,1.0,finished,WON
sr:match:73345986,Chelsea FC W,Aston Villa WFC,Chelsea FC W vs Aston Villa WFC,Super League Women,2026-09-05 12:30,target__home_win,Home Win,83.3,76.3,7.0,1.31,0.7212,True,44.5,1.0,0.0,1.0,1.0,finished,LOST
sr:match:72037316,Metz,Rodez Aveyron Football,Metz vs Rodez Aveyron Football,Ligue 2,2026-09-05 13:00,target__home_win,Home Win,54.7,50.8,3.9,1.97,0.7212,True,44.5,3.0,1.0,4.0,1.0,finished,WON
sr:match:72044316,FC Fredericia,Esbjerg FB,FC Fredericia vs Esbjerg FB,1. Division,2026-09-05 13:00,target__home_win,Home Win,78.5,67.6,11.0,1.48,0.7212,True,44.5,0.0,0.0,1.0,0.0,finished,WON
sr:match:72499020,HIK Hellerup,Brabrand IF,HIK Hellerup vs Brabrand IF,2nd Division,2026-09-05 13:00,target__home_win,Home Win,47.3,42.6,4.7,2.35,0.7212,True,44.5,1.0,1.0,2.0,1.0,finished,WON
sr:match:69502016,JDFS Alberts,FK Smiltene/Bjss,JDFS Alberts vs FK Smiltene/Bjss,1.Liga,2026-09-05 13:00,target__home_win,Home Win,89.5,84.0,5.4,1.19,0.7212,True,44.5,2.0,0.0,3.0,2.0,finished,WON
sr:match:72679298,FC Tyumen,Dinamo Moscow Res.,FC Tyumen vs Dinamo Moscow Res.,"2. Liga, Division A",2026-09-05 13:00,target__home_win,Home Win,78.5,67.1,11.4,1.49,0.7212,True,44.5,1.0,2.0,5.0,2.0,finished,WON
sr:match:72675992,Union Mauer,Hellas Kagran,Union Mauer vs Hellas Kagran,Wiener Stadtliga,2026-09-05 13:00,target__home_win,Home Win,83.3,71.9,11.4,1.39,0.7212,True,44.5,2.0,0.0,3.0,0.0,finished,WON
sr:match:72594498,Rijnsburgse Boys,Amsterdamsche FC,Rijnsburgse Boys vs Amsterdamsche FC,Tweede Divisie,2026-09-05 13:30,target__home_win,Home Win,54.7,51.0,3.7,1.96,0.7212,True,44.5,2.0,0.0,3.0,0.0,finished,WON
sr:match:72596056,Excelsior Maassluis,VV Noordwijk,Excelsior Maassluis vs VV Noordwijk,Derde Divisie,2026-09-05 13:30,target__home_win,Home Win,47.3,40.0,7.3,2.5,0.7212,True,44.5,0.0,0.0,0.0,0.0,finished,LOST
sr:match:72523892,Le Puy-En Velay FC,US Orleans,Le Puy-En Velay FC vs US Orleans,Ligue 3,2026-09-05 13:45,target__home_win,Home Win,47.3,43.5,3.8,2.3,0.7212,True,44.5,1.0,1.0,1.0,1.0,finished,LOST
sr:match:67126742,GAIS,BK Hacken,GAIS vs BK Hacken,Allsvenskan,2026-09-05 14:00,target__home_win,Home Win,47.3,43.5,3.8,2.3,0.7212,True,44.5,0.0,0.0,0.0,0.0,finished,LOST
sr:match:72735734,Bandirmaspor,Boluspor,Bandirmaspor vs Boluspor,1. Lig,2026-09-05 14:00,target__home_win,Home Win,83.3,78.1,5.2,1.28,0.7212,True,44.5,5.0,0.0,6.0,0.0,finished,WON
sr:match:72578280,FC Volga Ulyanovsk,PFK Arsenal Tula,FC Volga Ulyanovsk vs PFK Arsenal Tula,1. Liga,2026-09-05 14:00,target__home_win,Home Win,47.3,42.6,4.7,2.35,0.7212,True,44.5,1.0,0.0,3.0,0.0,finished,WON
sr:match:72415522,FK Banik Most-Sous,FK Horni Redice,FK Banik Most-Sous vs FK Horni Redice,CFL,2026-09-05 14:00,target__home_win,Home Win,83.3,78.1,5.2,1.28,0.7212,True,44.5,0.0,1.0,0.0,1.0,finished,LOST
sr:match:72514700,Kts Weszlo,Zabkovia Zabki,Kts Weszlo vs Zabkovia Zabki,"III Liga, Group 1",2026-09-05 14:00,target__home_win,Home Win,67.3,63.7,3.7,1.57,0.7212,True,44.5,0.0,0.0,2.0,0.0,finished,WON
sr:match:72514692,SK Mazovia Minsk Mazowiecki,Olimpia Zambrow,SK Mazovia Minsk Mazowiecki vs Olimpia Zambrow,"III Liga, Group 1",2026-09-05 14:00,target__home_win,Home Win,83.3,75.2,8.1,1.33,0.7212,True,44.5,2.0,0.0,5.0,0.0,finished,WON
sr:match:74236140,CA Tembetary Ypane,Encarnacion FC,CA Tembetary Ypane vs Encarnacion FC,Division Intermedia,2026-09-05 14:00,target__home_win,Home Win,67.3,56.8,10.5,1.76,0.7212,True,44.5,0.0,2.0,0.0,2.0,finished,LOST
sr:match:67919852,Nardo FK,Spjelkavik IL,Nardo FK vs Spjelkavik IL,"3. Division, Group 2",2026-09-05 14:00,target__home_win,Home Win,34.4,27.0,7.3,3.7,0.7212,True,44.5,2.0,1.0,4.0,2.0,finished,WON
sr:match:70699110,KA Asvellir,Hottur/Huginn,KA Asvellir vs Hottur/Huginn,3. deild,2026-09-05 14:00,target__home_win,Home Win,34.4,27.8,6.6,3.6,0.7212,True,44.5,0.0,1.0,1.0,4.0,finished,LOST
sr:match:73062386,Terengganu FC,Penang FA,Terengganu FC vs Penang FA,Super League,2026-09-05 14:00,target__home_win,Home Win,78.5,67.6,11.0,1.48,0.7212,True,44.5,0.0,0.0,0.0,0.0,finished,LOST
sr:match:68380532,PFC Sogdiana,PFK Mash AL Mubarek,PFC Sogdiana vs PFK Mash AL Mubarek,Superliga,2026-09-05 14:00,target__home_win,Home Win,83.3,76.3,7.0,1.31,0.7212,True,44.5,3.0,1.0,5.0,2.0,finished,WON
sr:match:72675996,FAC Wien Amateure,Simmeringer SC,FAC Wien Amateure vs Simmeringer SC,Wiener Stadtliga,2026-09-05 14:00,target__home_win,Home Win,89.5,81.3,8.2,1.23,0.7212,True,44.5,1.0,0.0,3.0,0.0,finished,WON
sr:match:72520876,FC Basel II,SC Bruhl St Gallen,FC Basel II vs SC Bruhl St Gallen,Promotion League,2026-09-05 14:30,target__home_win,Home Win,34.4,29.4,5.0,3.4,0.7212,True,44.5,0.0,0.0,3.0,0.0,finished,WON
sr:match:73287420,Blau-Weiss Linz,Wacker Innsbruck,Blau-Weiss Linz vs Wacker Innsbruck,OFB Cup,2026-09-05 14:30,target__home_win,Home Win,67.3,61.3,6.0,1.63,0.7212,True,44.5,2.0,0.0,2.0,3.0,finished,LOST
sr:match:72546584,Brickfield Rangers,Guilsfield FC,Brickfield Rangers vs Guilsfield FC,"Cymru Championship, North",2026-09-05 14:30,target__home_win,Home Win,54.7,51.5,3.1,1.94,0.7212,True,44.5,1.0,0.0,2.0,0.0,finished,WON
sr:match:72546588,Llanuwchllyn,Holyhead Hotspur,Llanuwchllyn vs Holyhead Hotspur,"Cymru Championship, North",2026-09-05 14:30,target__home_win,Home Win,47.3,41.7,5.6,2.4,0.7212,True,44.5,3.0,0.0,4.0,0.0,finished,WON
sr:match:72546590,Newtown AFC,Denbigh Town,Newtown AFC vs Denbigh Town,"Cymru Championship, North",2026-09-05 14:30,target__home_win,Home Win,78.5,70.9,7.6,1.41,0.7212,True,44.5,0.0,0.0,1.0,0.0,finished,WON
sr:match:73074166,Sharjah FC,Dubai United FC,Sharjah FC vs Dubai United FC,Arabian Gulf League,2026-09-05 14:45,target__home_win,Home Win,78.5,68.0,10.5,1.47,0.7212,True,44.5,3.0,2.0,4.0,3.0,finished,WON
sr:match:72339790,West Ham,Derby County,West Ham vs Derby County,Championship,2026-09-05 15:00,target__home_win,Home Win,78.5,69.4,9.1,1.44,0.7212,True,44.5,1.0,0.0,3.0,0.0,finished,WON
sr:match:67015362,Rosenborg BK,HamKam,Rosenborg BK vs HamKam,Eliteserien,2026-09-05 15:00,target__home_win,Home Win,78.5,73.0,5.5,1.37,0.7212,True,44.5,1.0,0.0,4.0,0.0,finished,WON
sr:match:72202636,Partick Thistle FC,Ayr United FC,Partick Thistle FC vs Ayr United FC,Championship,2026-09-05 15:00,target__home_win,Home Win,67.3,62.5,4.8,1.6,0.7212,True,44.5,1.0,0.0,1.0,0.0,finished,WON
sr:match:67018146,FK Haugesund,Sogndal Fotball,FK Haugesund vs Sogndal Fotball,1st Division,2026-09-05 15:00,target__home_win,Home Win,83.3,77.5,5.8,1.29,0.7212,True,44.5,1.0,0.0,2.0,0.0,finished,WON
sr:match:68311798,Ariana FC,Aatvidabergs FF,Ariana FC vs Aatvidabergs FF,Ettan,2026-09-05 15:00,target__home_win,Home Win,47.3,42.6,4.7,2.35,0.7212,True,44.5,1.0,2.0,2.0,2.0,finished,LOST
sr:match:68311090,IF Karlstad Fotbol,AFC Eskilstuna,IF Karlstad Fotbol vs AFC Eskilstuna,Ettan,2026-09-05 15:00,target__home_win,Home Win,54.7,50.3,4.4,1.99,0.7212,True,44.5,1.0,0.0,1.0,2.0,finished,LOST
sr:match:68311092,Sollentuna FK,Gefle IF,Sollentuna FK vs Gefle IF,Ettan,2026-09-05 15:00,target__home_win,Home Win,47.3,40.8,6.5,2.45,0.7212,True,44.5,1.0,0.0,1.0,0.0,finished,WON
sr:match:72759230,Darlington FC,Kings Lynn FC,Darlington FC vs Kings Lynn FC,National League North,2026-09-05 15:00,target__home_win,Home Win,47.3,42.6,4.7,2.35,0.7212,True,44.5,0.0,1.0,0.0,2.0,finished,LOST
sr:match:72758086,Horsham FC,Dagenham and Redbridge FC,Horsham FC vs Dagenham and Redbridge FC,National League South,2026-09-05 15:00,target__home_win,Home Win,47.3,43.5,3.8,2.3,0.7212,True,44.5,1.0,1.0,1.0,1.0,finished,LOST
sr:match:72346280,Cliftonville FC,Portadown FC,Cliftonville FC vs Portadown FC,Premiership,2026-09-05 15:00,target__home_win,Home Win,67.3,61.7,5.6,1.62,0.7212,True,44.5,2.0,0.0,3.0,1.0,finished,WON
sr:match:72305162,MSK Povazska Bystrica,OFK Banik Lehota Pod Vtacnikom,MSK Povazska Bystrica vs OFK Banik Lehota Pod Vtacnikom,2. Liga,2026-09-05 15:00,target__home_win,Home Win,54.7,51.3,3.4,1.95,0.7212,True,44.5,2.0,1.0,2.0,1.0,finished,WON
sr:match:72514702,Lechia Tomaszow Mazowiecki,KS Ck Troszyn,Lechia Tomaszow Mazowiecki vs KS Ck Troszyn,"III Liga, Group 1",2026-09-05 15:00,target__home_win,Home Win,78.5,68.0,10.5,1.47,0.7212,True,44.5,0.0,1.0,0.0,2.0,finished,LOST
sr:match:67919422,Valerenga IF 2,Konnerud,Valerenga IF 2 vs Konnerud,"3. Division, Group 1",2026-09-05 15:00,target__home_win,Home Win,78.5,74.1,4.4,1.35,0.7212,True,44.5,0.0,0.0,2.0,1.0,finished,WON
sr:match:72501130,Kazincbarcikai SC,Kecskemeti TE,Kazincbarcikai SC vs Kecskemeti TE,NB II,2026-09-05 15:00,target__home_win,Home Win,33.3,29.4,3.9,3.4,0.7212,True,44.5,1.0,1.0,2.0,2.0,finished,LOST
sr:match:69592608,Chertanovo Moscow,ZFK Krasnodar,Chertanovo Moscow vs ZFK Krasnodar,"Superleague, Women",2026-09-05 15:00,target__home_win,Home Win,67.3,59.5,7.8,1.68,0.7212,True,44.5,0.0,0.0,1.0,1.0,finished,LOST
sr:match:72304264,OFK Mladost DG,FK Decic Tuzi,OFK Mladost DG vs FK Decic Tuzi,1. CFL,2026-09-05 16:00,target__home_win,Home Win,33.3,27.0,6.3,3.7,0.7212,True,44.5,0.0,0.0,2.0,0.0,finished,WON
sr:match:72501132,Kozarmisleny SE,Mezokovesd Zsory SE,Kozarmisleny SE vs Mezokovesd Zsory SE,NB II,2026-09-05 16:00,target__home_win,Home Win,34.4,28.6,5.8,3.5,0.7212,True,44.5,1.0,0.0,2.0,0.0,finished,WON
sr:match:73334380,Vision FC (GHA),Young Apostles FC,Vision FC (GHA) vs Young Apostles FC,Premier League,2026-09-05 16:00,target__home_win,Home Win,67.3,62.1,5.2,1.61,0.7212,True,44.5,2.0,0.0,3.0,0.0,finished,WON
sr:match:72679152,FC Volgar Astrakhan,FC Kaluga,FC Volgar Astrakhan vs FC Kaluga,"2. Liga, Division A",2026-09-05 16:00,target__home_win,Home Win,67.3,56.8,10.5,1.76,0.7212,True,44.5,1.0,0.0,1.0,1.0,finished,LOST
sr:match:74191418,A Sakiet Edayer,Club S Hammam-Lif,A Sakiet Edayer vs Club S Hammam-Lif,Ligue 1,2026-09-05 16:30,target__home_win,Home Win,67.3,56.2,11.2,1.78,0.7212,True,44.5,0.0,0.0,1.0,0.0,finished,WON
sr:match:74191406,CA Bizertin,Olympique de Beja,CA Bizertin vs Olympique de Beja,Ligue 1,2026-09-05 16:30,target__home_win,Home Win,67.3,64.1,3.2,1.56,0.7212,True,44.5,0.0,1.0,1.0,1.0,finished,LOST
sr:match:72278460,Aluminij Kidricevo,Bravo Ljubljana,Aluminij Kidricevo vs Bravo Ljubljana,PrvaLiga,2026-09-05 16:30,target__home_win,Home Win,47.3,42.6,4.7,2.35,0.7212,True,44.5,0.0,0.0,0.0,0.0,finished,LOST
sr:match:72302604,MTK Budapest,Kisvarda FC,MTK Budapest vs Kisvarda FC,NB I,2026-09-05 16:30,target__home_win,Home Win,54.7,50.0,4.7,2.0,0.7212,True,44.5,0.0,0.0,1.0,2.0,finished,LOST
sr:match:73258798,Sekhukhune United,TS Galaxy FC,Sekhukhune United vs TS Galaxy FC,Premiership,2026-09-05 16:30,target__home_win,Home Win,67.3,51.5,15.8,1.94,0.7212,True,44.5,0.0,0.0,0.0,0.0,finished,LOST
sr:match:73842982,AD Cantolao,Deportivo Llacuabamba,AD Cantolao vs Deportivo Llacuabamba,Liga 2,2026-09-05 16:45,target__home_win,Home Win,34.4,28.6,5.8,3.5,0.7212,True,44.5,2.0,1.0,3.0,2.0,finished,WON
sr:match:72176924,Young Boys Bern,FC Luzern,Young Boys Bern vs FC Luzern,Super League,2026-09-05 17:00,target__home_win,Home Win,78.5,68.0,10.5,1.47,0.7212,True,44.5,1.0,0.0,3.0,3.0,finished,LOST
sr:match:71680600,Mexico,Benin,Mexico vs Benin,"U20 FIFA World Cup, Women",2026-09-05 17:00,target__home_win,Home Win,89.5,74.6,14.8,1.34,0.7212,True,44.5,1.0,0.0,2.0,2.0,finished,LOST
sr:match:72939192,CD Mafra,SC Covilha,CD Mafra vs SC Covilha,Liga Portugal 3,2026-09-05 17:00,target__home_win,Home Win,67.3,57.5,9.9,1.74,0.7212,True,44.5,0.0,0.0,1.0,0.0,finished,WON
sr:match:73160372,Apollon Limassol,Anorthosis Famagusta,Apollon Limassol vs Anorthosis Famagusta,1st Division,2026-09-05 17:00,target__home_win,Home Win,78.5,67.1,11.4,1.49,0.7212,True,44.5,1.0,1.0,3.0,1.0,finished,WON
sr:match:73019544,Jkt Tanzania,Pamba Jiji SC,Jkt Tanzania vs Pamba Jiji SC,Premier League,2026-09-05 17:00,target__home_win,Home Win,54.7,50.5,4.2,1.98,0.7212,True,44.5,3.0,0.0,3.0,0.0,finished,WON
sr:match:73293860,Latina Calcio,Forli FC,Latina Calcio vs Forli FC,"Serie C, Group B",2026-09-05 17:00,target__home_win,Home Win,47.3,41.7,5.6,2.4,0.7212,True,44.5,2.0,0.0,2.0,0.0,finished,WON
sr:match:73080248,EFC Frejus Saint-Raphael,Andrezieux-Boutheon FC,EFC Frejus Saint-Raphael vs Andrezieux-Boutheon FC,National 1,2026-09-05 17:00,target__home_win,Home Win,34.4,31.2,3.1,3.2,0.7212,True,44.5,0.0,0.0,2.0,0.0,finished,WON
sr:match:73080254,Lyon La Duchere,Nimes,Lyon La Duchere vs Nimes,National 1,2026-09-05 17:00,target__home_win,Home Win,25.0,21.3,3.7,4.7,0.7212,True,44.5,0.0,1.0,0.0,1.0,finished,LOST
sr:match:73080102,Saint-Pryve Saint-Hilaire FC,Colmar,Saint-Pryve Saint-Hilaire FC vs Colmar,National 1,2026-09-05 17:00,target__home_win,Home Win,54.7,51.0,3.7,1.96,0.7212,True,44.5,1.0,1.0,1.0,1.0,finished,LOST
sr:match:73588760,Moravia,Dimas Escazu,Moravia vs Dimas Escazu,"Primera Division, Women",2026-09-05 17:00,target__home_win,Home Win,25.0,18.5,6.5,5.4,0.7212,True,44.5,1.0,1.0,2.0,1.0,finished,WON
sr:match:68098094,Deportes Magallanes,Union San Felipe,Deportes Magallanes vs Union San Felipe,Primera B,2026-09-05 17:30,target__home_win,Home Win,67.3,56.2,11.2,1.78,0.7212,True,44.5,0.0,0.0,0.0,0.0,finished,LOST
sr:match:73409238,Neftchi Baku PFC,Safa,Neftchi Baku PFC vs Safa,Premier League,2026-09-05 17:30,target__home_win,Home Win,89.5,80.6,8.8,1.24,0.7212,True,44.5,1.0,0.0,4.0,1.0,finished,WON
sr:match:72559040,CD Coria,Barakaldo CF,CD Coria vs Barakaldo CF,Primera Federacion,2026-09-05 17:45,target__home_win,Home Win,34.4,28.6,5.8,3.5,0.7212,True,44.5,2.0,1.0,4.0,1.0,finished,WON
sr:match:73092894,Carrarese Calcio,Empoli,Carrarese Calcio vs Empoli,Serie B,2026-09-05 18:30,target__home_win,Home Win,47.3,41.7,5.6,2.4,0.7212,True,44.5,0.0,0.0,0.0,1.0,finished,LOST
sr:match:72037324,Saint-Etienne,Montpellier,Saint-Etienne vs Montpellier,Ligue 2,2026-09-05 19:00,target__home_win,Home Win,67.3,64.1,3.2,1.56,0.7212,True,44.5,1.0,1.0,3.0,1.0,finished,WON
sr:match:72936022,AEK Athens,Aris Thessaloniki,AEK Athens vs Aris Thessaloniki,Super League,2026-09-05 19:00,target__home_win,Home Win,78.5,71.4,7.1,1.4,0.7212,True,44.5,1.0,0.0,5.0,0.0,finished,WON
sr:match:67018156,Stabaek IF,Moss FK,Stabaek IF vs Moss FK,1st Division,2026-09-05 19:00,target__home_win,Home Win,78.5,72.5,6.1,1.38,0.7212,True,44.5,2.0,2.0,2.0,3.0,finished,LOST
sr:match:73842984,CD Universidad Cesar Vallejo,Club Ada Jaen,CD Universidad Cesar Vallejo vs Club Ada Jaen,Liga 2,2026-09-05 19:00,target__home_win,Home Win,67.3,54.9,12.4,1.82,0.7212,True,44.5,0.0,0.0,0.0,1.0,finished,LOST
sr:match:73273732,Figueirense FC SC,Barra FC SC,Figueirense FC SC vs Barra FC SC,Copa Santa Catarina,2026-09-05 19:00,target__home_win,Home Win,78.5,72.5,6.1,1.38,0.7212,True,44.5,0.0,1.0,1.0,1.0,finished,LOST
sr:match:72278464,Olimpija Ljubljana,NK Brinje Grosuplje,Olimpija Ljubljana vs NK Brinje Grosuplje,PrvaLiga,2026-09-05 19:15,target__home_win,Home Win,67.3,58.8,8.5,1.7,0.7212,True,44.5,1.0,0.0,3.0,0.0,finished,WON
sr:match:68823228,Gremio Novorizontino SP,Avai FC SC,Gremio Novorizontino SP vs Avai FC SC,Brasileiro Serie B,2026-09-05 20:00,target__home_win,Home Win,78.5,67.1,11.4,1.49,0.7212,True,44.5,3.0,1.0,3.0,1.0,finished,WON
sr:match:71913056,HNK Rijeka,NK Osijek,HNK Rijeka vs NK Osijek,HNL,2026-09-05 20:00,target__home_win,Home Win,67.3,54.9,12.4,1.82,0.7212,True,44.5,3.0,1.0,4.0,1.0,finished,WON
sr:match:73294614,FC Giugliano 1928,ASD Sorrento 1945,FC Giugliano 1928 vs ASD Sorrento 1945,"Serie C, Group C",2026-09-05 20:00,target__home_win,Home Win,47.3,43.5,3.8,2.3,0.7212,True,44.5,0.0,2.0,0.0,2.0,finished,LOST
sr:match:73265264,Gimnasia y Esgrima Mendoza,Boca Juniors,Gimnasia y Esgrima Mendoza vs Boca Juniors,Primera LPF,2026-09-05 20:30,target__home_win,Home Win,34.4,31.2,3.1,3.2,0.7212,True,44.5,1.0,2.0,2.0,2.0,finished,LOST
sr:match:74244342,AA Internacional Limeira SP,Ferroviaria SP,AA Internacional Limeira SP vs Ferroviaria SP,Brasileiro Serie C,2026-09-05 21:00,target__home_win,Home Win,47.3,43.5,3.8,2.3,0.7212,True,44.5,1.0,1.0,3.0,3.0,finished,LOST
sr:match:74136192,ASO Chlef,CR Belouizdad,ASO Chlef vs CR Belouizdad,Ligue 1,2026-09-05 21:00,target__home_win,Home Win,28.1,22.7,5.4,4.4,0.7212,True,44.5,2.0,3.0,3.0,3.0,finished,LOST
sr:match:72335080,Boyaca Chico FC,CD Once Caldas,Boyaca Chico FC vs CD Once Caldas,Liga DIMAYOR,2026-09-05 22:00,target__home_win,Home Win,33.3,26.3,7.0,3.8,0.7212,True,44.5,2.0,0.0,,,other,UNSETTLED
sr:match:73075244,CD Fuerte San Francisco Morazan,CD FAS Santa Ana,CD Fuerte San Francisco Morazan vs CD FAS Santa Ana,Primera Division,2026-09-05 22:00,target__home_win,Home Win,28.1,21.3,6.8,4.7,0.7212,True,44.5,0.0,0.0,,,other,UNSETTLED
sr:match:73038540,Sportivo San Lorenzo,CS 2 de Mayo,Sportivo San Lorenzo vs CS 2 de Mayo,Division de Honor,2026-09-05 22:30,target__home_win,Home Win,32.1,27.8,4.3,3.6,0.7212,True,44.5,1.0,1.0,,,other,UNSETTLED
sr:match:72636190,Union Magdalena,Barranquilla FC,Union Magdalena vs Barranquilla FC,Torneo DIMAYOR,2026-09-05 23:00,target__home_win,Home Win,78.5,69.0,9.6,1.45,0.7212,True,44.5,0.0,0.0,,,other,UNSETTLED
sr:match:68687890,CSD Independiente del Valle,CSD Macara,CSD Independiente del Valle vs CSD Macara,LigaPro Primera A,2026-09-06 00:00,target__home_win,Home Win,78.5,66.2,12.3,1.51,0.7212,True,44.5,3.0,0.0,3.0,1.0,finished,WON
sr:match:72053604,CS Herediano,Perez Zeledon,CS Herediano vs Perez Zeledon,Primera Division,2026-09-06 00:00,target__home_win,Home Win,78.5,66.2,12.3,1.51,0.7212,True,44.5,1.0,1.0,2.0,3.0,finished,LOST
sr:match:66299468,Inter Miami CF,Atlanta United FC,Inter Miami CF vs Atlanta United FC,MLS,2026-09-06 00:30,target__home_win,Home Win,78.5,75.2,3.3,1.33,0.7212,True,44.5,2.0,1.0,2.0,2.0,finished,LOST
sr:match:73265258,Velez Sarsfield,Estudiantes de La Plata,Velez Sarsfield vs Estudiantes de La Plata,Primera LPF,2026-09-06 01:15,target__home_win,Home Win,47.3,42.6,4.7,2.35,0.7212,True,44.5,1.0,0.0,1.0,0.0,finished,WON
sr:match:74219280,South Hobart FC,Devonport City SC,South Hobart FC vs Devonport City SC,Tasmania NPL,2026-09-05 04:00,target__ht_away_win,HT Away Win,33.7,28.6,5.2,3.5,0.6617,True,26.6,1.0,1.0,5.0,1.0,finished,LOST
sr:match:72116138,Verspah Oita,Iwate Grulla Morioka,Verspah Oita vs Iwate Grulla Morioka,Japan Football League,2026-09-05 07:00,target__ht_away_win,HT Away Win,33.7,25.6,8.1,3.9,0.6617,True,26.6,0.0,1.0,3.0,1.0,finished,WON
sr:match:72116142,Yokogawa Musashino FC,YSCC Yokohama,Yokogawa Musashino FC vs YSCC Yokohama,Japan Football League,2026-09-05 07:00,target__ht_away_win,HT Away Win,33.7,26.7,7.1,3.75,0.6617,True,26.6,1.0,1.0,2.0,3.0,finished,LOST
sr:match:74250322,Joondalup City,Armadale SC,Joondalup City vs Armadale SC,Western Australia NPL,2026-09-05 08:00,target__ht_away_win,HT Away Win,54.0,50.0,4.0,2.0,0.6617,True,26.6,0.0,1.0,1.0,2.0,finished,WON
sr:match:73086582,CS Concordia Chiajna,CS Afumati,CS Concordia Chiajna vs CS Afumati,Liga 2,2026-09-05 09:00,target__ht_away_win,HT Away Win,21.7,18.5,3.1,5.4,0.6617,True,26.6,0.0,1.0,1.0,2.0,finished,WON
sr:match:74220558,Northern Tigers,St George Saints FC,Northern Tigers vs St George Saints FC,NSW NPL 1,2026-09-05 09:30,target__ht_away_win,HT Away Win,33.7,30.3,3.4,3.3,0.6617,True,26.6,0.0,0.0,0.0,0.0,finished,LOST
sr:match:72151934,Thespa Gunma,Fukushima United FC,Thespa Gunma vs Fukushima United FC,J3 League,2026-09-05 11:00,target__ht_away_win,HT Away Win,33.7,30.3,3.4,3.3,0.6617,True,26.6,1.0,2.0,1.0,3.0,finished,WON
sr:match:73068006,Real Madrid Castilla,Juventud Torremolinos CF,Real Madrid Castilla vs Juventud Torremolinos CF,Primera Federacion,2026-09-05 11:00,target__ht_away_win,HT Away Win,21.7,18.5,3.1,5.4,0.6617,True,26.6,1.0,0.0,2.0,0.0,finished,LOST
sr:match:72516604,LKS Goczalkowice-Zdroj,MKS Kluczbork,LKS Goczalkowice-Zdroj vs MKS Kluczbork,"III Liga, Group 3",2026-09-05 11:00,target__ht_away_win,HT Away Win,33.7,30.3,3.4,3.3,0.6617,True,26.6,2.0,0.0,3.0,0.0,finished,LOST
sr:match:72513836,1 FC Kaiserslautern,Darmstadt,1 FC Kaiserslautern vs Darmstadt,2. Bundesliga,2026-09-05 12:00,target__ht_away_win,HT Away Win,42.4,28.6,13.9,3.5,0.6617,True,26.6,1.0,0.0,3.0,0.0,finished,LOST
sr:match:67126328,IFK Varnamo,Varbergs BoIS,IFK Varnamo vs Varbergs BoIS,Superettan,2026-09-05 12:00,target__ht_away_win,HT Away Win,42.4,30.3,12.1,3.3,0.6617,True,26.6,0.0,0.0,1.0,1.0,finished,LOST
sr:match:68311796,BK Olympic,Angelholms FF,BK Olympic vs Angelholms FF,Ettan,2026-09-05 12:00,target__ht_away_win,HT Away Win,33.7,29.4,4.3,3.4,0.6617,True,26.6,1.0,0.0,5.0,0.0,finished,LOST
sr:match:72515934,Grom Nowy Staw,Polonia Sroda Wielkopolska,Grom Nowy Staw vs Polonia Sroda Wielkopolska,"III Liga, Group 2",2026-09-05 12:00,target__ht_away_win,HT Away Win,54.0,48.8,5.2,2.05,0.6617,True,26.6,2.0,2.0,4.0,4.0,finished,LOST
sr:match:72679300,FC Irtysh Omsk,Dinamo Stavropol,FC Irtysh Omsk vs Dinamo Stavropol,"2. Liga, Division A",2026-09-05 12:00,target__ht_away_win,HT Away Win,54.0,43.5,10.5,2.3,0.6617,True,26.6,0.0,0.0,0.0,1.0,finished,LOST
sr:match:72221248,Newcastle,Bournemouth,Newcastle vs Bournemouth,Premier League,2026-09-05 12:30,target__ht_away_win,HT Away Win,54.0,27.8,26.2,3.6,0.6617,True,26.6,1.0,2.0,2.0,2.0,finished,WON
sr:match:72339772,Lincoln City,Southampton,Lincoln City vs Southampton,Championship,2026-09-05 12:30,target__ht_away_win,HT Away Win,54.0,42.6,11.4,2.35,0.6617,True,26.6,0.0,1.0,1.0,1.0,finished,WON
sr:match:72341134,Peterborough United,Sheffield Wednesday,Peterborough United vs Sheffield Wednesday,League One,2026-09-05 12:30,target__ht_away_win,HT Away Win,42.4,37.7,4.7,2.65,0.6617,True,26.6,0.0,1.0,1.0,2.0,finished,WON
sr:match:72738126,Aldershot Town FC,FC Halifax Town,Aldershot Town FC vs FC Halifax Town,National League,2026-09-05 12:30,target__ht_away_win,HT Away Win,33.7,28.6,5.2,3.5,0.6617,True,26.6,0.0,0.0,1.0,0.0,finished,LOST
sr:match:72387980,FC Botosani,ACS Sepsi OSK Sfantu Gheorghe,FC Botosani vs ACS Sepsi OSK Sfantu Gheorghe,Superliga,2026-09-05 13:00,target__ht_away_win,HT Away Win,33.7,26.3,7.4,3.8,0.6617,True,26.6,4.0,0.0,5.0,0.0,finished,LOST
sr:match:72044318,AB Gladsaxe,Aalborg BK,AB Gladsaxe vs Aalborg BK,1. Division,2026-09-05 13:00,target__ht_away_win,HT Away Win,33.7,29.4,4.3,3.4,0.6617,True,26.6,0.0,1.0,0.0,2.0,finished,WON
sr:match:72044316,FC Fredericia,Esbjerg FB,FC Fredericia vs Esbjerg FB,1. Division,2026-09-05 13:00,target__ht_away_win,HT Away Win,22.6,19.0,3.6,5.25,0.6617,True,26.6,0.0,0.0,1.0,0.0,finished,LOST
sr:match:72942464,Rasisalai United,Port FC,Rasisalai United vs Port FC,Thai League 1,2026-09-05 13:00,target__ht_away_win,HT Away Win,54.0,48.8,5.2,2.05,0.6617,True,26.6,1.0,1.0,1.0,2.0,finished,LOST
sr:match:68320954,IK Franke,FC Gute,IK Franke vs FC Gute,Division 2,2026-09-05 13:30,target__ht_away_win,HT Away Win,42.4,33.3,9.1,3.0,0.6617,True,26.6,0.0,0.0,1.0,0.0,finished,LOST
sr:match:70381666,Big Bullets,Silver Strikers,Big Bullets vs Silver Strikers,Super League,2026-09-05 13:30,target__ht_away_win,HT Away Win,33.7,30.0,3.7,3.33,0.6617,True,26.6,3.0,0.0,5.0,0.0,finished,LOST
sr:match:72523894,FC Versailles 78,AS Cannes,FC Versailles 78 vs AS Cannes,Ligue 3,2026-09-05 13:45,target__ht_away_win,HT Away Win,33.7,28.6,5.2,3.5,0.6617,True,26.6,0.0,1.0,0.0,3.0,finished,WON
sr:match:67126742,GAIS,BK Hacken,GAIS vs BK Hacken,Allsvenskan,2026-09-05 14:00,target__ht_away_win,HT Away Win,33.7,30.0,3.7,3.33,0.6617,True,26.6,0.0,0.0,0.0,0.0,finished,LOST
sr:match:72939006,SC Vianense,FC Pacos Ferreira,SC Vianense vs FC Pacos Ferreira,Liga Portugal 3,2026-09-05 14:00,target__ht_away_win,HT Away Win,33.7,30.0,3.7,3.33,0.6617,True,26.6,1.0,0.0,2.0,2.0,finished,LOST
sr:match:72513168,Hoffenheim,Borussia Dortmund,Hoffenheim vs Borussia Dortmund,Bundesliga,2026-09-05 14:30,target__ht_away_win,HT Away Win,42.4,36.4,6.1,2.75,0.6617,True,26.6,1.0,0.0,2.0,3.0,finished,LOST
sr:match:72513182,Paderborn,Freiburg,Paderborn vs Freiburg,Bundesliga,2026-09-05 14:30,target__ht_away_win,HT Away Win,54.0,39.2,14.8,2.55,0.6617,True,26.6,0.0,1.0,0.0,1.0,finished,WON
sr:match:73204156,KS Sleza Wroclaw,Rakow II Czestochowa,KS Sleza Wroclaw vs Rakow II Czestochowa,"III Liga, Group 3",2026-09-05 14:30,target__ht_away_win,HT Away Win,33.7,28.6,5.2,3.5,0.6617,True,26.6,0.0,1.0,1.0,2.0,finished,WON
sr:match:72221240,Fulham,Crystal Palace,Fulham vs Crystal Palace,Premier League,2026-09-05 15:00,target__ht_away_win,HT Away Win,33.7,27.0,6.7,3.7,0.6617,True,26.6,2.0,1.0,2.0,3.0,finished,LOST
sr:match:72339776,Portsmouth FC,Cardiff City,Portsmouth FC vs Cardiff City,Championship,2026-09-05 15:00,target__ht_away_win,HT Away Win,42.4,28.6,13.9,3.5,0.6617,True,26.6,1.0,0.0,2.0,0.0,finished,LOST
sr:match:72339782,Sheffield United,Norwich,Sheffield United vs Norwich,Championship,2026-09-05 15:00,target__ht_away_win,HT Away Win,55.2,30.3,24.9,3.3,0.6617,True,26.6,1.0,2.0,1.0,3.0,finished,WON
sr:match:72202636,Partick Thistle FC,Ayr United FC,Partick Thistle FC vs Ayr United FC,Championship,2026-09-05 15:00,target__ht_away_win,HT Away Win,21.7,17.9,3.8,5.6,0.6617,True,26.6,1.0,0.0,1.0,0.0,finished,LOST
sr:match:72341126,Doncaster Rovers,Plymouth Argyle,Doncaster Rovers vs Plymouth Argyle,League One,2026-09-05 15:00,target__ht_away_win,HT Away Win,33.7,30.0,3.7,3.33,0.6617,True,26.6,0.0,1.0,2.0,3.0,finished,WON
sr:match:72341140,Wycombe Wanderers,Milton Keynes Dons,Wycombe Wanderers vs Milton Keynes Dons,League One,2026-09-05 15:00,target__ht_away_win,HT Away Win,33.7,27.8,6.0,3.6,0.6617,True,26.6,2.0,0.0,3.0,3.0,finished,LOST
sr:match:67018146,FK Haugesund,Sogndal Fotball,FK Haugesund vs Sogndal Fotball,1st Division,2026-09-05 15:00,target__ht_away_win,HT Away Win,21.7,16.0,5.7,6.25,0.6617,True,26.6,1.0,0.0,2.0,0.0,finished,LOST
sr:match:67018152,Odds BK,Stroemsgodset IF,Odds BK vs Stroemsgodset IF,1st Division,2026-09-05 15:00,target__ht_away_win,HT Away Win,55.2,42.6,12.6,2.35,0.6617,True,26.6,0.0,1.0,1.0,1.0,finished,WON
sr:match:72738140,Scunthorpe United,Harrogate Town,Scunthorpe United vs Harrogate Town,National League,2026-09-05 15:00,target__ht_away_win,HT Away Win,33.7,29.4,4.3,3.4,0.6617,True,26.6,0.0,1.0,0.0,2.0,finished,WON
sr:match:72738144,Wealdstone FC,Kidderminster Harriers FC,Wealdstone FC vs Kidderminster Harriers FC,National League,2026-09-05 15:00,target__ht_away_win,HT Away Win,42.4,30.0,12.4,3.33,0.6617,True,26.6,1.0,1.0,1.0,4.0,finished,LOST
sr:match:72758074,AFC Totton,Hampton & Richmond Borough,AFC Totton vs Hampton & Richmond Borough,National League South,2026-09-05 15:00,target__ht_away_win,HT Away Win,33.7,27.8,6.0,3.6,0.6617,True,26.6,3.0,0.0,4.0,1.0,finished,LOST
sr:match:72758090,Slough Town,Braintree Town FC,Slough Town vs Braintree Town FC,National League South,2026-09-05 15:00,target__ht_away_win,HT Away Win,33.7,30.3,3.4,3.3,0.6617,True,26.6,1.0,1.0,1.0,2.0,finished,LOST
sr:match:72346278,Bangor FC,Ballymena United,Bangor FC vs Ballymena United,Premiership,2026-09-05 15:00,target__ht_away_win,HT Away Win,55.2,43.5,11.7,2.3,0.6617,True,26.6,0.0,2.0,2.0,2.0,finished,WON
sr:match:72578278,FK Sochi,FC Pari Nizhny Novgorod,FK Sochi vs FC Pari Nizhny Novgorod,1. Liga,2026-09-05 15:00,target__ht_away_win,HT Away Win,33.7,30.0,3.7,3.33,0.6617,True,26.6,0.0,0.0,0.0,1.0,finished,LOST
sr:match:72041106,NEC Nijmegen,Feyenoord,NEC Nijmegen vs Feyenoord,Eredivisie,2026-09-05 15:30,target__ht_away_win,HT Away Win,60.0,37.0,23.0,2.7,0.6617,True,26.6,0.0,0.0,1.0,3.0,finished,LOST
sr:match:72530894,Estrela Amadora,FC Famalicao,Estrela Amadora vs FC Famalicao,Liga Portugal,2026-09-05 15:30,target__ht_away_win,HT Away Win,42.4,31.2,11.2,3.2,0.6617,True,26.6,0.0,1.0,2.0,2.0,finished,WON
sr:match:72409662,Karpaty Lviv,Shakhtar D,Karpaty Lviv vs Shakhtar D,Premier League,2026-09-05 16:00,target__ht_away_win,HT Away Win,54.0,44.4,9.5,2.25,0.6617,True,26.6,1.0,1.0,1.0,2.0,finished,LOST
sr:match:67126324,Helsingborgs IF,Sandvikens IF,Helsingborgs IF vs Sandvikens IF,Superettan,2026-09-05 16:00,target__ht_away_win,HT Away Win,33.7,29.4,4.3,3.4,0.6617,True,26.6,0.0,1.0,0.0,2.0,finished,WON
sr:match:72510302,FC Inter Turku,HJK Helsinki,FC Inter Turku vs HJK Helsinki,Suomen Cup,2026-09-05 16:00,target__ht_away_win,HT Away Win,33.7,27.8,6.0,3.6,0.6617,True,26.6,1.0,0.0,1.0,0.0,finished,LOST
sr:match:72043128,Korona Kielce,Wisla Krakow,Korona Kielce vs Wisla Krakow,Ekstraklasa,2026-09-05 16:30,target__ht_away_win,HT Away Win,33.7,28.6,5.2,3.5,0.6617,True,26.6,1.0,0.0,1.0,1.0,finished,LOST
sr:match:72278460,Aluminij Kidricevo,Bravo Ljubljana,Aluminij Kidricevo vs Bravo Ljubljana,PrvaLiga,2026-09-05 16:30,target__ht_away_win,HT Away Win,33.7,30.0,3.7,3.33,0.6617,True,26.6,0.0,0.0,0.0,0.0,finished,LOST
sr:match:73159928,Al-Faisaly FC,Al-Hazm,Al-Faisaly FC vs Al-Hazm,Saudi Pro League,2026-09-05 16:50,target__ht_away_win,HT Away Win,54.0,30.0,23.9,3.33,0.6617,True,26.6,0.0,0.0,0.0,0.0,finished,LOST
sr:match:72176924,Young Boys Bern,FC Luzern,Young Boys Bern vs FC Luzern,Super League,2026-09-05 17:00,target__ht_away_win,HT Away Win,27.4,20.0,7.4,5.0,0.6617,True,26.6,1.0,0.0,3.0,3.0,finished,LOST
sr:match:71998176,FK Spartak 1918 Varna,PFC CSKA Sofia,FK Spartak 1918 Varna vs PFC CSKA Sofia,Parva Liga,2026-09-05 17:00,target__ht_away_win,HT Away Win,54.7,48.8,5.9,2.05,0.6617,True,26.6,1.0,1.0,1.0,1.0,finished,LOST
sr:match:72042240,MFK Zemplin Michalovce,AS Trencin,MFK Zemplin Michalovce vs AS Trencin,Superliga,2026-09-05 17:00,target__ht_away_win,HT Away Win,42.4,27.8,14.6,3.6,0.6617,True,26.6,2.0,0.0,3.0,1.0,finished,LOST
sr:match:73675426,Al Hidd,Al-Ahli SC Manama,Al Hidd vs Al-Ahli SC Manama,Premier League,2026-09-05 17:00,target__ht_away_win,HT Away Win,33.7,29.4,4.3,3.4,0.6617,True,26.6,0.0,0.0,0.0,1.0,finished,LOST
sr:match:72221242,Hull City,Aston Villa,Hull City vs Aston Villa,Premier League,2026-09-05 17:30,target__ht_away_win,HT Away Win,55.2,40.0,15.2,2.5,0.6617,True,26.6,0.0,0.0,0.0,0.0,finished,LOST
sr:match:72478540,Rayo Vallecano,Racing Santander,Rayo Vallecano vs Racing Santander,LaLiga,2026-09-05 17:30,target__ht_away_win,HT Away Win,33.7,27.0,6.7,3.7,0.6617,True,26.6,2.0,2.0,3.0,2.0,finished,LOST
sr:match:72041108,FC Utrecht,Go Ahead Eagles,FC Utrecht vs Go Ahead Eagles,Eredivisie,2026-09-05 17:45,target__ht_away_win,HT Away Win,55.2,27.8,27.4,3.6,0.6617,True,26.6,0.0,1.0,,,other,UNSETTLED
sr:match:72559032,Unionistas de Salamanca CF,Real Union de Irun,Unionistas de Salamanca CF vs Real Union de Irun,Primera Federacion,2026-09-05 17:45,target__ht_away_win,HT Away Win,33.7,26.3,7.4,3.8,0.6617,True,26.6,1.0,1.0,2.0,4.0,finished,LOST
sr:match:72735728,Ankara Keciorengucu,Sariyer SK,Ankara Keciorengucu vs Sariyer SK,1. Lig,2026-09-05 18:00,target__ht_away_win,HT Away Win,33.7,27.8,6.0,3.6,0.6617,True,26.6,1.0,0.0,3.0,0.0,finished,LOST
sr:match:72225114,Maccabi Haifa FC,Hapoel Petah Tikva FC,Maccabi Haifa FC vs Hapoel Petah Tikva FC,Premier League,2026-09-05 18:30,target__ht_away_win,HT Away Win,21.7,18.5,3.1,5.4,0.6617,True,26.6,0.0,0.0,2.0,1.0,finished,LOST
sr:match:73588090,Al Hussein Irbid,AL Jazeera Club Amman,Al Hussein Irbid vs AL Jazeera Club Amman,Jordan League,2026-09-05 18:30,target__ht_away_win,HT Away Win,21.7,8.3,13.3,12.0,0.6617,True,26.6,0.0,3.0,0.0,5.0,finished,WON
sr:match:72041110,Ajax,PSV Eindhoven,Ajax vs PSV Eindhoven,Eredivisie,2026-09-05 19:00,target__ht_away_win,HT Away Win,71.4,37.0,34.4,2.7,0.6617,True,26.6,1.0,2.0,1.0,3.0,finished,WON
sr:match:72037324,Saint-Etienne,Montpellier,Saint-Etienne vs Montpellier,Ligue 2,2026-09-05 19:00,target__ht_away_win,HT Away Win,27.4,17.9,9.5,5.6,0.6617,True,26.6,1.0,1.0,3.0,1.0,finished,LOST
sr:match:67018156,Stabaek IF,Moss FK,Stabaek IF vs Moss FK,1st Division,2026-09-05 19:00,target__ht_away_win,HT Away Win,22.6,17.9,4.8,5.6,0.6617,True,26.6,2.0,2.0,2.0,3.0,finished,LOST
sr:match:74123918,Danubio FC,CA Penarol Montevideo,Danubio FC vs CA Penarol Montevideo,Primera Division,2026-09-05 19:00,target__ht_away_win,HT Away Win,54.0,41.7,12.3,2.4,0.6617,True,26.6,0.0,1.0,0.0,4.0,finished,WON
sr:match:72700196,RC Lens,Paris Saint-Germain W,RC Lens vs Paris Saint-Germain W,"Premiere Ligue, Women",2026-09-05 19:00,target__ht_away_win,HT Away Win,71.4,64.9,6.5,1.54,0.6617,True,26.6,0.0,1.0,0.0,2.0,finished,WON
sr:match:72513840,Dynamo Dresden,Bochum,Dynamo Dresden vs Bochum,2. Bundesliga,2026-09-05 19:30,target__ht_away_win,HT Away Win,33.7,27.8,6.0,3.6,0.6617,True,26.6,1.0,2.0,1.0,2.0,finished,WON
sr:match:72036148,Le Havre,Brest,Le Havre vs Brest,Ligue 1,2026-09-05 19:45,target__ht_away_win,HT Away Win,33.7,28.6,5.2,3.5,0.6617,True,26.6,0.0,1.0,1.0,2.0,finished,WON
sr:match:72041112,Willem II Tilburg,Excelsior Rotterdam,Willem II Tilburg vs Excelsior Rotterdam,Eredivisie,2026-09-05 20:00,target__ht_away_win,HT Away Win,54.0,35.1,18.9,2.85,0.6617,True,26.6,0.0,2.0,0.0,3.0,finished,WON
sr:match:73487136,Club Aurora,GV Club Deportivo San Jose de Oruro,Club Aurora vs GV Club Deportivo San Jose de Oruro,Division Profesional,2026-09-05 22:15,target__ht_away_win,HT Away Win,21.7,17.5,4.1,5.7,0.6617,True,26.6,3.0,0.0,,,other,UNSETTLED
sr:match:74151032,CA Independiente Siguatepeque,FC Motagua Tegucigalpa,CA Independiente Siguatepeque vs FC Motagua Tegucigalpa,Liga Nacional,2026-09-06 00:15,target__ht_away_win,HT Away Win,54.0,42.6,11.4,2.35,0.6617,True,26.6,0.0,0.0,0.0,0.0,finished,LOST
sr:match:66299462,Charlotte FC,Houston Dynamo,Charlotte FC vs Houston Dynamo,MLS,2026-09-06 00:30,target__ht_away_win,HT Away Win,54.0,28.6,25.4,3.5,0.6617,True,26.6,0.0,0.0,0.0,0.0,finished,LOST
sr:match:66299466,Columbus Crew,Colorado Rapids,Columbus Crew vs Colorado Rapids,MLS,2026-09-06 00:30,target__ht_away_win,HT Away Win,33.7,27.0,6.7,3.7,0.6617,True,26.6,1.0,0.0,3.0,0.0,finished,LOST
sr:match:66299470,Orlando City SC,San Diego FC,Orlando City SC vs San Diego FC,MLS,2026-09-06 00:30,target__ht_away_win,HT Away Win,33.7,30.0,3.7,3.33,0.6617,True,26.6,1.0,0.0,1.0,0.0,finished,LOST
sr:match:66299472,Philadelphia Union,CF Montreal,Philadelphia Union vs CF Montreal,MLS,2026-09-06 00:30,target__ht_away_win,HT Away Win,21.7,16.4,5.3,6.1,0.6617,True,26.6,0.0,0.0,2.0,0.0,finished,LOST
sr:match:67172234,Sarasota Paradise,Spokane Velocity FC,Sarasota Paradise vs Spokane Velocity FC,USL League One,2026-09-06 00:30,target__ht_away_win,HT Away Win,42.4,32.3,10.2,3.1,0.6617,True,26.6,1.0,0.0,1.0,1.0,finished,LOST
sr:match:74174756,Sturt Lions Reserve,North Eastern Metrostars SC Reserves,Sturt Lions Reserve vs North Eastern Metrostars SC Reserves,"South Australia NPL, Reserves",2026-09-05 08:00,target__ht_draw,HT Draw,41.5,37.7,3.8,2.65,0.5904,True,39.0,0.0,2.0,0.0,2.0,finished,UNKNOWN_TARGET
sr:match:74147768,Floreat Athena FC Reserves,Kingsley Westside FC,Floreat Athena FC Reserves vs Kingsley Westside FC,"Western Australia State League 1, Reserves",2026-09-05 08:00,target__ht_draw,HT Draw,47.6,43.5,4.1,2.3,0.5904,True,39.0,1.0,0.0,2.0,3.0,finished,UNKNOWN_TARGET
sr:match:73296434,Tai Po FC,Hong Kong Rangers,Tai Po FC vs Hong Kong Rangers,Premier League,2026-09-05 09:00,target__ht_draw,HT Draw,39.4,35.1,4.3,2.85,0.5904,True,39.0,1.0,1.0,3.0,2.0,finished,UNKNOWN_TARGET
sr:match:72414964,SK Slavia Prague C,FC Pisek,SK Slavia Prague C vs FC Pisek,CFL,2026-09-05 09:15,target__ht_draw,HT Draw,47.6,44.4,3.1,2.25,0.5904,True,39.0,1.0,1.0,1.0,1.0,finished,UNKNOWN_TARGET
sr:match:72575754,FC Pardubice,Sparta Prague,FC Pardubice vs Sparta Prague,U19 1. Liga,2026-09-05 09:15,target__ht_draw,HT Draw,47.6,39.2,8.4,2.55,0.5904,True,39.0,0.0,0.0,0.0,1.0,finished,UNKNOWN_TARGET
sr:match:72149710,Avispa Fukuoka,Mito Hollyhock,Avispa Fukuoka vs Mito Hollyhock,J1 League,2026-09-05 11:00,target__ht_draw,HT Draw,60.0,45.5,14.5,2.2,0.5904,True,39.0,0.0,0.0,1.0,1.0,finished,UNKNOWN_TARGET
sr:match:72409676,FC Kharkiv,FC Obolon Kyiv,FC Kharkiv vs FC Obolon Kyiv,Premier League,2026-09-05 11:00,target__ht_draw,HT Draw,47.6,43.5,4.1,2.3,0.5904,True,39.0,5.0,0.0,,,other,UNSETTLED
sr:match:72151122,Sagan Tosu,Tegevajaro Miyazaki,Sagan Tosu vs Tegevajaro Miyazaki,J2 League,2026-09-05 11:00,target__ht_draw,HT Draw,60.0,48.8,11.2,2.05,0.5904,True,39.0,0.0,0.0,2.0,0.0,finished,UNKNOWN_TARGET
sr:match:72151120,Tokushima Vortis,Iwaki FC,Tokushima Vortis vs Iwaki FC,J2 League,2026-09-05 11:00,target__ht_draw,HT Draw,60.0,50.0,10.0,2.0,0.5904,True,39.0,1.0,0.0,1.0,0.0,finished,UNKNOWN_TARGET
sr:match:72011068,Yongin FC,Suwon FC,Yongin FC vs Suwon FC,K-League 2,2026-09-05 11:00,target__ht_draw,HT Draw,47.6,43.5,4.1,2.3,0.5904,True,39.0,1.0,0.0,1.0,1.0,finished,UNKNOWN_TARGET
sr:match:72517206,Wisla II Krakow,Chelmianka Chelm,Wisla II Krakow vs Chelmianka Chelm,"III Liga, Group 4",2026-09-05 11:00,target__ht_draw,HT Draw,45.6,42.6,3.1,2.35,0.5904,True,39.0,0.0,1.0,0.0,2.0,finished,UNKNOWN_TARGET
sr:match:72334300,PFK Krylia Sovetov Samara,FK Krasnodar,PFK Krylia Sovetov Samara vs FK Krasnodar,Premier League,2026-09-05 12:00,target__ht_draw,HT Draw,47.6,41.7,5.9,2.4,0.5904,True,39.0,0.0,2.0,2.0,2.0,finished,UNKNOWN_TARGET
sr:match:72500704,Ishoej IF,Holbaek B&I,Ishoej IF vs Holbaek B&I,3rd Division,2026-09-05 12:00,target__ht_draw,HT Draw,47.6,40.0,7.6,2.5,0.5904,True,39.0,0.0,1.0,0.0,4.0,finished,UNKNOWN_TARGET
sr:match:69502014,Valmiera FC,FK Metta / Lu,Valmiera FC vs FK Metta / Lu,1.Liga,2026-09-05 12:00,target__ht_draw,HT Draw,47.6,38.5,9.1,2.6,0.5904,True,39.0,1.0,2.0,2.0,2.0,finished,UNKNOWN_TARGET
sr:match:68320956,Helges IF,Taby FK,Helges IF vs Taby FK,Division 2,2026-09-05 12:00,target__ht_draw,HT Draw,41.5,36.4,5.1,2.75,0.5904,True,39.0,0.0,0.0,1.0,1.0,finished,UNKNOWN_TARGET
sr:match:73549874,Cong an TP Ho Chi Minh,Hanoi FC,Cong an TP Ho Chi Minh vs Hanoi FC,V-League 1,2026-09-05 12:00,target__ht_draw,HT Draw,45.6,42.6,3.1,2.35,0.5904,True,39.0,1.0,0.0,3.0,1.0,finished,UNKNOWN_TARGET
sr:match:72339772,Lincoln City,Southampton,Lincoln City vs Southampton,Championship,2026-09-05 12:30,target__ht_draw,HT Draw,47.6,41.7,5.9,2.4,0.5904,True,39.0,0.0,1.0,1.0,1.0,finished,UNKNOWN_TARGET
sr:match:72339784,Stoke City,Charlton Athletic,Stoke City vs Charlton Athletic,Championship,2026-09-05 12:30,target__ht_draw,HT Draw,62.1,46.5,15.6,2.15,0.5904,True,39.0,4.0,0.0,4.0,0.0,finished,UNKNOWN_TARGET
sr:match:72341134,Peterborough United,Sheffield Wednesday,Peterborough United vs Sheffield Wednesday,League One,2026-09-05 12:30,target__ht_draw,HT Draw,47.6,40.8,6.8,2.45,0.5904,True,39.0,0.0,1.0,1.0,2.0,finished,UNKNOWN_TARGET
sr:match:72942462,Bangkok United FC,Sisaket United FC,Bangkok United FC vs Sisaket United FC,Thai League 1,2026-09-05 12:30,target__ht_draw,HT Draw,47.6,40.8,6.8,2.45,0.5904,True,39.0,3.0,1.0,3.0,1.0,finished,UNKNOWN_TARGET
sr:match:72477376,Real Sociedad San Sebastian B,Tenerife CD,Real Sociedad San Sebastian B vs Tenerife CD,LALIGA HYPERMOTION,2026-09-05 13:00,target__ht_draw,HT Draw,60.0,48.8,11.2,2.05,0.5904,True,39.0,0.0,0.0,1.0,1.0,finished,UNKNOWN_TARGET
sr:match:72037322,Reims,EA Guingamp,Reims vs EA Guingamp,Ligue 2,2026-09-05 13:00,target__ht_draw,HT Draw,47.6,43.5,4.1,2.3,0.5904,True,39.0,0.0,1.0,2.0,2.0,finished,UNKNOWN_TARGET
sr:match:68344814,Rappe GOIF,Solvesborgs GoIF,Rappe GOIF vs Solvesborgs GoIF,Division 2,2026-09-05 13:00,target__ht_draw,HT Draw,47.6,41.7,5.9,2.4,0.5904,True,39.0,1.0,0.0,2.0,3.0,finished,UNKNOWN_TARGET
sr:match:68344816,Torns IF,Vaxjo Norra,Torns IF vs Vaxjo Norra,Division 2,2026-09-05 13:00,target__ht_draw,HT Draw,47.6,40.8,6.8,2.45,0.5904,True,39.0,0.0,3.0,1.0,3.0,finished,UNKNOWN_TARGET
sr:match:72807960,1. FC Bocholt,Sportfreunde Siegen 1899,1. FC Bocholt vs Sportfreunde Siegen 1899,Regionalliga West,2026-09-05 13:00,target__ht_draw,HT Draw,47.6,41.7,5.9,2.4,0.5904,True,39.0,0.0,2.0,1.0,3.0,finished,UNKNOWN_TARGET
sr:match:72807966,Borussia Monchengladbach II,Borussia Dortmund II,Borussia Monchengladbach II vs Borussia Dortmund II,Regionalliga West,2026-09-05 13:00,target__ht_draw,HT Draw,47.6,41.7,5.9,2.4,0.5904,True,39.0,0.0,0.0,0.0,0.0,finished,UNKNOWN_TARGET
sr:match:72594496,HHC Hardenberg,De Treffers Groesbeek,HHC Hardenberg vs De Treffers Groesbeek,Tweede Divisie,2026-09-05 13:30,target__ht_draw,HT Draw,47.6,40.8,6.8,2.45,0.5904,True,39.0,0.0,1.0,2.0,2.0,finished,UNKNOWN_TARGET
sr:match:70381666,Big Bullets,Silver Strikers,Big Bullets vs Silver Strikers,Super League,2026-09-05 13:30,target__ht_draw,HT Draw,60.0,55.2,4.8,1.81,0.5904,True,39.0,3.0,0.0,5.0,0.0,finished,UNKNOWN_TARGET
sr:match:73092908,FC Sudtirol Bolzano,US Catanzaro,FC Sudtirol Bolzano vs US Catanzaro,Serie B,2026-09-05 14:00,target__ht_draw,HT Draw,59.3,48.8,10.6,2.05,0.5904,True,39.0,0.0,0.0,2.0,0.0,finished,UNKNOWN_TARGET
sr:match:72607960,1. FC Slovacko Uherske Hradiste,FK Pardubice,1. FC Slovacko Uherske Hradiste vs FK Pardubice,1. Liga,2026-09-05 14:00,target__ht_draw,HT Draw,60.0,47.6,12.4,2.1,0.5904,True,39.0,0.0,0.0,0.0,0.0,finished,UNKNOWN_TARGET
sr:match:72607956,SK Sigma Olomouc,Bohemians Prague 1905,SK Sigma Olomouc vs Bohemians Prague 1905,1. Liga,2026-09-05 14:00,target__ht_draw,HT Draw,45.6,42.6,3.1,2.35,0.5904,True,39.0,2.0,0.0,3.0,0.0,finished,UNKNOWN_TARGET
sr:match:72594502,VV Katwijk,Jong Almere City FC,VV Katwijk vs Jong Almere City FC,Tweede Divisie,2026-09-05 14:00,target__ht_draw,HT Draw,45.6,40.0,5.6,2.5,0.5904,True,39.0,2.0,2.0,3.0,2.0,finished,UNKNOWN_TARGET
sr:match:67919852,Nardo FK,Spjelkavik IL,Nardo FK vs Spjelkavik IL,"3. Division, Group 2",2026-09-05 14:00,target__ht_draw,HT Draw,41.5,37.7,3.8,2.65,0.5904,True,39.0,2.0,1.0,4.0,2.0,finished,UNKNOWN_TARGET
sr:match:72513182,Paderborn,Freiburg,Paderborn vs Freiburg,Bundesliga,2026-09-05 14:30,target__ht_draw,HT Draw,47.6,40.8,6.8,2.45,0.5904,True,39.0,0.0,1.0,0.0,1.0,finished,UNKNOWN_TARGET
sr:match:72334312,FK Zenit Saint Petersburg,CSKA Moscow,FK Zenit Saint Petersburg vs CSKA Moscow,Premier League,2026-09-05 14:30,target__ht_draw,HT Draw,47.6,42.6,5.0,2.35,0.5904,True,39.0,0.0,1.0,1.0,2.0,finished,UNKNOWN_TARGET
sr:match:72221234,Brentford,Sunderland AFC,Brentford vs Sunderland AFC,Premier League,2026-09-05 15:00,target__ht_draw,HT Draw,45.6,41.7,4.0,2.4,0.5904,True,39.0,0.0,0.0,1.0,1.0,finished,UNKNOWN_TARGET
sr:match:72339770,Burnley,Bristol City,Burnley vs Bristol City,Championship,2026-09-05 15:00,target__ht_draw,HT Draw,47.6,43.5,4.1,2.3,0.5904,True,39.0,0.0,0.0,1.0,2.0,finished,UNKNOWN_TARGET
sr:match:72339788,West Bromwich Albion,Watford,West Bromwich Albion vs Watford,Championship,2026-09-05 15:00,target__ht_draw,HT Draw,47.6,44.4,3.1,2.25,0.5904,True,39.0,1.0,0.0,1.0,0.0,finished,UNKNOWN_TARGET
sr:match:72201622,Aberdeen,Kilmarnock FC,Aberdeen vs Kilmarnock FC,Premiership,2026-09-05 15:00,target__ht_draw,HT Draw,45.6,40.8,4.8,2.45,0.5904,True,39.0,0.0,0.0,0.0,0.0,finished,UNKNOWN_TARGET
sr:match:72202630,Arbroath FC,Dunfermline Athletic FC,Arbroath FC vs Dunfermline Athletic FC,Championship,2026-09-05 15:00,target__ht_draw,HT Draw,60.0,48.8,11.2,2.05,0.5904,True,39.0,0.0,0.0,1.0,1.0,finished,UNKNOWN_TARGET
sr:match:72202636,Partick Thistle FC,Ayr United FC,Partick Thistle FC vs Ayr United FC,Championship,2026-09-05 15:00,target__ht_draw,HT Draw,47.6,42.6,5.0,2.35,0.5904,True,39.0,1.0,0.0,1.0,0.0,finished,UNKNOWN_TARGET
sr:match:72204254,Clyde FC,Edinburgh City FC,Clyde FC vs Edinburgh City FC,League 2,2026-09-05 15:00,target__ht_draw,HT Draw,47.6,42.6,5.0,2.35,0.5904,True,39.0,0.0,1.0,3.0,2.0,finished,UNKNOWN_TARGET
sr:match:72341120,Bradford City FC,Mansfield Town,Bradford City FC vs Mansfield Town,League One,2026-09-05 15:00,target__ht_draw,HT Draw,47.6,44.4,3.1,2.25,0.5904,True,39.0,1.0,0.0,1.0,0.0,finished,UNKNOWN_TARGET
sr:match:72341130,Leicester,Oxford United,Leicester vs Oxford United,League One,2026-09-05 15:00,target__ht_draw,HT Draw,47.6,41.7,5.9,2.4,0.5904,True,39.0,0.0,1.0,0.0,4.0,finished,UNKNOWN_TARGET
sr:match:72341918,Cheltenham Town,Grimsby Town,Cheltenham Town vs Grimsby Town,League Two,2026-09-05 15:00,target__ht_draw,HT Draw,47.6,43.5,4.1,2.3,0.5904,True,39.0,2.0,0.0,2.0,2.0,finished,UNKNOWN_TARGET
sr:match:72738130,AFC Fylde,Worthing FC,AFC Fylde vs Worthing FC,National League,2026-09-05 15:00,target__ht_draw,HT Draw,45.6,40.0,5.6,2.5,0.5904,True,39.0,0.0,1.0,2.0,2.0,finished,UNKNOWN_TARGET
sr:match:72738134,Gateshead FC,Solihull Moors FC,Gateshead FC vs Solihull Moors FC,National League,2026-09-05 15:00,target__ht_draw,HT Draw,47.6,42.6,5.0,2.35,0.5904,True,39.0,0.0,0.0,1.0,1.0,finished,UNKNOWN_TARGET
sr:match:68311088,FC Jarfalla,FBK Karlstad,FC Jarfalla vs FBK Karlstad,Ettan,2026-09-05 15:00,target__ht_draw,HT Draw,47.6,41.7,5.9,2.4,0.5904,True,39.0,0.0,2.0,0.0,3.0,finished,UNKNOWN_TARGET
sr:match:72758094,Truro City,Chesham United,Truro City vs Chesham United,National League South,2026-09-05 15:00,target__ht_draw,HT Draw,47.6,44.4,3.1,2.25,0.5904,True,39.0,1.0,1.0,3.0,1.0,finished,UNKNOWN_TARGET
sr:match:69502018,FK Rfs II,Jfk Ventspils,FK Rfs II vs Jfk Ventspils,1.Liga,2026-09-05 15:00,target__ht_draw,HT Draw,47.6,41.7,5.9,2.4,0.5904,True,39.0,1.0,1.0,4.0,1.0,finished,UNKNOWN_TARGET
sr:match:72578284,FC Shinnik Yaroslavl,SK Rotor Volgograd,FC Shinnik Yaroslavl vs SK Rotor Volgograd,1. Liga,2026-09-05 15:00,target__ht_draw,HT Draw,60.0,52.9,7.1,1.89,0.5904,True,39.0,1.0,1.0,2.0,2.0,finished,UNKNOWN_TARGET
sr:match:72305164,FK Humenne,FC Petrzalka,FK Humenne vs FC Petrzalka,2. Liga,2026-09-05 15:00,target__ht_draw,HT Draw,47.6,42.6,5.0,2.35,0.5904,True,39.0,0.0,0.0,0.0,1.0,finished,UNKNOWN_TARGET
sr:match:68320958,IFK Lidingo FK,Skiljebo SK,IFK Lidingo FK vs Skiljebo SK,Division 2,2026-09-05 15:00,target__ht_draw,HT Draw,45.6,40.8,4.8,2.45,0.5904,True,39.0,1.0,1.0,1.0,2.0,finished,UNKNOWN_TARGET
sr:match:72387972,FC Uta Arad,AFK Csikszereda Miercurea Ciuc,FC Uta Arad vs AFK Csikszereda Miercurea Ciuc,Superliga,2026-09-05 15:30,target__ht_draw,HT Draw,45.6,42.6,3.1,2.35,0.5904,True,39.0,1.0,0.0,5.0,1.0,finished,UNKNOWN_TARGET
sr:match:67126324,Helsingborgs IF,Sandvikens IF,Helsingborgs IF vs Sandvikens IF,Superettan,2026-09-05 16:00,target__ht_draw,HT Draw,45.6,41.7,4.0,2.4,0.5904,True,39.0,0.0,1.0,0.0,2.0,finished,UNKNOWN_TARGET
sr:match:67126754,Vasteraas SK,IK Sirius,Vasteraas SK vs IK Sirius,Allsvenskan,2026-09-05 16:30,target__ht_draw,HT Draw,47.6,40.8,6.8,2.45,0.5904,True,39.0,0.0,0.0,0.0,1.0,finished,UNKNOWN_TARGET
sr:match:74191418,A Sakiet Edayer,Club S Hammam-Lif,A Sakiet Edayer vs Club S Hammam-Lif,Ligue 1,2026-09-05 16:30,target__ht_draw,HT Draw,60.0,53.5,6.5,1.87,0.5904,True,39.0,0.0,0.0,1.0,0.0,finished,UNKNOWN_TARGET
sr:match:73258798,Sekhukhune United,TS Galaxy FC,Sekhukhune United vs TS Galaxy FC,Premiership,2026-09-05 16:30,target__ht_draw,HT Draw,60.0,51.0,9.0,1.96,0.5904,True,39.0,0.0,0.0,0.0,0.0,finished,UNKNOWN_TARGET
sr:match:73159930,Al-Taawoun FC,Al-Fateh SC,Al-Taawoun FC vs Al-Fateh SC,Saudi Pro League,2026-09-05 16:55,target__ht_draw,HT Draw,45.6,41.7,4.0,2.4,0.5904,True,39.0,0.0,0.0,0.0,0.0,finished,UNKNOWN_TARGET
sr:match:71945236,Inter,Napoli,Inter vs Napoli,Serie A,2026-09-05 17:00,target__ht_draw,HT Draw,47.6,43.5,4.1,2.3,0.5904,True,39.0,0.0,0.0,3.0,2.0,finished,UNKNOWN_TARGET
sr:match:72176926,FC Vaduz,Lausanne-Sport,FC Vaduz vs Lausanne-Sport,Super League,2026-09-05 17:00,target__ht_draw,HT Draw,47.6,40.8,6.8,2.45,0.5904,True,39.0,1.0,1.0,3.0,1.0,finished,UNKNOWN_TARGET
sr:match:72936026,Volos NPS,Olympiacos,Volos NPS vs Olympiacos,Super League,2026-09-05 17:00,target__ht_draw,HT Draw,39.4,35.7,3.7,2.8,0.5904,True,39.0,0.0,1.0,1.0,1.0,finished,UNKNOWN_TARGET
sr:match:73675428,Manama Club,Al Riffa,Manama Club vs Al Riffa,Premier League,2026-09-05 17:00,target__ht_draw,HT Draw,45.6,41.7,4.0,2.4,0.5904,True,39.0,1.0,3.0,1.0,5.0,finished,UNKNOWN_TARGET
sr:match:73293858,Guidonia Montecelio 1937 FC,US Pianese,Guidonia Montecelio 1937 FC vs US Pianese,"Serie C, Group B",2026-09-05 17:00,target__ht_draw,HT Draw,60.0,51.8,8.2,1.93,0.5904,True,39.0,0.0,0.0,1.0,0.0,finished,UNKNOWN_TARGET
sr:match:72560242,SC Pinkafeld,ASK Royal Sped Klingenbach,SC Pinkafeld vs ASK Royal Sped Klingenbach,Burgenlandliga,2026-09-05 17:00,target__ht_draw,HT Draw,45.6,42.6,3.1,2.35,0.5904,True,39.0,1.0,0.0,1.0,0.0,finished,UNKNOWN_TARGET
sr:match:72596066,EVV Echt,SV Poortugaal,EVV Echt vs SV Poortugaal,Derde Divisie,2026-09-05 17:00,target__ht_draw,HT Draw,47.6,41.7,5.9,2.4,0.5904,True,39.0,0.0,1.0,0.0,1.0,finished,UNKNOWN_TARGET
sr:match:73080254,Lyon La Duchere,Nimes,Lyon La Duchere vs Nimes,National 1,2026-09-05 17:00,target__ht_draw,HT Draw,47.6,44.4,3.1,2.25,0.5904,True,39.0,0.0,1.0,0.0,1.0,finished,UNKNOWN_TARGET
sr:match:73074168,Shabab Al Ahli Dubai,Al Jazira (UAE),Shabab Al Ahli Dubai vs Al Jazira (UAE),Arabian Gulf League,2026-09-05 17:15,target__ht_draw,HT Draw,47.6,42.6,5.0,2.35,0.5904,True,39.0,1.0,1.0,1.0,3.0,finished,UNKNOWN_TARGET
sr:match:72522024,The New Saints FC,Barry Town United FC,The New Saints FC vs Barry Town United FC,Cymru Premier,2026-09-05 17:15,target__ht_draw,HT Draw,47.6,35.7,11.9,2.8,0.5904,True,39.0,0.0,0.0,1.0,0.0,finished,UNKNOWN_TARGET
sr:match:73265276,CA Aldosivi,CA Banfield,CA Aldosivi vs CA Banfield,Primera LPF,2026-09-05 17:30,target__ht_draw,HT Draw,60.0,52.6,7.4,1.9,0.5904,True,39.0,2.0,0.0,3.0,1.0,finished,UNKNOWN_TARGET
sr:match:73080114,US Le Pays Du Valois,Lusitanos Saint-Maur,US Le Pays Du Valois vs Lusitanos Saint-Maur,National 1,2026-09-05 17:30,target__ht_draw,HT Draw,47.6,41.7,5.9,2.4,0.5904,True,39.0,0.0,1.0,1.0,2.0,finished,UNKNOWN_TARGET
sr:match:72225110,Hapoel Jerusalem FC,Hapoel Ironi Kiryat Shmona FC,Hapoel Jerusalem FC vs Hapoel Ironi Kiryat Shmona FC,Premier League,2026-09-05 17:45,target__ht_draw,HT Draw,60.0,48.8,11.2,2.05,0.5904,True,39.0,0.0,1.0,4.0,2.0,finished,UNKNOWN_TARGET
sr:match:72530900,Maritimo Madeira,Benfica,Maritimo Madeira vs Benfica,Liga Portugal,2026-09-05 18:00,target__ht_draw,HT Draw,37.7,34.5,3.2,2.9,0.5904,True,39.0,0.0,1.0,0.0,3.0,finished,UNKNOWN_TARGET
sr:match:72723190,Fenerbahce Istanbul,Besiktas Istanbul,Fenerbahce Istanbul vs Besiktas Istanbul,Super Lig,2026-09-05 18:00,target__ht_draw,HT Draw,47.6,41.7,5.9,2.4,0.5904,True,39.0,1.0,1.0,1.0,2.0,finished,UNKNOWN_TARGET
sr:match:72936022,AEK Athens,Aris Thessaloniki,AEK Athens vs Aris Thessaloniki,Super League,2026-09-05 19:00,target__ht_draw,HT Draw,45.6,39.2,6.4,2.55,0.5904,True,39.0,1.0,0.0,5.0,0.0,finished,UNKNOWN_TARGET
sr:match:72302122,Jong KRC Genk,Sporting Hasselt,Jong KRC Genk vs Sporting Hasselt,Challenger Pro League,2026-09-05 19:00,target__ht_draw,HT Draw,47.6,42.6,5.0,2.35,0.5904,True,39.0,2.0,0.0,3.0,0.0,finished,UNKNOWN_TARGET
sr:match:67119720,CS Italiano,CSD Flandria,CS Italiano vs CSD Flandria,Primera B,2026-09-05 19:00,target__ht_draw,HT Draw,60.0,53.2,6.8,1.88,0.5904,True,39.0,1.0,1.0,3.0,1.0,finished,UNKNOWN_TARGET
sr:match:67119718,CSD San Martin,CD Armenio,CSD San Martin vs CD Armenio,Primera B,2026-09-05 19:00,target__ht_draw,HT Draw,60.0,52.4,7.6,1.91,0.5904,True,39.0,0.0,0.0,0.0,0.0,finished,UNKNOWN_TARGET
sr:match:67119712,Real Pilar FC,CA Talleres de Remedios,Real Pilar FC vs CA Talleres de Remedios,Primera B,2026-09-05 19:00,target__ht_draw,HT Draw,71.4,54.9,16.5,1.82,0.5904,True,39.0,0.0,1.0,0.0,2.0,finished,UNKNOWN_TARGET
sr:match:67119708,Villa Dalmine,Arsenal de Sarandi,Villa Dalmine vs Arsenal de Sarandi,Primera B,2026-09-05 19:00,target__ht_draw,HT Draw,60.0,56.5,3.5,1.77,0.5904,True,39.0,0.0,0.0,0.0,1.0,finished,UNKNOWN_TARGET
sr:match:67117936,CA San Telmo,Club Atletico Los Andes,CA San Telmo vs Club Atletico Los Andes,Primera Nacional,2026-09-05 19:00,target__ht_draw,HT Draw,60.0,56.2,3.8,1.78,0.5904,True,39.0,0.0,0.0,0.0,0.0,finished,UNKNOWN_TARGET
sr:match:72043126,LKP Motor Lublin,Legia Warszawa,LKP Motor Lublin vs Legia Warszawa,Ekstraklasa,2026-09-05 19:15,target__ht_draw,HT Draw,47.6,43.5,4.1,2.3,0.5904,True,39.0,0.0,1.0,2.0,3.0,finished,UNKNOWN_TARGET
sr:match:72036148,Le Havre,Brest,Le Havre vs Brest,Ligue 1,2026-09-05 19:45,target__ht_draw,HT Draw,60.0,47.6,12.4,2.1,0.5904,True,39.0,0.0,1.0,1.0,2.0,finished,UNKNOWN_TARGET
sr:match:72203028,St. Truidense VV,RAAL La Louviere,St. Truidense VV vs RAAL La Louviere,Pro League,2026-09-05 19:45,target__ht_draw,HT Draw,47.6,40.8,6.8,2.45,0.5904,True,39.0,1.0,0.0,4.0,0.0,finished,UNKNOWN_TARGET
sr:match:74306994,FK Radnik Bijeljina,FK Sloga Doboj,FK Radnik Bijeljina vs FK Sloga Doboj,Premijer Liga,2026-09-05 19:45,target__ht_draw,HT Draw,60.0,53.5,6.5,1.87,0.5904,True,39.0,1.0,0.0,1.0,2.0,finished,UNKNOWN_TARGET
sr:match:68823228,Gremio Novorizontino SP,Avai FC SC,Gremio Novorizontino SP vs Avai FC SC,Brasileiro Serie B,2026-09-05 20:00,target__ht_draw,HT Draw,60.0,43.5,16.5,2.3,0.5904,True,39.0,3.0,1.0,3.0,1.0,finished,UNKNOWN_TARGET
sr:match:68823236,Goias EC GO,Fortaleza EC CE,Goias EC GO vs Fortaleza EC CE,Brasileiro Serie B,2026-09-05 20:00,target__ht_draw,HT Draw,60.0,51.0,9.0,1.96,0.5904,True,39.0,0.0,1.0,0.0,1.0,finished,UNKNOWN_TARGET
sr:match:73294618,Potenza Calcio,SS Monopoli,Potenza Calcio vs SS Monopoli,"Serie C, Group C",2026-09-05 20:00,target__ht_draw,HT Draw,60.0,51.0,9.0,1.96,0.5904,True,39.0,1.0,0.0,1.0,0.0,finished,UNKNOWN_TARGET
sr:match:67117940,Colon de Santa Fe,Deportivo Moron,Colon de Santa Fe vs Deportivo Moron,Primera Nacional,2026-09-05 21:00,target__ht_draw,HT Draw,60.0,53.5,6.5,1.87,0.5904,True,39.0,0.0,2.0,1.0,2.0,finished,UNKNOWN_TARGET
sr:match:68686096,Atletico Ottawa,Pacific FC,Atletico Ottawa vs Pacific FC,Canadian Premier League,2026-09-05 21:00,target__ht_draw,HT Draw,47.6,39.2,8.4,2.55,0.5904,True,39.0,0.0,0.0,,,other,UNSETTLED
sr:match:74244342,AA Internacional Limeira SP,Ferroviaria SP,AA Internacional Limeira SP vs Ferroviaria SP,Brasileiro Serie C,2026-09-05 21:00,target__ht_draw,HT Draw,60.8,52.1,8.7,1.92,0.5904,True,39.0,1.0,1.0,3.0,3.0,finished,UNKNOWN_TARGET
sr:match:74136192,ASO Chlef,CR Belouizdad,ASO Chlef vs CR Belouizdad,Ligue 1,2026-09-05 21:00,target__ht_draw,HT Draw,60.0,52.9,7.1,1.89,0.5904,True,39.0,2.0,3.0,3.0,3.0,finished,UNKNOWN_TARGET
sr:match:68823244,EC Juventude RS,AC Goianiense GO,EC Juventude RS vs AC Goianiense GO,Brasileiro Serie B,2026-09-05 22:00,target__ht_draw,HT Draw,60.0,52.1,7.9,1.92,0.5904,True,39.0,2.0,1.0,,,other,UNSETTLED
sr:match:72014354,Morrinhos FC GO,Goianesia EC GO,Morrinhos FC GO vs Goianesia EC GO,"Goiano, 2. Divisao",2026-09-05 22:00,target__ht_draw,HT Draw,60.0,52.1,7.9,1.92,0.5904,True,39.0,1.0,1.0,,,other,UNSETTLED
sr:match:73487136,Club Aurora,GV Club Deportivo San Jose de Oruro,Club Aurora vs GV Club Deportivo San Jose de Oruro,Division Profesional,2026-09-05 22:15,target__ht_draw,HT Draw,45.6,37.7,7.9,2.65,0.5904,True,39.0,3.0,0.0,,,other,UNSETTLED
sr:match:68823234,Ceara SC CE,SC Recife PE,Ceara SC CE vs SC Recife PE,Brasileiro Serie B,2026-09-05 22:30,target__ht_draw,HT Draw,60.0,47.6,12.4,2.1,0.5904,True,39.0,0.0,0.0,,,other,UNSETTLED
sr:match:73265268,CA San Lorenzo de Almagro,CA Talleres de Cordoba,CA San Lorenzo de Almagro vs CA Talleres de Cordoba,Primera LPF,2026-09-05 23:00,target__ht_draw,HT Draw,71.4,53.2,18.2,1.88,0.5904,True,39.0,0.0,0.0,,,other,UNSETTLED
sr:match:72636188,Deportes Quindio,CD Real Santander,Deportes Quindio vs CD Real Santander,Torneo DIMAYOR,2026-09-05 23:00,target__ht_draw,HT Draw,47.6,43.5,4.1,2.3,0.5904,True,39.0,0.0,0.0,,,other,UNSETTLED
sr:match:72055142,Atletico San Luis,CD Guadalajara,Atletico San Luis vs CD Guadalajara,Liga MX,2026-09-06 00:00,target__ht_draw,HT Draw,47.6,41.7,5.9,2.4,0.5904,True,39.0,0.0,2.0,0.0,3.0,finished,UNKNOWN_TARGET
sr:match:73204554,Club Necaxa,Atletico San Luis,Club Necaxa vs Atletico San Luis,"Liga MX, Women",2026-09-06 00:00,target__ht_draw,HT Draw,37.7,32.3,5.5,3.1,0.5904,True,39.0,0.0,1.0,0.0,2.0,finished,UNKNOWN_TARGET
sr:match:72335092,Independiente Santa Fe,Fortaleza FC,Independiente Santa Fe vs Fortaleza FC,Liga DIMAYOR,2026-09-06 00:25,target__ht_draw,HT Draw,60.0,45.5,14.5,2.2,0.5904,True,39.0,2.0,0.0,2.0,2.0,finished,UNKNOWN_TARGET
sr:match:67172916,Tampa Bay Rowdies,Brooklyn FC,Tampa Bay Rowdies vs Brooklyn FC,USL Championship,2026-09-06 00:30,target__ht_draw,HT Draw,39.4,36.4,3.0,2.75,0.5904,True,39.0,1.0,0.0,2.0,0.0,finished,UNKNOWN_TARGET
sr:match:74202086,Newmarket SFC,AC Carina,Newmarket SFC vs AC Carina,Queensland Premier League 3 Metro,2026-09-05 04:30,target__ht_home_win,HT Home Win,60.0,50.8,9.2,1.97,0.6512,True,34.4,1.0,1.0,4.0,1.0,finished,LOST
sr:match:74202192,Avondale FC,Preston Lions FC,Avondale FC vs Preston Lions FC,"Victoria, NPL",2026-09-05 05:00,target__ht_home_win,HT Home Win,39.1,35.7,3.4,2.8,0.6512,True,34.4,2.0,0.0,2.0,0.0,finished,WON
sr:match:74231608,New Lambton FC,Broadmeadow Magic FC,New Lambton FC vs Broadmeadow Magic FC,"Northern NSW NPL, Women",2026-09-05 07:30,target__ht_home_win,HT Home Win,76.9,63.3,13.6,1.58,0.6512,True,34.4,1.0,2.0,6.0,3.0,finished,LOST
sr:match:69456572,Shaanxi Union FC,Jiangxi Dingnan United,Shaanxi Union FC vs Jiangxi Dingnan United,China League 1,2026-09-05 08:30,target__ht_home_win,HT Home Win,58.1,54.1,4.0,1.85,0.6512,True,34.4,0.0,0.0,2.0,1.0,finished,LOST
sr:match:73086570,AFC Unirea 04 Slobozia,CS Dinamo Bucuresti,AFC Unirea 04 Slobozia vs CS Dinamo Bucuresti,Liga 2,2026-09-05 09:00,target__ht_home_win,HT Home Win,58.1,54.9,3.1,1.82,0.6512,True,34.4,5.0,0.0,8.0,0.0,finished,WON
sr:match:72151938,Matsumoto Yamaga FC,FC Osaka,Matsumoto Yamaga FC vs FC Osaka,J3 League,2026-09-05 10:00,target__ht_home_win,HT Home Win,39.1,35.7,3.4,2.8,0.6512,True,34.4,0.0,0.0,0.0,0.0,finished,LOST
sr:match:72575740,FC Viktoria Plzen,FC Hradec Kralove,FC Viktoria Plzen vs FC Hradec Kralove,U19 1. Liga,2026-09-05 10:00,target__ht_home_win,HT Home Win,39.1,35.7,3.4,2.8,0.6512,True,34.4,0.0,0.0,0.0,0.0,finished,LOST
sr:match:73086578,SC Popesti Leordeni,FC Bihor Oradea,SC Popesti Leordeni vs FC Bihor Oradea,Liga 2,2026-09-05 10:30,target__ht_home_win,HT Home Win,33.3,25.0,8.3,4.0,0.6512,True,34.4,2.0,0.0,3.0,2.0,finished,WON
sr:match:68852226,Viljandi JK Tulevik,Tallinna JK Legion,Viljandi JK Tulevik vs Tallinna JK Legion,Esiliiga B,2026-09-05 10:30,target__ht_home_win,HT Home Win,76.9,69.4,7.5,1.44,0.6512,True,34.4,1.0,0.0,3.0,0.0,finished,WON
sr:match:72151942,Gainare Tottori,Renofa Yamaguchi,Gainare Tottori vs Renofa Yamaguchi,J3 League,2026-09-05 11:00,target__ht_home_win,HT Home Win,32.8,28.6,4.2,3.5,0.6512,True,34.4,0.0,2.0,0.0,3.0,finished,LOST
sr:match:68046722,Busan IPark,Ansan Greeners FC,Busan IPark vs Ansan Greeners FC,K-League 2,2026-09-05 11:00,target__ht_home_win,HT Home Win,58.1,54.3,3.7,1.84,0.6512,True,34.4,0.0,1.0,0.0,1.0,finished,LOST
sr:match:68046724,Cheonan City FC,Hwaseong FC,Cheonan City FC vs Hwaseong FC,K-League 2,2026-09-05 11:00,target__ht_home_win,HT Home Win,29.5,25.6,3.8,3.9,0.6512,True,34.4,0.0,0.0,1.0,1.0,finished,LOST
sr:match:68916436,Ulsan Citizen FC,Gyeongju FC,Ulsan Citizen FC vs Gyeongju FC,K3 League,2026-09-05 11:00,target__ht_home_win,HT Home Win,32.8,25.0,7.8,4.0,0.6512,True,34.4,0.0,1.0,1.0,2.0,finished,LOST
sr:match:73068006,Real Madrid Castilla,Juventud Torremolinos CF,Real Madrid Castilla vs Juventud Torremolinos CF,Primera Federacion,2026-09-05 11:00,target__ht_home_win,HT Home Win,58.1,48.8,9.3,2.05,0.6512,True,34.4,1.0,0.0,2.0,0.0,finished,WON
sr:match:72960984,Hamburger SV,RB Leipzig,Hamburger SV vs RB Leipzig,Women Bundesliga,2026-09-05 11:00,target__ht_home_win,HT Home Win,33.3,28.6,4.8,3.5,0.6512,True,34.4,1.0,1.0,1.0,1.0,finished,LOST
sr:match:72679296,FC Zenit-2 St Petersburg,Torpedo Miass,FC Zenit-2 St Petersburg vs Torpedo Miass,"2. Liga, Division A",2026-09-05 11:00,target__ht_home_win,HT Home Win,58.1,53.5,4.6,1.87,0.6512,True,34.4,0.0,0.0,2.0,0.0,finished,LOST
sr:match:72404680,IFK Umea,Friska Viljor FC,IFK Umea vs Friska Viljor FC,Division 2,2026-09-05 12:00,target__ht_home_win,HT Home Win,25.3,15.9,9.4,6.3,0.6512,True,34.4,1.0,2.0,2.0,3.0,finished,LOST
sr:match:72224018,FK Minija 2017,FK Transinvest B,FK Minija 2017 vs FK Transinvest B,1 Lyga,2026-09-05 12:00,target__ht_home_win,HT Home Win,76.9,70.9,6.0,1.41,0.6512,True,34.4,1.0,0.0,3.0,0.0,finished,WON
sr:match:67919416,Frigg Oslo FK,Ready Fotball,Frigg Oslo FK vs Ready Fotball,"3. Division, Group 1",2026-09-05 12:00,target__ht_home_win,HT Home Win,47.4,43.5,3.9,2.3,0.6512,True,34.4,1.0,2.0,5.0,2.0,finished,LOST
sr:match:68214790,FC Kuressaare,JK Narva Trans,FC Kuressaare vs JK Narva Trans,Premium Liiga,2026-09-05 12:30,target__ht_home_win,HT Home Win,33.3,28.6,4.8,3.5,0.6512,True,34.4,2.0,0.0,3.0,1.0,finished,WON
sr:match:68995368,Dalian Yingbo FC,Qingdao Hainiu FC,Dalian Yingbo FC vs Qingdao Hainiu FC,Chinese Super League,2026-09-05 12:35,target__ht_home_win,HT Home Win,58.1,54.3,3.7,1.84,0.6512,True,34.4,2.0,1.0,2.0,1.0,finished,WON
sr:match:72044316,FC Fredericia,Esbjerg FB,FC Fredericia vs Esbjerg FB,1. Division,2026-09-05 13:00,target__ht_home_win,HT Home Win,58.1,53.2,4.9,1.88,0.6512,True,34.4,0.0,0.0,1.0,0.0,finished,LOST
sr:match:72499018,FC Roskilde,Vsk Aarhus,FC Roskilde vs Vsk Aarhus,2nd Division,2026-09-05 13:00,target__ht_home_win,HT Home Win,40.5,35.7,4.8,2.8,0.6512,True,34.4,0.0,0.0,1.0,0.0,finished,LOST
sr:match:72499020,HIK Hellerup,Brabrand IF,HIK Hellerup vs Brabrand IF,2nd Division,2026-09-05 13:00,target__ht_home_win,HT Home Win,39.1,33.9,5.2,2.95,0.6512,True,34.4,1.0,1.0,2.0,1.0,finished,LOST
sr:match:69502016,JDFS Alberts,FK Smiltene/Bjss,JDFS Alberts vs FK Smiltene/Bjss,1.Liga,2026-09-05 13:00,target__ht_home_win,HT Home Win,72.5,66.7,5.8,1.5,0.6512,True,34.4,2.0,0.0,3.0,2.0,finished,WON
sr:match:72942464,Rasisalai United,Port FC,Rasisalai United vs Port FC,Thai League 1,2026-09-05 13:00,target__ht_home_win,HT Home Win,25.3,18.5,6.8,5.4,0.6512,True,34.4,1.0,1.0,1.0,2.0,finished,LOST
sr:match:67919420,Baerum SK,Nordstrand,Baerum SK vs Nordstrand,"3. Division, Group 1",2026-09-05 13:00,target__ht_home_win,HT Home Win,76.9,69.4,7.5,1.44,0.6512,True,34.4,0.0,0.0,1.0,0.0,finished,LOST
sr:match:67920606,Varhaug,Brodd,Varhaug vs Brodd,"3. Division, Group 4",2026-09-05 13:00,target__ht_home_win,HT Home Win,60.0,46.5,13.5,2.15,0.6512,True,34.4,1.0,0.0,3.0,0.0,finished,WON
sr:match:72679298,FC Tyumen,Dinamo Moscow Res.,FC Tyumen vs Dinamo Moscow Res.,"2. Liga, Division A",2026-09-05 13:00,target__ht_home_win,HT Home Win,58.1,51.3,6.8,1.95,0.6512,True,34.4,1.0,2.0,5.0,2.0,finished,LOST
sr:match:72675992,Union Mauer,Hellas Kagran,Union Mauer vs Hellas Kagran,Wiener Stadtliga,2026-09-05 13:00,target__ht_home_win,HT Home Win,60.0,56.5,3.5,1.77,0.6512,True,34.4,2.0,0.0,3.0,0.0,finished,WON
sr:match:72942466,Rayong FC,Prachuap FC,Rayong FC vs Prachuap FC,Thai League 1,2026-09-05 13:30,target__ht_home_win,HT Home Win,32.8,27.0,5.8,3.7,0.6512,True,34.4,0.0,0.0,1.0,0.0,finished,LOST
sr:match:72523880,Football Bourg-En-Bresse Peronnas 01,SM Caen,Football Bourg-En-Bresse Peronnas 01 vs SM Caen,Ligue 3,2026-09-05 13:45,target__ht_home_win,HT Home Win,29.5,25.6,3.8,3.9,0.6512,True,34.4,0.0,1.0,0.0,2.0,finished,LOST
sr:match:72523892,Le Puy-En Velay FC,US Orleans,Le Puy-En Velay FC vs US Orleans,Ligue 3,2026-09-05 13:45,target__ht_home_win,HT Home Win,39.1,35.1,4.0,2.85,0.6512,True,34.4,1.0,1.0,1.0,1.0,finished,LOST
sr:match:71680598,Poland,Argentina,Poland vs Argentina,"U20 FIFA World Cup, Women",2026-09-05 14:00,target__ht_home_win,HT Home Win,32.8,28.6,4.2,3.5,0.6512,True,34.4,2.0,0.0,3.0,0.0,finished,WON
sr:match:74236142,Tacuary Asuncion,Deportivo Santani,Tacuary Asuncion vs Deportivo Santani,Division Intermedia,2026-09-05 14:00,target__ht_home_win,HT Home Win,25.3,20.0,5.3,5.0,0.6512,True,34.4,0.0,1.0,0.0,3.0,finished,LOST
sr:match:73062386,Terengganu FC,Penang FA,Terengganu FC vs Penang FA,Super League,2026-09-05 14:00,target__ht_home_win,HT Home Win,58.1,51.5,6.5,1.94,0.6512,True,34.4,0.0,0.0,0.0,0.0,finished,LOST
sr:match:72230738,FKS Stal Mielec,Odra Opole,FKS Stal Mielec vs Odra Opole,1. Liga,2026-09-05 14:30,target__ht_home_win,HT Home Win,40.4,36.4,4.0,2.75,0.6512,True,34.4,0.0,1.0,1.0,1.0,finished,LOST
sr:match:72221246,Man City,Coventry City,Man City vs Coventry City,Premier League,2026-09-05 15:00,target__ht_home_win,HT Home Win,76.9,68.5,8.4,1.46,0.6512,True,34.4,1.0,0.0,1.0,0.0,finished,WON
sr:match:72203886,Cove Rangers FC,Alloa Athletic FC,Cove Rangers FC vs Alloa Athletic FC,League 1,2026-09-05 15:00,target__ht_home_win,HT Home Win,33.3,27.8,5.6,3.6,0.6512,True,34.4,1.0,0.0,1.0,1.0,finished,WON
sr:match:67018146,FK Haugesund,Sogndal Fotball,FK Haugesund vs Sogndal Fotball,1st Division,2026-09-05 15:00,target__ht_home_win,HT Home Win,76.9,62.1,14.8,1.61,0.6512,True,34.4,1.0,0.0,2.0,0.0,finished,WON
sr:match:67018148,Kongsvinger IL Toppfotball,Raufoss IL,Kongsvinger IL Toppfotball vs Raufoss IL,1st Division,2026-09-05 15:00,target__ht_home_win,HT Home Win,76.9,65.8,11.1,1.52,0.6512,True,34.4,3.0,0.0,9.0,1.0,finished,WON
sr:match:72738136,Hartlepool United,Woking FC,Hartlepool United vs Woking FC,National League,2026-09-05 15:00,target__ht_home_win,HT Home Win,40.5,35.7,4.8,2.8,0.6512,True,34.4,0.0,0.0,1.0,0.0,finished,LOST
sr:match:68311798,Ariana FC,Aatvidabergs FF,Ariana FC vs Aatvidabergs FF,Ettan,2026-09-05 15:00,target__ht_home_win,HT Home Win,39.1,35.7,3.4,2.8,0.6512,True,34.4,1.0,2.0,2.0,2.0,finished,LOST
sr:match:72759242,Morecambe FC,Buxton FC,Morecambe FC vs Buxton FC,National League North,2026-09-05 15:00,target__ht_home_win,HT Home Win,39.1,31.2,7.9,3.2,0.6512,True,34.4,0.0,0.0,4.0,0.0,finished,LOST
sr:match:72758086,Horsham FC,Dagenham and Redbridge FC,Horsham FC vs Dagenham and Redbridge FC,National League South,2026-09-05 15:00,target__ht_home_win,HT Home Win,39.1,34.5,4.6,2.9,0.6512,True,34.4,1.0,1.0,1.0,1.0,finished,LOST
sr:match:72346278,Bangor FC,Ballymena United,Bangor FC vs Ballymena United,Premiership,2026-09-05 15:00,target__ht_home_win,HT Home Win,25.3,21.7,3.6,4.6,0.6512,True,34.4,0.0,2.0,2.0,2.0,finished,LOST
sr:match:72514702,Lechia Tomaszow Mazowiecki,KS Ck Troszyn,Lechia Tomaszow Mazowiecki vs KS Ck Troszyn,"III Liga, Group 1",2026-09-05 15:00,target__ht_home_win,HT Home Win,58.1,53.8,4.3,1.86,0.6512,True,34.4,0.0,1.0,0.0,2.0,finished,LOST
sr:match:67919422,Valerenga IF 2,Konnerud,Valerenga IF 2 vs Konnerud,"3. Division, Group 1",2026-09-05 15:00,target__ht_home_win,HT Home Win,76.9,61.0,15.9,1.64,0.6512,True,34.4,0.0,0.0,2.0,1.0,finished,LOST
sr:match:72501130,Kazincbarcikai SC,Kecskemeti TE,Kazincbarcikai SC vs Kecskemeti TE,NB II,2026-09-05 15:00,target__ht_home_win,HT Home Win,29.5,25.6,3.8,3.9,0.6512,True,34.4,1.0,1.0,2.0,2.0,finished,LOST
sr:match:70699112,UMF Vidir,KV Vesturbaer,UMF Vidir vs KV Vesturbaer,3. deild,2026-09-05 15:00,target__ht_home_win,HT Home Win,76.9,65.4,11.6,1.53,0.6512,True,34.4,3.0,1.0,5.0,1.0,finished,WON
sr:match:72409662,Karpaty Lviv,Shakhtar D,Karpaty Lviv vs Shakhtar D,Premier League,2026-09-05 16:00,target__ht_home_win,HT Home Win,24.6,20.4,4.2,4.9,0.6512,True,34.4,1.0,1.0,1.0,2.0,finished,LOST
sr:match:72510302,FC Inter Turku,HJK Helsinki,FC Inter Turku vs HJK Helsinki,Suomen Cup,2026-09-05 16:00,target__ht_home_win,HT Home Win,39.1,35.7,3.4,2.8,0.6512,True,34.4,1.0,0.0,1.0,0.0,finished,WON
sr:match:72281306,NK Bilje,Nd Slovan,NK Bilje vs Nd Slovan,2. Liga,2026-09-05 16:00,target__ht_home_win,HT Home Win,40.5,35.7,4.8,2.8,0.6512,True,34.4,2.0,0.0,4.0,0.0,finished,WON
sr:match:72036150,Lens,Lorient,Lens vs Lorient,Ligue 1,2026-09-05 16:15,target__ht_home_win,HT Home Win,58.1,51.5,6.5,1.94,0.6512,True,34.4,0.0,0.0,0.0,1.0,finished,LOST
sr:match:73842982,AD Cantolao,Deportivo Llacuabamba,AD Cantolao vs Deportivo Llacuabamba,Liga 2,2026-09-05 16:45,target__ht_home_win,HT Home Win,29.5,24.4,5.1,4.1,0.6512,True,34.4,2.0,1.0,3.0,2.0,finished,WON
sr:match:72176924,Young Boys Bern,FC Luzern,Young Boys Bern vs FC Luzern,Super League,2026-09-05 17:00,target__ht_home_win,HT Home Win,58.1,54.6,3.4,1.83,0.6512,True,34.4,1.0,0.0,3.0,3.0,finished,WON
sr:match:73294610,Crotone,Barletta Calcio,Crotone vs Barletta Calcio,"Serie C, Group C",2026-09-05 17:00,target__ht_home_win,HT Home Win,39.1,33.3,5.8,3.0,0.6512,True,34.4,0.0,0.0,2.0,2.0,finished,LOST
sr:match:72596068,RBC Roosendaal,Achilles Veen,RBC Roosendaal vs Achilles Veen,Derde Divisie,2026-09-05 17:00,target__ht_home_win,HT Home Win,58.1,51.0,7.1,1.96,0.6512,True,34.4,3.0,0.0,3.0,0.0,finished,WON
sr:match:73080260,Estac Troyes 2,AS Saint Priest,Estac Troyes 2 vs AS Saint Priest,National 1,2026-09-05 17:00,target__ht_home_win,HT Home Win,33.3,30.3,3.0,3.3,0.6512,True,34.4,0.0,0.0,3.0,1.0,finished,LOST
sr:match:73080144,US Granville,Vendee Poire-Sur-Vie Football,US Granville vs Vendee Poire-Sur-Vie Football,National 1,2026-09-05 17:00,target__ht_home_win,HT Home Win,39.1,35.7,3.4,2.8,0.6512,True,34.4,1.0,1.0,2.0,1.0,finished,LOST
sr:match:72735728,Ankara Keciorengucu,Sariyer SK,Ankara Keciorengucu vs Sariyer SK,1. Lig,2026-09-05 18:00,target__ht_home_win,HT Home Win,39.1,35.7,3.4,2.8,0.6512,True,34.4,1.0,0.0,3.0,0.0,finished,WON
sr:match:72225114,Maccabi Haifa FC,Hapoel Petah Tikva FC,Maccabi Haifa FC vs Hapoel Petah Tikva FC,Premier League,2026-09-05 18:30,target__ht_home_win,HT Home Win,58.1,50.8,7.3,1.97,0.6512,True,34.4,0.0,0.0,2.0,1.0,finished,LOST
sr:match:73273732,Figueirense FC SC,Barra FC SC,Figueirense FC SC vs Barra FC SC,Copa Santa Catarina,2026-09-05 19:00,target__ht_home_win,HT Home Win,58.1,51.5,6.5,1.94,0.6512,True,34.4,0.0,1.0,1.0,1.0,finished,LOST
sr:match:72654242,Volta Redonda FC RJ,Fluminense FC RJ,Volta Redonda FC RJ vs Fluminense FC RJ,"U20 Carioca, Serie A",2026-09-05 19:00,target__ht_home_win,HT Home Win,24.6,15.9,8.7,6.3,0.6512,True,34.4,0.0,1.0,0.0,1.0,finished,LOST
sr:match:72014350,Trindade AC GO,Goiania EC GO,Trindade AC GO vs Goiania EC GO,"Goiano, 2. Divisao",2026-09-05 21:00,target__ht_home_win,HT Home Win,33.3,26.7,6.7,3.75,0.6512,True,34.4,0.0,0.0,0.0,0.0,finished,LOST
sr:match:72014354,Morrinhos FC GO,Goianesia EC GO,Morrinhos FC GO vs Goianesia EC GO,"Goiano, 2. Divisao",2026-09-05 22:00,target__ht_home_win,HT Home Win,32.8,27.8,5.0,3.6,0.6512,True,34.4,1.0,1.0,,,other,UNSETTLED
sr:match:67682014,CD Everton Vina del Mar,CD Universidad Catolica,CD Everton Vina del Mar vs CD Universidad Catolica,Primera Division,2026-09-05 22:30,target__ht_home_win,HT Home Win,33.3,30.3,3.0,3.3,0.6512,True,34.4,0.0,1.0,,,other,UNSETTLED
sr:match:67119724,Deportivo Merlo,CA Defensores Unidos,Deportivo Merlo vs CA Defensores Unidos,Primera B,2026-09-05 23:00,target__ht_home_win,HT Home Win,39.1,35.7,3.4,2.8,0.6512,True,34.4,0.0,0.0,,,other,UNSETTLED
sr:match:72053604,CS Herediano,Perez Zeledon,CS Herediano vs Perez Zeledon,Primera Division,2026-09-06 00:00,target__ht_home_win,HT Home Win,58.1,50.3,7.8,1.99,0.6512,True,34.4,1.0,1.0,2.0,3.0,finished,LOST
sr:match:74269664,San Marcos FC,Art Municipal Jalapa,San Marcos FC vs Art Municipal Jalapa,Primera Division,2026-09-06 00:00,target__ht_home_win,HT Home Win,33.3,29.4,3.9,3.4,0.6512,True,34.4,1.0,1.0,3.0,1.0,finished,LOST
sr:match:72661204,CD Universitario Penonome,AF Sporting San Miguelito,CD Universitario Penonome vs AF Sporting San Miguelito,Liga Panamena,2026-09-06 00:15,target__ht_home_win,HT Home Win,33.3,27.0,6.3,3.7,0.6512,True,34.4,0.0,1.0,1.0,1.0,finished,LOST
sr:match:66299468,Inter Miami CF,Atlanta United FC,Inter Miami CF vs Atlanta United FC,MLS,2026-09-06 00:30,target__ht_home_win,HT Home Win,76.9,60.2,16.7,1.66,0.6512,True,34.4,2.0,1.0,2.0,2.0,finished,WON
sr:match:68157102,Sporting Kansas City II,Saint Louis City SC 2,Sporting Kansas City II vs Saint Louis City SC 2,MLS Next Pro,2026-09-06 01:00,target__ht_home_win,HT Home Win,29.5,23.8,5.7,4.2,0.6512,True,34.4,1.0,1.0,1.0,2.0,finished,LOST
sr:match:74202192,Avondale FC,Preston Lions FC,Avondale FC vs Preston Lions FC,"Victoria, NPL",2026-09-05 05:00,target__ht_over_0_5_goals,HT Over 0.5,81.2,77.5,3.7,1.29,0.6199,True,72.8,2.0,0.0,2.0,0.0,finished,UNKNOWN_TARGET
sr:match:73576602,Bhayangkara Presisi Indonesia FC,Persebaya Surabaya,Bhayangkara Presisi Indonesia FC vs Persebaya Surabaya,Super League,2026-09-05 09:30,target__ht_over_0_5_goals,HT Over 0.5,77.4,74.1,3.3,1.35,0.6199,True,72.8,0.0,1.0,1.0,1.0,finished,UNKNOWN_TARGET
sr:match:73576600,Psim Yogyakarta,Persita Tangerang,Psim Yogyakarta vs Persita Tangerang,Super League,2026-09-05 09:30,target__ht_over_0_5_goals,HT Over 0.5,74.7,69.4,5.3,1.44,0.6199,True,72.8,0.0,0.0,1.0,1.0,finished,UNKNOWN_TARGET
sr:match:72149710,Avispa Fukuoka,Mito Hollyhock,Avispa Fukuoka vs Mito Hollyhock,J1 League,2026-09-05 11:00,target__ht_over_0_5_goals,HT Over 0.5,77.4,69.4,7.9,1.44,0.6199,True,72.8,0.0,0.0,1.0,1.0,finished,UNKNOWN_TARGET
sr:match:72339784,Stoke City,Charlton Athletic,Stoke City vs Charlton Athletic,Championship,2026-09-05 12:30,target__ht_over_0_5_goals,HT Over 0.5,74.8,68.5,6.3,1.46,0.6199,True,72.8,4.0,0.0,4.0,0.0,finished,UNKNOWN_TARGET
sr:match:68214790,FC Kuressaare,JK Narva Trans,FC Kuressaare vs JK Narva Trans,Premium Liiga,2026-09-05 12:30,target__ht_over_0_5_goals,HT Over 0.5,77.4,73.5,3.9,1.36,0.6199,True,72.8,2.0,0.0,3.0,1.0,finished,UNKNOWN_TARGET
sr:match:72044318,AB Gladsaxe,Aalborg BK,AB Gladsaxe vs Aalborg BK,1. Division,2026-09-05 13:00,target__ht_over_0_5_goals,HT Over 0.5,81.2,76.9,4.3,1.3,0.6199,True,72.8,0.0,1.0,0.0,2.0,finished,UNKNOWN_TARGET
sr:match:72942466,Rayong FC,Prachuap FC,Rayong FC vs Prachuap FC,Thai League 1,2026-09-05 13:30,target__ht_over_0_5_goals,HT Over 0.5,81.2,73.0,8.2,1.37,0.6199,True,72.8,0.0,0.0,1.0,0.0,finished,UNKNOWN_TARGET
sr:match:72523880,Football Bourg-En-Bresse Peronnas 01,SM Caen,Football Bourg-En-Bresse Peronnas 01 vs SM Caen,Ligue 3,2026-09-05 13:45,target__ht_over_0_5_goals,HT Over 0.5,77.4,73.5,3.9,1.36,0.6199,True,72.8,0.0,1.0,0.0,2.0,finished,UNKNOWN_TARGET
sr:match:71945230,Fiorentina,Torino,Fiorentina vs Torino,Serie A,2026-09-05 14:00,target__ht_over_0_5_goals,HT Over 0.5,74.7,69.4,5.3,1.44,0.6199,True,72.8,0.0,0.0,1.0,2.0,finished,UNKNOWN_TARGET
sr:match:74236142,Tacuary Asuncion,Deportivo Santani,Tacuary Asuncion vs Deportivo Santani,Division Intermedia,2026-09-05 14:00,target__ht_over_0_5_goals,HT Over 0.5,77.4,72.5,4.9,1.38,0.6199,True,72.8,0.0,1.0,0.0,3.0,finished,UNKNOWN_TARGET
sr:match:69343094,Zhetysu Taldykorgan,FC Irtysh Pavlodar,Zhetysu Taldykorgan vs FC Irtysh Pavlodar,Premier League,2026-09-05 14:00,target__ht_over_0_5_goals,HT Over 0.5,78.0,74.1,3.9,1.35,0.6199,True,72.8,0.0,0.0,1.0,0.0,finished,UNKNOWN_TARGET
sr:match:72221236,Brighton,Leeds United,Brighton vs Leeds United,Premier League,2026-09-05 15:00,target__ht_over_0_5_goals,HT Over 0.5,74.7,71.4,3.3,1.4,0.6199,True,72.8,0.0,1.0,1.0,1.0,finished,UNKNOWN_TARGET
sr:match:72339774,Millwall FC,Bolton Wanderers,Millwall FC vs Bolton Wanderers,Championship,2026-09-05 15:00,target__ht_over_0_5_goals,HT Over 0.5,74.7,69.4,5.3,1.44,0.6199,True,72.8,1.0,0.0,4.0,0.0,finished,UNKNOWN_TARGET
sr:match:72339776,Portsmouth FC,Cardiff City,Portsmouth FC vs Cardiff City,Championship,2026-09-05 15:00,target__ht_over_0_5_goals,HT Over 0.5,77.4,74.1,3.3,1.35,0.6199,True,72.8,1.0,0.0,2.0,0.0,finished,UNKNOWN_TARGET
sr:match:72339780,Queens Park Rangers,Middlesbrough FC,Queens Park Rangers vs Middlesbrough FC,Championship,2026-09-05 15:00,target__ht_over_0_5_goals,HT Over 0.5,81.2,74.1,7.1,1.35,0.6199,True,72.8,0.0,1.0,0.0,1.0,finished,UNKNOWN_TARGET
sr:match:72339782,Sheffield United,Norwich,Sheffield United vs Norwich,Championship,2026-09-05 15:00,target__ht_over_0_5_goals,HT Over 0.5,79.4,73.0,6.4,1.37,0.6199,True,72.8,1.0,2.0,1.0,3.0,finished,UNKNOWN_TARGET
sr:match:72339788,West Bromwich Albion,Watford,West Bromwich Albion vs Watford,Championship,2026-09-05 15:00,target__ht_over_0_5_goals,HT Over 0.5,78.0,71.9,6.0,1.39,0.6199,True,72.8,1.0,0.0,1.0,0.0,finished,UNKNOWN_TARGET
sr:match:72339790,West Ham,Derby County,West Ham vs Derby County,Championship,2026-09-05 15:00,target__ht_over_0_5_goals,HT Over 0.5,79.4,76.3,3.1,1.31,0.6199,True,72.8,1.0,0.0,3.0,0.0,finished,UNKNOWN_TARGET
sr:match:72723194,Erzurumspor FK,Konyaspor,Erzurumspor FK vs Konyaspor,Super Lig,2026-09-05 15:00,target__ht_over_0_5_goals,HT Over 0.5,77.4,68.5,8.9,1.46,0.6199,True,72.8,1.0,0.0,1.0,0.0,finished,UNKNOWN_TARGET
sr:match:72202636,Partick Thistle FC,Ayr United FC,Partick Thistle FC vs Ayr United FC,Championship,2026-09-05 15:00,target__ht_over_0_5_goals,HT Over 0.5,78.0,74.1,3.9,1.35,0.6199,True,72.8,1.0,0.0,1.0,0.0,finished,UNKNOWN_TARGET
sr:match:72203886,Cove Rangers FC,Alloa Athletic FC,Cove Rangers FC vs Alloa Athletic FC,League 1,2026-09-05 15:00,target__ht_over_0_5_goals,HT Over 0.5,79.4,73.0,6.4,1.37,0.6199,True,72.8,1.0,0.0,1.0,1.0,finished,UNKNOWN_TARGET
sr:match:72302120,Club NXT,KAS Eupen,Club NXT vs KAS Eupen,Challenger Pro League,2026-09-05 15:00,target__ht_over_0_5_goals,HT Over 0.5,78.0,74.6,3.3,1.34,0.6199,True,72.8,0.0,0.0,0.0,1.0,finished,UNKNOWN_TARGET
sr:match:72341128,Huddersfield,Notts County,Huddersfield vs Notts County,League One,2026-09-05 15:00,target__ht_over_0_5_goals,HT Over 0.5,77.4,74.1,3.3,1.35,0.6199,True,72.8,1.0,1.0,1.0,1.0,finished,UNKNOWN_TARGET
sr:match:72341922,Chesterfield FC,Barnet FC,Chesterfield FC vs Barnet FC,League Two,2026-09-05 15:00,target__ht_over_0_5_goals,HT Over 0.5,79.4,74.1,5.4,1.35,0.6199,True,72.8,1.0,2.0,3.0,3.0,finished,UNKNOWN_TARGET
sr:match:72341926,Crewe Alexandra,York City FC,Crewe Alexandra vs York City FC,League Two,2026-09-05 15:00,target__ht_over_0_5_goals,HT Over 0.5,77.4,73.0,4.4,1.37,0.6199,True,72.8,1.0,1.0,1.0,1.0,finished,UNKNOWN_TARGET
sr:match:72738138,AFC Hornchurch,Forest Green Rovers,AFC Hornchurch vs Forest Green Rovers,National League,2026-09-05 15:00,target__ht_over_0_5_goals,HT Over 0.5,81.2,76.9,4.3,1.3,0.6199,True,72.8,0.0,1.0,0.0,1.0,finished,UNKNOWN_TARGET
sr:match:72738132,Barrow AFC,Sutton United,Barrow AFC vs Sutton United,National League,2026-09-05 15:00,target__ht_over_0_5_goals,HT Over 0.5,77.4,73.5,3.9,1.36,0.6199,True,72.8,1.0,0.0,3.0,0.0,finished,UNKNOWN_TARGET
sr:match:72759230,Darlington FC,Kings Lynn FC,Darlington FC vs Kings Lynn FC,National League North,2026-09-05 15:00,target__ht_over_0_5_goals,HT Over 0.5,81.2,76.9,4.3,1.3,0.6199,True,72.8,0.0,1.0,0.0,2.0,finished,UNKNOWN_TARGET
sr:match:72759232,Hebburn Town,Chester FC,Hebburn Town vs Chester FC,National League North,2026-09-05 15:00,target__ht_over_0_5_goals,HT Over 0.5,77.4,73.5,3.9,1.36,0.6199,True,72.8,0.0,1.0,1.0,1.0,finished,UNKNOWN_TARGET
sr:match:72758088,Maidstone United FC,Weston-super-Mare,Maidstone United FC vs Weston-super-Mare,National League South,2026-09-05 15:00,target__ht_over_0_5_goals,HT Over 0.5,77.4,72.5,4.9,1.38,0.6199,True,72.8,0.0,0.0,1.0,0.0,finished,UNKNOWN_TARGET
sr:match:68492686,FS Jelgava,SK Super Nova,FS Jelgava vs SK Super Nova,Virsliga,2026-09-05 15:00,target__ht_over_0_5_goals,HT Over 0.5,77.4,74.1,3.3,1.35,0.6199,True,72.8,0.0,0.0,0.0,1.0,finished,UNKNOWN_TARGET
sr:match:72346278,Bangor FC,Ballymena United,Bangor FC vs Ballymena United,Premiership,2026-09-05 15:00,target__ht_over_0_5_goals,HT Over 0.5,79.4,74.6,4.8,1.34,0.6199,True,72.8,0.0,2.0,2.0,2.0,finished,UNKNOWN_TARGET
sr:match:69343090,FC Kyzylzhar SK,FK Atyrau,FC Kyzylzhar SK vs FK Atyrau,Premier League,2026-09-05 15:00,target__ht_over_0_5_goals,HT Over 0.5,74.7,70.4,4.3,1.42,0.6199,True,72.8,0.0,0.0,0.0,1.0,finished,UNKNOWN_TARGET
sr:match:72478528,Athletic Bilbao,Atletico Madrid,Athletic Bilbao vs Atletico Madrid,LaLiga,2026-09-05 15:15,target__ht_over_0_5_goals,HT Over 0.5,77.4,70.9,6.5,1.41,0.6199,True,72.8,0.0,0.0,3.0,0.0,finished,UNKNOWN_TARGET
sr:match:72477380,Sporting Gijon,Girona,Sporting Gijon vs Girona,LALIGA HYPERMOTION,2026-09-05 15:15,target__ht_over_0_5_goals,HT Over 0.5,74.8,70.9,3.8,1.41,0.6199,True,72.8,0.0,1.0,0.0,2.0,finished,UNKNOWN_TARGET
sr:match:72530894,Estrela Amadora,FC Famalicao,Estrela Amadora vs FC Famalicao,Liga Portugal,2026-09-05 15:30,target__ht_over_0_5_goals,HT Over 0.5,74.7,67.1,7.6,1.49,0.6199,True,72.8,0.0,1.0,2.0,2.0,finished,UNKNOWN_TARGET
sr:match:72409662,Karpaty Lviv,Shakhtar D,Karpaty Lviv vs Shakhtar D,Premier League,2026-09-05 16:00,target__ht_over_0_5_goals,HT Over 0.5,78.0,74.1,3.9,1.35,0.6199,True,72.8,1.0,1.0,1.0,2.0,finished,UNKNOWN_TARGET
sr:match:71998176,FK Spartak 1918 Varna,PFC CSKA Sofia,FK Spartak 1918 Varna vs PFC CSKA Sofia,Parva Liga,2026-09-05 17:00,target__ht_over_0_5_goals,HT Over 0.5,78.0,74.6,3.3,1.34,0.6199,True,72.8,1.0,1.0,1.0,1.0,finished,UNKNOWN_TARGET
sr:match:72042240,MFK Zemplin Michalovce,AS Trencin,MFK Zemplin Michalovce vs AS Trencin,Superliga,2026-09-05 17:00,target__ht_over_0_5_goals,HT Over 0.5,81.2,78.1,3.1,1.28,0.6199,True,72.8,2.0,0.0,3.0,1.0,finished,UNKNOWN_TARGET
sr:match:73293854,Campobasso FC,AS Gubbio,Campobasso FC vs AS Gubbio,"Serie C, Group B",2026-09-05 17:00,target__ht_over_0_5_goals,HT Over 0.5,74.7,69.9,4.8,1.43,0.6199,True,72.8,0.0,2.0,2.0,4.0,finished,UNKNOWN_TARGET
sr:match:72221242,Hull City,Aston Villa,Hull City vs Aston Villa,Premier League,2026-09-05 17:30,target__ht_over_0_5_goals,HT Over 0.5,77.4,71.4,6.0,1.4,0.6199,True,72.8,0.0,0.0,0.0,0.0,finished,UNKNOWN_TARGET
sr:match:72478540,Rayo Vallecano,Racing Santander,Rayo Vallecano vs Racing Santander,LaLiga,2026-09-05 17:30,target__ht_over_0_5_goals,HT Over 0.5,78.0,72.5,5.5,1.38,0.6199,True,72.8,2.0,2.0,3.0,2.0,finished,UNKNOWN_TARGET
sr:match:72477366,AD Ceuta,RC Celta Fortuna,AD Ceuta vs RC Celta Fortuna,LALIGA HYPERMOTION,2026-09-05 17:30,target__ht_over_0_5_goals,HT Over 0.5,77.4,73.5,3.9,1.36,0.6199,True,72.8,0.0,1.0,0.0,2.0,finished,UNKNOWN_TARGET
sr:match:68098094,Deportes Magallanes,Union San Felipe,Deportes Magallanes vs Union San Felipe,Primera B,2026-09-05 17:30,target__ht_over_0_5_goals,HT Over 0.5,77.4,74.1,3.3,1.35,0.6199,True,72.8,0.0,0.0,0.0,0.0,finished,UNKNOWN_TARGET
sr:match:72041108,FC Utrecht,Go Ahead Eagles,FC Utrecht vs Go Ahead Eagles,Eredivisie,2026-09-05 17:45,target__ht_over_0_5_goals,HT Over 0.5,81.2,78.1,3.1,1.28,0.6199,True,72.8,0.0,1.0,,,other,UNSETTLED
sr:match:72530892,Alverca Futebol,Braga,Alverca Futebol vs Braga,Liga Portugal,2026-09-05 18:00,target__ht_over_0_5_goals,HT Over 0.5,81.2,69.4,11.8,1.44,0.6199,True,72.8,1.0,0.0,1.0,2.0,finished,UNKNOWN_TARGET
sr:match:72735728,Ankara Keciorengucu,Sariyer SK,Ankara Keciorengucu vs Sariyer SK,1. Lig,2026-09-05 18:00,target__ht_over_0_5_goals,HT Over 0.5,78.0,73.5,4.4,1.36,0.6199,True,72.8,1.0,0.0,3.0,0.0,finished,UNKNOWN_TARGET
sr:match:72501126,Tiszakecskei LC,Szentlorinc SE,Tiszakecskei LC vs Szentlorinc SE,NB II,2026-09-05 18:00,target__ht_over_0_5_goals,HT Over 0.5,77.4,74.1,3.3,1.35,0.6199,True,72.8,1.0,0.0,2.0,0.0,finished,UNKNOWN_TARGET
sr:match:72387968,FC Dinamo Bucuresti 1948,Fotbal Club FCSB,FC Dinamo Bucuresti 1948 vs Fotbal Club FCSB,Superliga,2026-09-05 18:30,target__ht_over_0_5_goals,HT Over 0.5,77.4,73.0,4.4,1.37,0.6199,True,72.8,1.0,0.0,2.0,1.0,finished,UNKNOWN_TARGET
sr:match:74123918,Danubio FC,CA Penarol Montevideo,Danubio FC vs CA Penarol Montevideo,Primera Division,2026-09-05 19:00,target__ht_over_0_5_goals,HT Over 0.5,77.4,67.1,10.3,1.49,0.6199,True,72.8,0.0,1.0,0.0,4.0,finished,UNKNOWN_TARGET
sr:match:72083028,FK Mladost Lucani,FK Radnicki Nis,FK Mladost Lucani vs FK Radnicki Nis,Superliga,2026-09-05 19:00,target__ht_over_0_5_goals,HT Over 0.5,77.4,68.5,8.9,1.46,0.6199,True,72.8,1.0,0.0,1.0,0.0,finished,UNKNOWN_TARGET
sr:match:72654242,Volta Redonda FC RJ,Fluminense FC RJ,Volta Redonda FC RJ vs Fluminense FC RJ,"U20 Carioca, Serie A",2026-09-05 19:00,target__ht_over_0_5_goals,HT Over 0.5,78.0,72.5,5.5,1.38,0.6199,True,72.8,0.0,1.0,0.0,1.0,finished,UNKNOWN_TARGET
sr:match:71998178,PFC Levski Sofia,FC CSKA 1948,PFC Levski Sofia vs FC CSKA 1948,Parva Liga,2026-09-05 19:15,target__ht_over_0_5_goals,HT Over 0.5,81.2,74.6,6.6,1.34,0.6199,True,72.8,0.0,0.0,1.0,0.0,finished,UNKNOWN_TARGET
sr:match:72278464,Olimpija Ljubljana,NK Brinje Grosuplje,Olimpija Ljubljana vs NK Brinje Grosuplje,PrvaLiga,2026-09-05 19:15,target__ht_over_0_5_goals,HT Over 0.5,78.0,74.6,3.3,1.34,0.6199,True,72.8,1.0,0.0,3.0,0.0,finished,UNKNOWN_TARGET
sr:match:72042248,DAC 1904 Dunajska Streda,Slovan Bratislava,DAC 1904 Dunajska Streda vs Slovan Bratislava,Superliga,2026-09-05 19:30,target__ht_over_0_5_goals,HT Over 0.5,81.2,76.3,4.9,1.31,0.6199,True,72.8,0.0,0.0,2.0,0.0,finished,UNKNOWN_TARGET
sr:match:72203026,Standard Liege,Royal Antwerp FC,Standard Liege vs Royal Antwerp FC,Pro League,2026-09-05 19:45,target__ht_over_0_5_goals,HT Over 0.5,77.4,73.5,3.9,1.36,0.6199,True,72.8,0.0,0.0,1.0,0.0,finished,UNKNOWN_TARGET
sr:match:72478544,Villarreal,RC Deportivo De La Coruna,Villarreal vs RC Deportivo De La Coruna,LaLiga,2026-09-05 20:00,target__ht_over_0_5_goals,HT Over 0.5,81.2,75.2,6.0,1.33,0.6199,True,72.8,1.0,1.0,2.0,3.0,finished,UNKNOWN_TARGET
sr:match:72339786,Swansea City,Wrexham AFC,Swansea City vs Wrexham AFC,Championship,2026-09-05 20:00,target__ht_over_0_5_goals,HT Over 0.5,77.4,70.4,7.0,1.42,0.6199,True,72.8,0.0,0.0,0.0,0.0,finished,UNKNOWN_TARGET
sr:match:68098090,CD Santa Cruz,Union Espanola,CD Santa Cruz vs Union Espanola,Primera B,2026-09-05 20:00,target__ht_over_0_5_goals,HT Over 0.5,77.4,73.5,3.9,1.36,0.6199,True,72.8,0.0,1.0,1.0,1.0,finished,UNKNOWN_TARGET
sr:match:72477370,Club Deportivo Eldense,Mallorca,Club Deportivo Eldense vs Mallorca,LALIGA HYPERMOTION,2026-09-05 20:00,target__ht_over_0_5_goals,HT Over 0.5,74.8,70.9,3.8,1.41,0.6199,True,72.8,0.0,0.0,0.0,0.0,finished,UNKNOWN_TARGET
sr:match:68098100,San Luis de Quillota,CD Cobreloa Calama,San Luis de Quillota vs CD Cobreloa Calama,Primera B,2026-09-05 22:30,target__ht_over_0_5_goals,HT Over 0.5,78.0,74.6,3.3,1.34,0.6199,True,72.8,1.0,0.0,,,other,UNSETTLED
sr:match:67172904,Miami FC,Pittsburgh Riverhounds,Miami FC vs Pittsburgh Riverhounds,USL Championship,2026-09-06 00:00,target__ht_over_0_5_goals,HT Over 0.5,74.7,69.9,4.8,1.43,0.6199,True,72.8,1.0,1.0,2.0,2.0,finished,UNKNOWN_TARGET
sr:match:72053604,CS Herediano,Perez Zeledon,CS Herediano vs Perez Zeledon,Primera Division,2026-09-06 00:00,target__ht_over_0_5_goals,HT Over 0.5,81.2,75.2,6.0,1.33,0.6199,True,72.8,1.0,1.0,2.0,3.0,finished,UNKNOWN_TARGET
sr:match:66299462,Charlotte FC,Houston Dynamo,Charlotte FC vs Houston Dynamo,MLS,2026-09-06 00:30,target__ht_over_0_5_goals,HT Over 0.5,78.0,74.6,3.3,1.34,0.6199,True,72.8,0.0,0.0,0.0,0.0,finished,UNKNOWN_TARGET
sr:match:66299466,Columbus Crew,Colorado Rapids,Columbus Crew vs Colorado Rapids,MLS,2026-09-06 00:30,target__ht_over_0_5_goals,HT Over 0.5,79.4,73.0,6.4,1.37,0.6199,True,72.8,1.0,0.0,3.0,0.0,finished,UNKNOWN_TARGET
sr:match:72055140,FC Juarez,CF Pachuca,FC Juarez vs CF Pachuca,Liga MX,2026-09-05 04:00,target__ht_over_1_5_goals,HT Over 1.5,46.7,36.4,10.4,2.75,0.6269,True,38.8,0.0,0.0,0.0,2.0,finished,LOST
sr:match:72661618,Club Atletico La Paz,CD Mineros de Zacatecas,Club Atletico La Paz vs CD Mineros de Zacatecas,Liga de Expansion MX,2026-09-05 04:00,target__ht_over_1_5_goals,HT Over 1.5,58.9,48.8,10.1,2.05,0.6269,True,38.8,1.0,0.0,3.0,0.0,finished,LOST
sr:match:73204552,Pumas Unam,Club America,Pumas Unam vs Club America,"Liga MX, Women",2026-09-05 04:00,target__ht_over_1_5_goals,HT Over 1.5,62.3,56.8,5.4,1.76,0.6269,True,38.8,1.0,1.0,1.0,2.0,finished,WON
sr:match:74174500,Modbury Jets SC,Adelaide Olympic FC,Modbury Jets SC vs Adelaide Olympic FC,South Australia State League 1,2026-09-05 06:30,target__ht_over_1_5_goals,HT Over 1.5,46.7,43.5,3.3,2.3,0.6269,True,38.8,2.0,0.0,6.0,0.0,finished,WON
sr:match:74256380,Canberra Croatia FC,Queanbeyan City FC,Canberra Croatia FC vs Queanbeyan City FC,Capital NPL 1,2026-09-05 07:00,target__ht_over_1_5_goals,HT Over 1.5,62.3,55.9,6.4,1.79,0.6269,True,38.8,0.0,0.0,1.0,0.0,finished,LOST
sr:match:74231608,New Lambton FC,Broadmeadow Magic FC,New Lambton FC vs Broadmeadow Magic FC,"Northern NSW NPL, Women",2026-09-05 07:30,target__ht_over_1_5_goals,HT Over 1.5,80.0,62.5,17.5,1.6,0.6269,True,38.8,1.0,2.0,6.0,3.0,finished,WON
sr:match:74174756,Sturt Lions Reserve,North Eastern Metrostars SC Reserves,Sturt Lions Reserve vs North Eastern Metrostars SC Reserves,"South Australia NPL, Reserves",2026-09-05 08:00,target__ht_over_1_5_goals,HT Over 1.5,58.9,52.6,6.3,1.9,0.6269,True,38.8,0.0,2.0,0.0,2.0,finished,WON
sr:match:74147768,Floreat Athena FC Reserves,Kingsley Westside FC,Floreat Athena FC Reserves vs Kingsley Westside FC,"Western Australia State League 1, Reserves",2026-09-05 08:00,target__ht_over_1_5_goals,HT Over 1.5,46.7,43.5,3.3,2.3,0.6269,True,38.8,1.0,0.0,2.0,3.0,finished,LOST
sr:match:73086582,CS Concordia Chiajna,CS Afumati,CS Concordia Chiajna vs CS Afumati,Liga 2,2026-09-05 09:00,target__ht_over_1_5_goals,HT Over 1.5,46.7,43.5,3.3,2.3,0.6269,True,38.8,0.0,1.0,1.0,2.0,finished,LOST
sr:match:73296434,Tai Po FC,Hong Kong Rangers,Tai Po FC vs Hong Kong Rangers,Premier League,2026-09-05 09:00,target__ht_over_1_5_goals,HT Over 1.5,58.9,53.8,5.1,1.86,0.6269,True,38.8,1.0,1.0,3.0,2.0,finished,WON
sr:match:72151936,SC Sagamihara,AC Nagano Parceiro,SC Sagamihara vs AC Nagano Parceiro,J3 League,2026-09-05 10:00,target__ht_over_1_5_goals,HT Over 1.5,40.2,36.4,3.9,2.75,0.6269,True,38.8,0.0,1.0,1.0,1.0,finished,LOST
sr:match:74256466,Monaro Panthers FC,Tigers FC,Monaro Panthers FC vs Tigers FC,Capital NPL 1,2026-09-05 10:00,target__ht_over_1_5_goals,HT Over 1.5,58.9,54.1,4.9,1.85,0.6269,True,38.8,1.0,0.0,1.0,2.0,finished,LOST
sr:match:72575746,Dukla Prague,FC Zbrojovka Brno,Dukla Prague vs FC Zbrojovka Brno,U19 1. Liga,2026-09-05 10:00,target__ht_over_1_5_goals,HT Over 1.5,58.9,54.6,4.3,1.83,0.6269,True,38.8,0.0,1.0,2.0,2.0,finished,LOST
sr:match:72149710,Avispa Fukuoka,Mito Hollyhock,Avispa Fukuoka vs Mito Hollyhock,J1 League,2026-09-05 11:00,target__ht_over_1_5_goals,HT Over 1.5,38.4,33.9,4.5,2.95,0.6269,True,38.8,0.0,0.0,1.0,1.0,finished,LOST
sr:match:72334300,PFK Krylia Sovetov Samara,FK Krasnodar,PFK Krylia Sovetov Samara vs FK Krasnodar,Premier League,2026-09-05 12:00,target__ht_over_1_5_goals,HT Over 1.5,46.7,40.0,6.7,2.5,0.6269,True,38.8,0.0,2.0,2.0,2.0,finished,WON
sr:match:69456568,Wuxi Wugou,Yanbian Longding,Wuxi Wugou vs Yanbian Longding,China League 1,2026-09-05 12:00,target__ht_over_1_5_goals,HT Over 1.5,38.4,34.5,3.9,2.9,0.6269,True,38.8,0.0,0.0,2.0,0.0,finished,LOST
sr:match:72513844,Holstein Kiel,1 FC Nuremberg,Holstein Kiel vs 1 FC Nuremberg,2. Bundesliga,2026-09-05 12:00,target__ht_over_1_5_goals,HT Over 1.5,46.7,43.5,3.3,2.3,0.6269,True,38.8,1.0,1.0,2.0,2.0,finished,WON
sr:match:68320956,Helges IF,Taby FK,Helges IF vs Taby FK,Division 2,2026-09-05 12:00,target__ht_over_1_5_goals,HT Over 1.5,58.9,54.9,4.0,1.82,0.6269,True,38.8,0.0,0.0,1.0,1.0,finished,LOST
sr:match:68344812,Osterlen FF,IFK Karlshamn,Osterlen FF vs IFK Karlshamn,Division 2,2026-09-05 12:00,target__ht_over_1_5_goals,HT Over 1.5,58.9,50.0,8.9,2.0,0.6269,True,38.8,2.0,0.0,6.0,0.0,finished,WON
sr:match:68377976,Torslanda IK,IF Boljan Falkenberg,Torslanda IK vs IF Boljan Falkenberg,Division 2,2026-09-05 12:00,target__ht_over_1_5_goals,HT Over 1.5,58.9,48.8,10.1,2.05,0.6269,True,38.8,0.0,3.0,2.0,5.0,finished,WON
sr:match:68377980,Vastra Frolunda IF,Onsala BK,Vastra Frolunda IF vs Onsala BK,Division 2,2026-09-05 12:00,target__ht_over_1_5_goals,HT Over 1.5,58.9,52.4,6.5,1.91,0.6269,True,38.8,1.0,1.0,3.0,1.0,finished,WON
sr:match:72224018,FK Minija 2017,FK Transinvest B,FK Minija 2017 vs FK Transinvest B,1 Lyga,2026-09-05 12:00,target__ht_over_1_5_goals,HT Over 1.5,62.3,58.1,4.1,1.72,0.6269,True,38.8,1.0,0.0,3.0,0.0,finished,LOST
sr:match:67919416,Frigg Oslo FK,Ready Fotball,Frigg Oslo FK vs Ready Fotball,"3. Division, Group 1",2026-09-05 12:00,target__ht_over_1_5_goals,HT Over 1.5,80.0,62.5,17.5,1.6,0.6269,True,38.8,1.0,2.0,5.0,2.0,finished,WON
sr:match:72679300,FC Irtysh Omsk,Dinamo Stavropol,FC Irtysh Omsk vs Dinamo Stavropol,"2. Liga, Division A",2026-09-05 12:00,target__ht_over_1_5_goals,HT Over 1.5,46.7,39.2,7.5,2.55,0.6269,True,38.8,0.0,0.0,0.0,1.0,finished,LOST
sr:match:72221248,Newcastle,Bournemouth,Newcastle vs Bournemouth,Premier League,2026-09-05 12:30,target__ht_over_1_5_goals,HT Over 1.5,46.7,43.5,3.3,2.3,0.6269,True,38.8,1.0,2.0,2.0,2.0,finished,WON
sr:match:72339784,Stoke City,Charlton Athletic,Stoke City vs Charlton Athletic,Championship,2026-09-05 12:30,target__ht_over_1_5_goals,HT Over 1.5,46.7,33.3,13.4,3.0,0.6269,True,38.8,4.0,0.0,4.0,0.0,finished,WON
sr:match:73345986,Chelsea FC W,Aston Villa WFC,Chelsea FC W vs Aston Villa WFC,Super League Women,2026-09-05 12:30,target__ht_over_1_5_goals,HT Over 1.5,58.9,50.5,8.4,1.98,0.6269,True,38.8,1.0,0.0,1.0,1.0,finished,LOST
sr:match:68995366,Shanghai Port FC,Beijing Guoan,Shanghai Port FC vs Beijing Guoan,Chinese Super League,2026-09-05 12:35,target__ht_over_1_5_goals,HT Over 1.5,58.9,48.8,10.1,2.05,0.6269,True,38.8,0.0,0.0,0.0,0.0,finished,LOST
sr:match:72044316,FC Fredericia,Esbjerg FB,FC Fredericia vs Esbjerg FB,1. Division,2026-09-05 13:00,target__ht_over_1_5_goals,HT Over 1.5,58.9,51.3,7.6,1.95,0.6269,True,38.8,0.0,0.0,1.0,0.0,finished,LOST
sr:match:69502016,JDFS Alberts,FK Smiltene/Bjss,JDFS Alberts vs FK Smiltene/Bjss,1.Liga,2026-09-05 13:00,target__ht_over_1_5_goals,HT Over 1.5,62.3,56.5,5.8,1.77,0.6269,True,38.8,2.0,0.0,3.0,2.0,finished,WON
sr:match:72680100,SV Meppen 1912,1. FC Saarbrucken,SV Meppen 1912 vs 1. FC Saarbrucken,3. Liga,2026-09-05 13:00,target__ht_over_1_5_goals,HT Over 1.5,46.7,43.5,3.3,2.3,0.6269,True,38.8,1.0,3.0,1.0,6.0,finished,WON
sr:match:72224020,FK Atmosfera,FK Tauras Taurage,FK Atmosfera vs FK Tauras Taurage,1 Lyga,2026-09-05 13:00,target__ht_over_1_5_goals,HT Over 1.5,46.7,40.8,5.9,2.45,0.6269,True,38.8,0.0,1.0,3.0,1.0,finished,LOST
sr:match:67919420,Baerum SK,Nordstrand,Baerum SK vs Nordstrand,"3. Division, Group 1",2026-09-05 13:00,target__ht_over_1_5_goals,HT Over 1.5,75.3,65.8,9.6,1.52,0.6269,True,38.8,0.0,0.0,1.0,0.0,finished,LOST
sr:match:67920606,Varhaug,Brodd,Varhaug vs Brodd,"3. Division, Group 4",2026-09-05 13:00,target__ht_over_1_5_goals,HT Over 1.5,62.3,56.8,5.4,1.76,0.6269,True,38.8,1.0,0.0,3.0,0.0,finished,LOST
sr:match:70887022,FK Kaspii Aktau,FC Kairat Almaty,FK Kaspii Aktau vs FC Kairat Almaty,Premier League,2026-09-05 13:00,target__ht_over_1_5_goals,HT Over 1.5,46.7,43.5,3.3,2.3,0.6269,True,38.8,0.0,2.0,0.0,3.0,finished,WON
sr:match:72575750,FC Fastav Zlin,FK Mlada Boleslav,FC Fastav Zlin vs FK Mlada Boleslav,U19 1. Liga,2026-09-05 13:00,target__ht_over_1_5_goals,HT Over 1.5,58.9,52.6,6.3,1.9,0.6269,True,38.8,2.0,0.0,2.0,2.0,finished,WON
sr:match:71945230,Fiorentina,Torino,Fiorentina vs Torino,Serie A,2026-09-05 14:00,target__ht_over_1_5_goals,HT Over 1.5,46.7,33.9,12.8,2.95,0.6269,True,38.8,0.0,0.0,1.0,2.0,finished,LOST
sr:match:71680610,Brazil,Tanzania,Brazil vs Tanzania,"U20 FIFA World Cup, Women",2026-09-05 14:00,target__ht_over_1_5_goals,HT Over 1.5,58.9,52.9,6.0,1.89,0.6269,True,38.8,1.0,1.0,4.0,1.0,finished,WON
sr:match:74236140,CA Tembetary Ypane,Encarnacion FC,CA Tembetary Ypane vs Encarnacion FC,Division Intermedia,2026-09-05 14:00,target__ht_over_1_5_goals,HT Over 1.5,46.7,38.5,8.3,2.6,0.6269,True,38.8,0.0,2.0,0.0,2.0,finished,WON
sr:match:72674240,SSV Jeddeloh II,Hamburger SV II,SSV Jeddeloh II vs Hamburger SV II,Regionalliga North,2026-09-05 14:00,target__ht_over_1_5_goals,HT Over 1.5,58.9,53.2,5.7,1.88,0.6269,True,38.8,1.0,2.0,1.0,3.0,finished,WON
sr:match:72675996,FAC Wien Amateure,Simmeringer SC,FAC Wien Amateure vs Simmeringer SC,Wiener Stadtliga,2026-09-05 14:00,target__ht_over_1_5_goals,HT Over 1.5,62.3,57.5,4.8,1.74,0.6269,True,38.8,1.0,0.0,3.0,0.0,finished,LOST
sr:match:72513174,Borussia M´gladbach,SV 07 Elversberg,Borussia M´gladbach vs SV 07 Elversberg,Bundesliga,2026-09-05 14:30,target__ht_over_1_5_goals,HT Over 1.5,46.7,43.5,3.3,2.3,0.6269,True,38.8,2.0,1.0,3.0,4.0,finished,WON
sr:match:67915804,Stjordals-Blink,Eidsvold TF,Stjordals-Blink vs Eidsvold TF,2nd Division Group 2,2026-09-05 14:30,target__ht_over_1_5_goals,HT Over 1.5,58.9,48.8,10.1,2.05,0.6269,True,38.8,0.0,3.0,1.0,3.0,finished,WON
sr:match:72546586,Buckley Town,Penrhyncoch,Buckley Town vs Penrhyncoch,"Cymru Championship, North",2026-09-05 14:30,target__ht_over_1_5_goals,HT Over 1.5,58.9,50.5,8.4,1.98,0.6269,True,38.8,2.0,0.0,5.0,0.0,finished,WON
sr:match:72546590,Newtown AFC,Denbigh Town,Newtown AFC vs Denbigh Town,"Cymru Championship, North",2026-09-05 14:30,target__ht_over_1_5_goals,HT Over 1.5,58.9,54.3,4.6,1.84,0.6269,True,38.8,0.0,0.0,1.0,0.0,finished,LOST
sr:match:72221234,Brentford,Sunderland AFC,Brentford vs Sunderland AFC,Premier League,2026-09-05 15:00,target__ht_over_1_5_goals,HT Over 1.5,46.7,37.7,9.0,2.65,0.6269,True,38.8,0.0,0.0,1.0,1.0,finished,LOST
sr:match:72221246,Man City,Coventry City,Man City vs Coventry City,Premier League,2026-09-05 15:00,target__ht_over_1_5_goals,HT Over 1.5,62.3,52.9,9.4,1.89,0.6269,True,38.8,1.0,0.0,1.0,0.0,finished,LOST
sr:match:72339770,Burnley,Bristol City,Burnley vs Bristol City,Championship,2026-09-05 15:00,target__ht_over_1_5_goals,HT Over 1.5,46.7,37.0,9.7,2.7,0.6269,True,38.8,0.0,0.0,1.0,2.0,finished,LOST
sr:match:72339774,Millwall FC,Bolton Wanderers,Millwall FC vs Bolton Wanderers,Championship,2026-09-05 15:00,target__ht_over_1_5_goals,HT Over 1.5,46.7,33.3,13.4,3.0,0.6269,True,38.8,1.0,0.0,4.0,0.0,finished,LOST
sr:match:72339776,Portsmouth FC,Cardiff City,Portsmouth FC vs Cardiff City,Championship,2026-09-05 15:00,target__ht_over_1_5_goals,HT Over 1.5,46.7,39.2,7.5,2.55,0.6269,True,38.8,1.0,0.0,2.0,0.0,finished,LOST
sr:match:72339780,Queens Park Rangers,Middlesbrough FC,Queens Park Rangers vs Middlesbrough FC,Championship,2026-09-05 15:00,target__ht_over_1_5_goals,HT Over 1.5,46.7,39.2,7.5,2.55,0.6269,True,38.8,0.0,1.0,0.0,1.0,finished,LOST
sr:match:72339782,Sheffield United,Norwich,Sheffield United vs Norwich,Championship,2026-09-05 15:00,target__ht_over_1_5_goals,HT Over 1.5,46.7,37.7,9.0,2.65,0.6269,True,38.8,1.0,2.0,1.0,3.0,finished,WON
sr:match:72339788,West Bromwich Albion,Watford,West Bromwich Albion vs Watford,Championship,2026-09-05 15:00,target__ht_over_1_5_goals,HT Over 1.5,46.7,36.4,10.4,2.75,0.6269,True,38.8,1.0,0.0,1.0,0.0,finished,LOST
sr:match:72339790,West Ham,Derby County,West Ham vs Derby County,Championship,2026-09-05 15:00,target__ht_over_1_5_goals,HT Over 1.5,46.7,40.8,5.9,2.45,0.6269,True,38.8,1.0,0.0,3.0,0.0,finished,LOST
sr:match:67015362,Rosenborg BK,HamKam,Rosenborg BK vs HamKam,Eliteserien,2026-09-05 15:00,target__ht_over_1_5_goals,HT Over 1.5,58.9,46.5,12.4,2.15,0.6269,True,38.8,1.0,0.0,4.0,0.0,finished,LOST
sr:match:72723194,Erzurumspor FK,Konyaspor,Erzurumspor FK vs Konyaspor,Super Lig,2026-09-05 15:00,target__ht_over_1_5_goals,HT Over 1.5,46.7,33.3,13.4,3.0,0.6269,True,38.8,1.0,0.0,1.0,0.0,finished,LOST
sr:match:72203022,Royal Charleroi SC,Union Gilloise,Royal Charleroi SC vs Union Gilloise,Pro League,2026-09-05 15:00,target__ht_over_1_5_goals,HT Over 1.5,46.7,37.0,9.7,2.7,0.6269,True,38.8,2.0,2.0,2.0,3.0,finished,WON
sr:match:72302120,Club NXT,KAS Eupen,Club NXT vs KAS Eupen,Challenger Pro League,2026-09-05 15:00,target__ht_over_1_5_goals,HT Over 1.5,46.7,40.0,6.7,2.5,0.6269,True,38.8,0.0,0.0,0.0,1.0,finished,LOST
sr:match:67018152,Odds BK,Stroemsgodset IF,Odds BK vs Stroemsgodset IF,1st Division,2026-09-05 15:00,target__ht_over_1_5_goals,HT Over 1.5,58.9,54.6,4.3,1.83,0.6269,True,38.8,0.0,1.0,1.0,1.0,finished,LOST
sr:match:67018154,Sandnes Ulf,Ranheim,Sandnes Ulf vs Ranheim,1st Division,2026-09-05 15:00,target__ht_over_1_5_goals,HT Over 1.5,62.3,54.3,7.9,1.84,0.6269,True,38.8,1.0,0.0,1.0,1.0,finished,LOST
sr:match:72738138,AFC Hornchurch,Forest Green Rovers,AFC Hornchurch vs Forest Green Rovers,National League,2026-09-05 15:00,target__ht_over_1_5_goals,HT Over 1.5,46.7,42.6,4.2,2.35,0.6269,True,38.8,0.0,1.0,0.0,1.0,finished,LOST
sr:match:72759248,Spalding United,Southport FC,Spalding United vs Southport FC,National League North,2026-09-05 15:00,target__ht_over_1_5_goals,HT Over 1.5,46.7,40.8,5.9,2.45,0.6269,True,38.8,1.0,0.0,2.0,0.0,finished,LOST
sr:match:72758086,Horsham FC,Dagenham and Redbridge FC,Horsham FC vs Dagenham and Redbridge FC,National League South,2026-09-05 15:00,target__ht_over_1_5_goals,HT Over 1.5,46.7,37.7,9.0,2.65,0.6269,True,38.8,1.0,1.0,1.0,1.0,finished,WON
sr:match:72346278,Bangor FC,Ballymena United,Bangor FC vs Ballymena United,Premiership,2026-09-05 15:00,target__ht_over_1_5_goals,HT Over 1.5,46.7,39.2,7.5,2.55,0.6269,True,38.8,0.0,2.0,2.0,2.0,finished,WON
sr:match:72305168,FC Slovan Galanta,OFK Dynamo Malzenice,FC Slovan Galanta vs OFK Dynamo Malzenice,2. Liga,2026-09-05 15:00,target__ht_over_1_5_goals,HT Over 1.5,46.7,42.6,4.2,2.35,0.6269,True,38.8,0.0,0.0,1.0,0.0,finished,LOST
sr:match:72514702,Lechia Tomaszow Mazowiecki,KS Ck Troszyn,Lechia Tomaszow Mazowiecki vs KS Ck Troszyn,"III Liga, Group 1",2026-09-05 15:00,target__ht_over_1_5_goals,HT Over 1.5,58.9,54.1,4.9,1.85,0.6269,True,38.8,0.0,1.0,0.0,2.0,finished,LOST
sr:match:67919422,Valerenga IF 2,Konnerud,Valerenga IF 2 vs Konnerud,"3. Division, Group 1",2026-09-05 15:00,target__ht_over_1_5_goals,HT Over 1.5,80.0,67.6,12.4,1.48,0.6269,True,38.8,0.0,0.0,2.0,1.0,finished,LOST
sr:match:72814218,KF Laci,KF Teuta,KF Laci vs KF Teuta,Kategoria Superiore,2026-09-05 15:00,target__ht_over_1_5_goals,HT Over 1.5,31.9,28.6,3.4,3.5,0.6269,True,38.8,0.0,2.0,1.0,3.0,finished,WON
sr:match:72478528,Athletic Bilbao,Atletico Madrid,Athletic Bilbao vs Atletico Madrid,LaLiga,2026-09-05 15:15,target__ht_over_1_5_goals,HT Over 1.5,46.7,35.7,11.0,2.8,0.6269,True,38.8,0.0,0.0,3.0,0.0,finished,LOST
sr:match:72530894,Estrela Amadora,FC Famalicao,Estrela Amadora vs FC Famalicao,Liga Portugal,2026-09-05 15:30,target__ht_over_1_5_goals,HT Over 1.5,38.4,31.2,7.2,3.2,0.6269,True,38.8,0.0,1.0,2.0,2.0,finished,LOST
sr:match:72409662,Karpaty Lviv,Shakhtar D,Karpaty Lviv vs Shakhtar D,Premier League,2026-09-05 16:00,target__ht_over_1_5_goals,HT Over 1.5,46.7,38.5,8.3,2.6,0.6269,True,38.8,1.0,1.0,1.0,2.0,finished,WON
sr:match:72501132,Kozarmisleny SE,Mezokovesd Zsory SE,Kozarmisleny SE vs Mezokovesd Zsory SE,NB II,2026-09-05 16:00,target__ht_over_1_5_goals,HT Over 1.5,46.7,35.1,11.7,2.85,0.6269,True,38.8,1.0,0.0,2.0,0.0,finished,LOST
sr:match:72036150,Lens,Lorient,Lens vs Lorient,Ligue 1,2026-09-05 16:15,target__ht_over_1_5_goals,HT Over 1.5,46.7,41.7,5.1,2.4,0.6269,True,38.8,0.0,0.0,0.0,1.0,finished,LOST
sr:match:72480370,IBV Vestmannaeyjar,Fram,IBV Vestmannaeyjar vs Fram,"Besta deild, Women",2026-09-05 16:30,target__ht_over_1_5_goals,HT Over 1.5,58.9,55.9,3.0,1.79,0.6269,True,38.8,2.0,1.0,2.0,3.0,finished,WON
sr:match:73159928,Al-Faisaly FC,Al-Hazm,Al-Faisaly FC vs Al-Hazm,Saudi Pro League,2026-09-05 16:50,target__ht_over_1_5_goals,HT Over 1.5,46.7,40.0,6.7,2.5,0.6269,True,38.8,0.0,0.0,0.0,0.0,finished,LOST
sr:match:71945236,Inter,Napoli,Inter vs Napoli,Serie A,2026-09-05 17:00,target__ht_over_1_5_goals,HT Over 1.5,40.2,34.5,5.7,2.9,0.6269,True,38.8,0.0,0.0,3.0,2.0,finished,LOST
sr:match:72607948,SK Artis Brno,Viktoria Plzen,SK Artis Brno vs Viktoria Plzen,1. Liga,2026-09-05 17:00,target__ht_over_1_5_goals,HT Over 1.5,46.7,43.5,3.3,2.3,0.6269,True,38.8,0.0,3.0,0.0,3.0,finished,WON
sr:match:72176924,Young Boys Bern,FC Luzern,Young Boys Bern vs FC Luzern,Super League,2026-09-05 17:00,target__ht_over_1_5_goals,HT Over 1.5,62.3,57.8,4.5,1.73,0.6269,True,38.8,1.0,0.0,3.0,3.0,finished,LOST
sr:match:72936026,Volos NPS,Olympiacos,Volos NPS vs Olympiacos,Super League,2026-09-05 17:00,target__ht_over_1_5_goals,HT Over 1.5,58.9,42.6,16.4,2.35,0.6269,True,38.8,0.0,1.0,1.0,1.0,finished,LOST
sr:match:71680600,Mexico,Benin,Mexico vs Benin,"U20 FIFA World Cup, Women",2026-09-05 17:00,target__ht_over_1_5_goals,HT Over 1.5,58.9,48.8,10.1,2.05,0.6269,True,38.8,1.0,0.0,2.0,2.0,finished,LOST
sr:match:67015354,SK Brann,Lillestroem SK,SK Brann vs Lillestroem SK,Eliteserien,2026-09-05 17:00,target__ht_over_1_5_goals,HT Over 1.5,62.3,45.5,16.8,2.2,0.6269,True,38.8,0.0,2.0,1.0,2.0,finished,WON
sr:match:73080254,Lyon La Duchere,Nimes,Lyon La Duchere vs Nimes,National 1,2026-09-05 17:00,target__ht_over_1_5_goals,HT Over 1.5,46.7,40.0,6.7,2.5,0.6269,True,38.8,0.0,1.0,0.0,1.0,finished,LOST
sr:match:72979706,Al Sadd SC,Al Gharafa SC,Al Sadd SC vs Al Gharafa SC,Stars League,2026-09-05 17:15,target__ht_over_1_5_goals,HT Over 1.5,62.3,54.3,7.9,1.84,0.6269,True,38.8,2.0,0.0,4.0,1.0,finished,WON
sr:match:72477382,Valladolid,FC Andorra,Valladolid vs FC Andorra,LALIGA HYPERMOTION,2026-09-05 17:30,target__ht_over_1_5_goals,HT Over 1.5,38.4,35.1,3.3,2.85,0.6269,True,38.8,1.0,0.0,1.0,0.0,finished,LOST
sr:match:68194820,Keflavik IF,Valur Reykjavik,Keflavik IF vs Valur Reykjavik,Besta deild,2026-09-05 17:30,target__ht_over_1_5_goals,HT Over 1.5,58.9,54.6,4.3,1.83,0.6269,True,38.8,0.0,1.0,1.0,2.0,finished,LOST
sr:match:72530892,Alverca Futebol,Braga,Alverca Futebol vs Braga,Liga Portugal,2026-09-05 18:00,target__ht_over_1_5_goals,HT Over 1.5,46.7,33.3,13.4,3.0,0.6269,True,38.8,1.0,0.0,1.0,2.0,finished,LOST
sr:match:73160370,Omonia Aradippou,Krasava ENY Ypsonas FC,Omonia Aradippou vs Krasava ENY Ypsonas FC,1st Division,2026-09-05 18:00,target__ht_over_1_5_goals,HT Over 1.5,38.4,33.9,4.5,2.95,0.6269,True,38.8,1.0,0.0,2.0,1.0,finished,LOST
sr:match:72302936,RSC Anderlecht,KRC Genk,RSC Anderlecht vs KRC Genk,"Super League, Women",2026-09-05 18:00,target__ht_over_1_5_goals,HT Over 1.5,62.1,55.2,6.9,1.81,0.6269,True,38.8,1.0,0.0,4.0,0.0,finished,LOST
sr:match:72083026,FK Macva Sabac,FK Radnicki 1923 Kragujevac,FK Macva Sabac vs FK Radnicki 1923 Kragujevac,Superliga,2026-09-05 19:00,target__ht_over_1_5_goals,HT Over 1.5,46.7,33.9,12.8,2.95,0.6269,True,38.8,0.0,0.0,0.0,0.0,finished,LOST
sr:match:72654244,Boavista RJ,Marica FC RJ,Boavista RJ vs Marica FC RJ,"U20 Carioca, Serie A",2026-09-05 19:00,target__ht_over_1_5_goals,HT Over 1.5,46.7,37.0,9.7,2.7,0.6269,True,38.8,0.0,0.0,2.0,2.0,finished,LOST
sr:match:71945242,Roma,Atalanta,Roma vs Atalanta,Serie A,2026-09-05 19:45,target__ht_over_1_5_goals,HT Over 1.5,40.2,35.7,4.5,2.8,0.6269,True,38.8,0.0,0.0,2.0,1.0,finished,LOST
sr:match:72036148,Le Havre,Brest,Le Havre vs Brest,Ligue 1,2026-09-05 19:45,target__ht_over_1_5_goals,HT Over 1.5,38.4,32.3,6.2,3.1,0.6269,True,38.8,0.0,1.0,1.0,2.0,finished,LOST
sr:match:72339786,Swansea City,Wrexham AFC,Swansea City vs Wrexham AFC,Championship,2026-09-05 20:00,target__ht_over_1_5_goals,HT Over 1.5,40.2,34.5,5.7,2.9,0.6269,True,38.8,0.0,0.0,0.0,0.0,finished,LOST
sr:match:72477370,Club Deportivo Eldense,Mallorca,Club Deportivo Eldense vs Mallorca,LALIGA HYPERMOTION,2026-09-05 20:00,target__ht_over_1_5_goals,HT Over 1.5,40.2,35.1,5.1,2.85,0.6269,True,38.8,0.0,0.0,0.0,0.0,finished,LOST
sr:match:68686096,Atletico Ottawa,Pacific FC,Atletico Ottawa vs Pacific FC,Canadian Premier League,2026-09-05 21:00,target__ht_over_1_5_goals,HT Over 1.5,58.9,50.0,8.9,2.0,0.6269,True,38.8,0.0,0.0,,,other,UNSETTLED
sr:match:74207246,Deportivo Mixco,Comunicaciones FC ,Deportivo Mixco vs Comunicaciones FC ,Liga Nacional,2026-09-05 22:00,target__ht_over_1_5_goals,HT Over 1.5,46.7,34.5,12.3,2.9,0.6269,True,38.8,0.0,0.0,,,other,UNSETTLED
sr:match:71936086,Cusco FC,Ucv Moquegua,Cusco FC vs Ucv Moquegua,Liga 1,2026-09-06 00:00,target__ht_over_1_5_goals,HT Over 1.5,46.7,43.5,3.3,2.3,0.6269,True,38.8,1.0,0.0,2.0,0.0,finished,LOST
sr:match:73204554,Club Necaxa,Atletico San Luis,Club Necaxa vs Atletico San Luis,"Liga MX, Women",2026-09-06 00:00,target__ht_over_1_5_goals,HT Over 1.5,58.9,55.2,3.7,1.81,0.6269,True,38.8,0.0,1.0,0.0,2.0,finished,LOST
sr:match:66299466,Columbus Crew,Colorado Rapids,Columbus Crew vs Colorado Rapids,MLS,2026-09-06 00:30,target__ht_over_1_5_goals,HT Over 1.5,46.7,38.5,8.3,2.6,0.6269,True,38.8,1.0,0.0,3.0,0.0,finished,LOST
sr:match:66299464,FC Cincinnati,DC United,FC Cincinnati vs DC United,MLS,2026-09-06 00:30,target__ht_over_1_5_goals,HT Over 1.5,58.9,50.0,8.9,2.0,0.6269,True,38.8,,,,,other,UNSETTLED
sr:match:66299468,Inter Miami CF,Atlanta United FC,Inter Miami CF vs Atlanta United FC,MLS,2026-09-06 00:30,target__ht_over_1_5_goals,HT Over 1.5,62.3,57.8,4.5,1.73,0.6269,True,38.8,2.0,1.0,2.0,2.0,finished,WON
sr:match:66299470,Orlando City SC,San Diego FC,Orlando City SC vs San Diego FC,MLS,2026-09-06 00:30,target__ht_over_1_5_goals,HT Over 1.5,58.9,50.8,8.1,1.97,0.6269,True,38.8,1.0,0.0,1.0,0.0,finished,LOST
sr:match:67682010,Universidad de Chile,Coquimbo Unido,Universidad de Chile vs Coquimbo Unido,Primera Division,2026-09-06 01:00,target__ht_over_1_5_goals,HT Over 1.5,46.7,37.0,9.7,2.7,0.6269,True,38.8,0.0,0.0,4.0,2.0,finished,LOST
sr:match:72116142,Yokogawa Musashino FC,YSCC Yokohama,Yokogawa Musashino FC vs YSCC Yokohama,Japan Football League,2026-09-05 07:00,target__over_1_5_goals,Over 1.5 Goals,79.2,74.1,5.1,1.35,0.6116,True,77.7,1.0,1.0,2.0,3.0,finished,UNKNOWN_TARGET
sr:match:73576600,Psim Yogyakarta,Persita Tangerang,Psim Yogyakarta vs Persita Tangerang,Super League,2026-09-05 09:30,target__over_1_5_goals,Over 1.5 Goals,81.1,73.0,8.1,1.37,0.6116,True,77.7,0.0,0.0,1.0,1.0,finished,UNKNOWN_TARGET
sr:match:72151938,Matsumoto Yamaga FC,FC Osaka,Matsumoto Yamaga FC vs FC Osaka,J3 League,2026-09-05 10:00,target__over_1_5_goals,Over 1.5 Goals,86.2,75.8,10.4,1.32,0.6116,True,77.7,0.0,0.0,0.0,0.0,finished,UNKNOWN_TARGET
sr:match:72151936,SC Sagamihara,AC Nagano Parceiro,SC Sagamihara vs AC Nagano Parceiro,J3 League,2026-09-05 10:00,target__over_1_5_goals,Over 1.5 Goals,80.5,76.3,4.2,1.31,0.6116,True,77.7,0.0,1.0,1.0,1.0,finished,UNKNOWN_TARGET
sr:match:67817846,Bucheon FC 1995,Daejeon Citizen FC,Bucheon FC 1995 vs Daejeon Citizen FC,K-League 1,2026-09-05 11:00,target__over_1_5_goals,Over 1.5 Goals,80.5,76.9,3.6,1.3,0.6116,True,77.7,0.0,2.0,0.0,5.0,finished,UNKNOWN_TARGET
sr:match:67817852,FC Seoul,Incheon United FC,FC Seoul vs Incheon United FC,K-League 1,2026-09-05 11:00,target__over_1_5_goals,Over 1.5 Goals,81.1,76.9,4.2,1.3,0.6116,True,77.7,0.0,0.0,1.0,0.0,finished,UNKNOWN_TARGET
sr:match:72409676,FC Kharkiv,FC Obolon Kyiv,FC Kharkiv vs FC Obolon Kyiv,Premier League,2026-09-05 11:00,target__over_1_5_goals,Over 1.5 Goals,79.2,73.5,5.6,1.36,0.6116,True,77.7,5.0,0.0,,,other,UNSETTLED
sr:match:72151946,Ehime FC,Giravanz Kitakyushu,Ehime FC vs Giravanz Kitakyushu,J3 League,2026-09-05 11:00,target__over_1_5_goals,Over 1.5 Goals,84.3,78.1,6.2,1.28,0.6116,True,77.7,2.0,1.0,4.0,2.0,finished,UNKNOWN_TARGET
sr:match:72151950,Kagoshima United,FC Ryukyu,Kagoshima United vs FC Ryukyu,J3 League,2026-09-05 11:00,target__over_1_5_goals,Over 1.5 Goals,84.3,81.3,3.0,1.23,0.6116,True,77.7,0.0,0.0,2.0,1.0,finished,UNKNOWN_TARGET
sr:match:73068006,Real Madrid Castilla,Juventud Torremolinos CF,Real Madrid Castilla vs Juventud Torremolinos CF,Primera Federacion,2026-09-05 11:00,target__over_1_5_goals,Over 1.5 Goals,84.3,80.6,3.7,1.24,0.6116,True,77.7,1.0,0.0,2.0,0.0,finished,UNKNOWN_TARGET
sr:match:68311086,FC Stockholm Internazionale,Hammarby Talang FF,FC Stockholm Internazionale vs Hammarby Talang FF,Ettan,2026-09-05 12:00,target__over_1_5_goals,Over 1.5 Goals,84.3,79.4,4.9,1.26,0.6116,True,77.7,0.0,0.0,3.0,0.0,finished,UNKNOWN_TARGET
sr:match:72942460,Chiangrai United,Chonburi FC,Chiangrai United vs Chonburi FC,Thai League 1,2026-09-05 12:00,target__over_1_5_goals,Over 1.5 Goals,79.2,75.2,4.0,1.33,0.6116,True,77.7,1.0,0.0,1.0,0.0,finished,UNKNOWN_TARGET
sr:match:72339778,Preston North End,Blackburn Rovers,Preston North End vs Blackburn Rovers,Championship,2026-09-05 12:30,target__over_1_5_goals,Over 1.5 Goals,79.2,75.2,4.0,1.33,0.6116,True,77.7,2.0,0.0,2.0,1.0,finished,UNKNOWN_TARGET
sr:match:72339784,Stoke City,Charlton Athletic,Stoke City vs Charlton Athletic,Championship,2026-09-05 12:30,target__over_1_5_goals,Over 1.5 Goals,81.1,73.0,8.1,1.37,0.6116,True,77.7,4.0,0.0,4.0,0.0,finished,UNKNOWN_TARGET
sr:match:72738128,Southend United,Yeovil Town,Southend United vs Yeovil Town,National League,2026-09-05 12:30,target__over_1_5_goals,Over 1.5 Goals,84.3,81.3,3.0,1.23,0.6116,True,77.7,0.0,1.0,3.0,2.0,finished,UNKNOWN_TARGET
sr:match:72522022,Pen-y-Bont FC,Colwyn Bay,Pen-y-Bont FC vs Colwyn Bay,Cymru Premier,2026-09-05 12:30,target__over_1_5_goals,Over 1.5 Goals,80.5,76.3,4.2,1.31,0.6116,True,77.7,1.0,0.0,1.0,0.0,finished,UNKNOWN_TARGET
sr:match:72037316,Metz,Rodez Aveyron Football,Metz vs Rodez Aveyron Football,Ligue 2,2026-09-05 13:00,target__over_1_5_goals,Over 1.5 Goals,84.3,81.3,3.0,1.23,0.6116,True,77.7,3.0,1.0,4.0,1.0,finished,UNKNOWN_TARGET
sr:match:72578292,FC Chelyabinsk,Spartak Kostroma,FC Chelyabinsk vs Spartak Kostroma,1. Liga,2026-09-05 13:00,target__over_1_5_goals,Over 1.5 Goals,79.2,75.2,4.0,1.33,0.6116,True,77.7,0.0,1.0,0.0,1.0,finished,UNKNOWN_TARGET
sr:match:70381666,Big Bullets,Silver Strikers,Big Bullets vs Silver Strikers,Super League,2026-09-05 13:30,target__over_1_5_goals,Over 1.5 Goals,70.9,64.1,6.8,1.56,0.6116,True,77.7,3.0,0.0,5.0,0.0,finished,UNKNOWN_TARGET
sr:match:70381662,Malawi Armed Forces College FC,Moyale Barracks,Malawi Armed Forces College FC vs Moyale Barracks,Super League,2026-09-05 13:30,target__over_1_5_goals,Over 1.5 Goals,70.6,66.2,4.3,1.51,0.6116,True,77.7,0.0,1.0,1.0,2.0,finished,UNKNOWN_TARGET
sr:match:72523896,SC Bastia,Amiens,SC Bastia vs Amiens,Ligue 3,2026-09-05 13:45,target__over_1_5_goals,Over 1.5 Goals,77.8,74.1,3.7,1.35,0.6116,True,77.7,0.0,2.0,0.0,3.0,finished,UNKNOWN_TARGET
sr:match:71945230,Fiorentina,Torino,Fiorentina vs Torino,Serie A,2026-09-05 14:00,target__over_1_5_goals,Over 1.5 Goals,84.3,74.6,9.7,1.34,0.6116,True,77.7,0.0,0.0,1.0,2.0,finished,UNKNOWN_TARGET
sr:match:74172382,Panthrakikos FC Komotini,Pas Pyrgos,Panthrakikos FC Komotini vs Pas Pyrgos,Super League 2,2026-09-05 14:00,target__over_1_5_goals,Over 1.5 Goals,79.2,74.1,5.1,1.35,0.6116,True,77.7,0.0,0.0,0.0,0.0,finished,UNKNOWN_TARGET
sr:match:69343094,Zhetysu Taldykorgan,FC Irtysh Pavlodar,Zhetysu Taldykorgan vs FC Irtysh Pavlodar,Premier League,2026-09-05 14:00,target__over_1_5_goals,Over 1.5 Goals,84.3,79.4,4.9,1.26,0.6116,True,77.7,0.0,0.0,1.0,0.0,finished,UNKNOWN_TARGET
sr:match:72221234,Brentford,Sunderland AFC,Brentford vs Sunderland AFC,Premier League,2026-09-05 15:00,target__over_1_5_goals,Over 1.5 Goals,84.3,78.7,5.6,1.27,0.6116,True,77.7,0.0,0.0,1.0,1.0,finished,UNKNOWN_TARGET
sr:match:72221236,Brighton,Leeds United,Brighton vs Leeds United,Premier League,2026-09-05 15:00,target__over_1_5_goals,Over 1.5 Goals,84.3,77.5,6.8,1.29,0.6116,True,77.7,0.0,1.0,1.0,1.0,finished,UNKNOWN_TARGET
sr:match:72221240,Fulham,Crystal Palace,Fulham vs Crystal Palace,Premier League,2026-09-05 15:00,target__over_1_5_goals,Over 1.5 Goals,81.1,77.5,3.6,1.29,0.6116,True,77.7,2.0,1.0,2.0,3.0,finished,UNKNOWN_TARGET
sr:match:72339774,Millwall FC,Bolton Wanderers,Millwall FC vs Bolton Wanderers,Championship,2026-09-05 15:00,target__over_1_5_goals,Over 1.5 Goals,80.5,73.5,7.0,1.36,0.6116,True,77.7,1.0,0.0,4.0,0.0,finished,UNKNOWN_TARGET
sr:match:72339782,Sheffield United,Norwich,Sheffield United vs Norwich,Championship,2026-09-05 15:00,target__over_1_5_goals,Over 1.5 Goals,84.3,78.7,5.6,1.27,0.6116,True,77.7,1.0,2.0,1.0,3.0,finished,UNKNOWN_TARGET
sr:match:72339790,West Ham,Derby County,West Ham vs Derby County,Championship,2026-09-05 15:00,target__over_1_5_goals,Over 1.5 Goals,86.2,81.3,4.9,1.23,0.6116,True,77.7,1.0,0.0,3.0,0.0,finished,UNKNOWN_TARGET
sr:match:72723194,Erzurumspor FK,Konyaspor,Erzurumspor FK vs Konyaspor,Super Lig,2026-09-05 15:00,target__over_1_5_goals,Over 1.5 Goals,80.5,73.5,7.0,1.36,0.6116,True,77.7,1.0,0.0,1.0,0.0,finished,UNKNOWN_TARGET
sr:match:72203022,Royal Charleroi SC,Union Gilloise,Royal Charleroi SC vs Union Gilloise,Pro League,2026-09-05 15:00,target__over_1_5_goals,Over 1.5 Goals,86.2,77.5,8.7,1.29,0.6116,True,77.7,2.0,2.0,2.0,3.0,finished,UNKNOWN_TARGET
sr:match:72341128,Huddersfield,Notts County,Huddersfield vs Notts County,League One,2026-09-05 15:00,target__over_1_5_goals,Over 1.5 Goals,84.3,79.4,4.9,1.26,0.6116,True,77.7,1.0,1.0,1.0,1.0,finished,UNKNOWN_TARGET
sr:match:72341914,Bristol Rovers,Rotherham United,Bristol Rovers vs Rotherham United,League Two,2026-09-05 15:00,target__over_1_5_goals,Over 1.5 Goals,84.3,81.3,3.0,1.23,0.6116,True,77.7,1.0,0.0,1.0,0.0,finished,UNKNOWN_TARGET
sr:match:72341938,Northampton Town,Newport County,Northampton Town vs Newport County,League Two,2026-09-05 15:00,target__over_1_5_goals,Over 1.5 Goals,79.2,75.8,3.4,1.32,0.6116,True,77.7,0.0,0.0,1.0,0.0,finished,UNKNOWN_TARGET
sr:match:68311092,Sollentuna FK,Gefle IF,Sollentuna FK vs Gefle IF,Ettan,2026-09-05 15:00,target__over_1_5_goals,Over 1.5 Goals,84.3,80.6,3.7,1.24,0.6116,True,77.7,1.0,0.0,1.0,0.0,finished,UNKNOWN_TARGET
sr:match:72759248,Spalding United,Southport FC,Spalding United vs Southport FC,National League North,2026-09-05 15:00,target__over_1_5_goals,Over 1.5 Goals,84.3,81.3,3.0,1.23,0.6116,True,77.7,1.0,0.0,2.0,0.0,finished,UNKNOWN_TARGET
sr:match:72758084,Hemel Hempstead Town,Farnham Town,Hemel Hempstead Town vs Farnham Town,National League South,2026-09-05 15:00,target__over_1_5_goals,Over 1.5 Goals,84.3,80.6,3.7,1.24,0.6116,True,77.7,1.0,1.0,1.0,1.0,finished,UNKNOWN_TARGET
sr:match:72758086,Horsham FC,Dagenham and Redbridge FC,Horsham FC vs Dagenham and Redbridge FC,National League South,2026-09-05 15:00,target__over_1_5_goals,Over 1.5 Goals,84.3,78.1,6.2,1.28,0.6116,True,77.7,1.0,1.0,1.0,1.0,finished,UNKNOWN_TARGET
sr:match:72758088,Maidstone United FC,Weston-super-Mare,Maidstone United FC vs Weston-super-Mare,National League South,2026-09-05 15:00,target__over_1_5_goals,Over 1.5 Goals,80.5,76.9,3.6,1.3,0.6116,True,77.7,0.0,0.0,1.0,0.0,finished,UNKNOWN_TARGET
sr:match:72346278,Bangor FC,Ballymena United,Bangor FC vs Ballymena United,Premiership,2026-09-05 15:00,target__over_1_5_goals,Over 1.5 Goals,84.3,79.4,4.9,1.26,0.6116,True,77.7,0.0,2.0,2.0,2.0,finished,UNKNOWN_TARGET
sr:match:72346286,Limavady United FC,Dungannon Swifts,Limavady United FC vs Dungannon Swifts,Premiership,2026-09-05 15:00,target__over_1_5_goals,Over 1.5 Goals,84.3,81.3,3.0,1.23,0.6116,True,77.7,0.0,1.0,0.0,2.0,finished,UNKNOWN_TARGET
sr:match:72346288,Linfield FC,Carrick Rangers,Linfield FC vs Carrick Rangers,Premiership,2026-09-05 15:00,target__over_1_5_goals,Over 1.5 Goals,84.3,81.3,3.0,1.23,0.6116,True,77.7,0.0,0.0,1.0,0.0,finished,UNKNOWN_TARGET
sr:match:72578284,FC Shinnik Yaroslavl,SK Rotor Volgograd,FC Shinnik Yaroslavl vs SK Rotor Volgograd,1. Liga,2026-09-05 15:00,target__over_1_5_goals,Over 1.5 Goals,70.6,65.4,5.2,1.53,0.6116,True,77.7,1.0,1.0,2.0,2.0,finished,UNKNOWN_TARGET
sr:match:72814218,KF Laci,KF Teuta,KF Laci vs KF Teuta,Kategoria Superiore,2026-09-05 15:00,target__over_1_5_goals,Over 1.5 Goals,79.2,65.4,13.8,1.53,0.6116,True,77.7,0.0,2.0,1.0,3.0,finished,UNKNOWN_TARGET
sr:match:69592608,Chertanovo Moscow,ZFK Krasnodar,Chertanovo Moscow vs ZFK Krasnodar,"Superleague, Women",2026-09-05 15:00,target__over_1_5_goals,Over 1.5 Goals,79.2,70.4,8.7,1.42,0.6116,True,77.7,0.0,0.0,1.0,1.0,finished,UNKNOWN_TARGET
sr:match:72478528,Athletic Bilbao,Atletico Madrid,Athletic Bilbao vs Atletico Madrid,LaLiga,2026-09-05 15:15,target__over_1_5_goals,Over 1.5 Goals,80.5,76.9,3.6,1.3,0.6116,True,77.7,0.0,0.0,3.0,0.0,finished,UNKNOWN_TARGET
sr:match:72530894,Estrela Amadora,FC Famalicao,Estrela Amadora vs FC Famalicao,Liga Portugal,2026-09-05 15:30,target__over_1_5_goals,Over 1.5 Goals,81.1,71.4,9.7,1.4,0.6116,True,77.7,0.0,1.0,2.0,2.0,finished,UNKNOWN_TARGET
sr:match:73409240,Sabah Masazir,Zira FK,Sabah Masazir vs Zira FK,Premier League,2026-09-05 15:30,target__over_1_5_goals,Over 1.5 Goals,79.2,75.8,3.4,1.32,0.6116,True,77.7,3.0,0.0,5.0,0.0,finished,UNKNOWN_TARGET
sr:match:73334380,Vision FC (GHA),Young Apostles FC,Vision FC (GHA) vs Young Apostles FC,Premier League,2026-09-05 16:00,target__over_1_5_goals,Over 1.5 Goals,80.5,66.2,14.3,1.51,0.6116,True,77.7,2.0,0.0,3.0,0.0,finished,UNKNOWN_TARGET
sr:match:72679152,FC Volgar Astrakhan,FC Kaluga,FC Volgar Astrakhan vs FC Kaluga,"2. Liga, Division A",2026-09-05 16:00,target__over_1_5_goals,Over 1.5 Goals,77.8,70.4,7.4,1.42,0.6116,True,77.7,1.0,0.0,1.0,1.0,finished,UNKNOWN_TARGET
sr:match:73092892,Ascoli Calcio 1898,Benevento Calcio,Ascoli Calcio 1898 vs Benevento Calcio,Serie B,2026-09-05 16:15,target__over_1_5_goals,Over 1.5 Goals,79.2,74.6,4.5,1.34,0.6116,True,77.7,0.0,0.0,1.0,0.0,finished,UNKNOWN_TARGET
sr:match:74191418,A Sakiet Edayer,Club S Hammam-Lif,A Sakiet Edayer vs Club S Hammam-Lif,Ligue 1,2026-09-05 16:30,target__over_1_5_goals,Over 1.5 Goals,79.2,62.9,16.3,1.59,0.6116,True,77.7,0.0,0.0,1.0,0.0,finished,UNKNOWN_TARGET
sr:match:74191406,CA Bizertin,Olympique de Beja,CA Bizertin vs Olympique de Beja,Ligue 1,2026-09-05 16:30,target__over_1_5_goals,Over 1.5 Goals,79.2,66.2,12.9,1.51,0.6116,True,77.7,0.0,1.0,1.0,1.0,finished,UNKNOWN_TARGET
sr:match:73258798,Sekhukhune United,TS Galaxy FC,Sekhukhune United vs TS Galaxy FC,Premiership,2026-09-05 16:30,target__over_1_5_goals,Over 1.5 Goals,70.9,67.1,3.8,1.49,0.6116,True,77.7,0.0,0.0,0.0,0.0,finished,UNKNOWN_TARGET
sr:match:74116988,Sassuolo Calcio,Ternana,Sassuolo Calcio vs Ternana,"Serie A Cup, Women",2026-09-05 16:30,target__over_1_5_goals,Over 1.5 Goals,84.3,80.6,3.7,1.24,0.6116,True,77.7,2.0,0.0,2.0,0.0,finished,UNKNOWN_TARGET
sr:match:71945236,Inter,Napoli,Inter vs Napoli,Serie A,2026-09-05 17:00,target__over_1_5_goals,Over 1.5 Goals,80.5,74.6,5.9,1.34,0.6116,True,77.7,0.0,0.0,3.0,2.0,finished,UNKNOWN_TARGET
sr:match:71998176,FK Spartak 1918 Varna,PFC CSKA Sofia,FK Spartak 1918 Varna vs PFC CSKA Sofia,Parva Liga,2026-09-05 17:00,target__over_1_5_goals,Over 1.5 Goals,84.3,78.7,5.6,1.27,0.6116,True,77.7,1.0,1.0,1.0,1.0,finished,UNKNOWN_TARGET
sr:match:72083036,FK Radnik Surdulica,Cukaricki,FK Radnik Surdulica vs Cukaricki,Superliga,2026-09-05 17:00,target__over_1_5_goals,Over 1.5 Goals,79.2,75.8,3.4,1.32,0.6116,True,77.7,3.0,0.0,3.0,1.0,finished,UNKNOWN_TARGET
sr:match:72939192,CD Mafra,SC Covilha,CD Mafra vs SC Covilha,Liga Portugal 3,2026-09-05 17:00,target__over_1_5_goals,Over 1.5 Goals,79.2,71.4,7.7,1.4,0.6116,True,77.7,0.0,0.0,1.0,0.0,finished,UNKNOWN_TARGET
sr:match:72501120,Gyirmot FC Gyor,Karcag SE,Gyirmot FC Gyor vs Karcag SE,NB II,2026-09-05 17:00,target__over_1_5_goals,Over 1.5 Goals,84.3,79.4,4.9,1.26,0.6116,True,77.7,2.0,0.0,2.0,0.0,finished,UNKNOWN_TARGET
sr:match:73675426,Al Hidd,Al-Ahli SC Manama,Al Hidd vs Al-Ahli SC Manama,Premier League,2026-09-05 17:00,target__over_1_5_goals,Over 1.5 Goals,77.8,72.5,5.3,1.38,0.6116,True,77.7,0.0,0.0,0.0,1.0,finished,UNKNOWN_TARGET
sr:match:73019544,Jkt Tanzania,Pamba Jiji SC,Jkt Tanzania vs Pamba Jiji SC,Premier League,2026-09-05 17:00,target__over_1_5_goals,Over 1.5 Goals,80.5,69.0,11.5,1.45,0.6116,True,77.7,3.0,0.0,3.0,0.0,finished,UNKNOWN_TARGET
sr:match:73293854,Campobasso FC,AS Gubbio,Campobasso FC vs AS Gubbio,"Serie C, Group B",2026-09-05 17:00,target__over_1_5_goals,Over 1.5 Goals,80.5,72.5,8.0,1.38,0.6116,True,77.7,0.0,2.0,2.0,4.0,finished,UNKNOWN_TARGET
sr:match:73080180,Saint-Colomban Locmine,Dinan-Lehon FC,Saint-Colomban Locmine vs Dinan-Lehon FC,National 1,2026-09-05 17:00,target__over_1_5_goals,Over 1.5 Goals,79.2,73.5,5.6,1.36,0.6116,True,77.7,0.0,0.0,0.0,1.0,finished,UNKNOWN_TARGET
sr:match:73068008,UE Sant Andreu,Aguilas FC,UE Sant Andreu vs Aguilas FC,Primera Federacion,2026-09-05 17:15,target__over_1_5_goals,Over 1.5 Goals,79.2,72.5,6.7,1.38,0.6116,True,77.7,1.0,0.0,2.0,0.0,finished,UNKNOWN_TARGET
sr:match:72478540,Rayo Vallecano,Racing Santander,Rayo Vallecano vs Racing Santander,LaLiga,2026-09-05 17:30,target__over_1_5_goals,Over 1.5 Goals,86.2,79.4,6.8,1.26,0.6116,True,77.7,2.0,2.0,3.0,2.0,finished,UNKNOWN_TARGET
sr:match:68098094,Deportes Magallanes,Union San Felipe,Deportes Magallanes vs Union San Felipe,Primera B,2026-09-05 17:30,target__over_1_5_goals,Over 1.5 Goals,84.3,78.7,5.6,1.27,0.6116,True,77.7,0.0,0.0,0.0,0.0,finished,UNKNOWN_TARGET
sr:match:72559024,Pontevedra CF,Arenas Club Getxo,Pontevedra CF vs Arenas Club Getxo,Primera Federacion,2026-09-05 17:45,target__over_1_5_goals,Over 1.5 Goals,79.2,72.5,6.7,1.38,0.6116,True,77.7,1.0,0.0,4.0,1.0,finished,UNKNOWN_TARGET
sr:match:72559032,Unionistas de Salamanca CF,Real Union de Irun,Unionistas de Salamanca CF vs Real Union de Irun,Primera Federacion,2026-09-05 17:45,target__over_1_5_goals,Over 1.5 Goals,81.1,72.5,8.6,1.38,0.6116,True,77.7,1.0,1.0,2.0,4.0,finished,UNKNOWN_TARGET
sr:match:73658684,Al-Merrikh SC (SDN),Power Dynamos,Al-Merrikh SC (SDN) vs Power Dynamos,CAF Champions League,2026-09-05 18:00,target__over_1_5_goals,Over 1.5 Goals,70.9,65.8,5.1,1.52,0.6116,True,77.7,1.0,0.0,1.0,0.0,finished,UNKNOWN_TARGET
sr:match:73658722,Gaborone United,Young Africans SC,Gaborone United vs Young Africans SC,CAF Champions League,2026-09-05 18:00,target__over_1_5_goals,Over 1.5 Goals,70.6,64.5,6.0,1.55,0.6116,True,77.7,1.0,0.0,1.0,1.0,finished,UNKNOWN_TARGET
sr:match:72530892,Alverca Futebol,Braga,Alverca Futebol vs Braga,Liga Portugal,2026-09-05 18:00,target__over_1_5_goals,Over 1.5 Goals,84.3,73.5,10.8,1.36,0.6116,True,77.7,1.0,0.0,1.0,2.0,finished,UNKNOWN_TARGET
sr:match:72735730,Pendikspor,Umraniyespor,Pendikspor vs Umraniyespor,1. Lig,2026-09-05 18:00,target__over_1_5_goals,Over 1.5 Goals,79.2,74.6,4.5,1.34,0.6116,True,77.7,1.0,0.0,1.0,0.0,finished,UNKNOWN_TARGET
sr:match:73160370,Omonia Aradippou,Krasava ENY Ypsonas FC,Omonia Aradippou vs Krasava ENY Ypsonas FC,1st Division,2026-09-05 18:00,target__over_1_5_goals,Over 1.5 Goals,79.2,73.5,5.6,1.36,0.6116,True,77.7,1.0,0.0,2.0,1.0,finished,UNKNOWN_TARGET
sr:match:72501124,Bvsc-Zuglo,FC Nagykanizsai,Bvsc-Zuglo vs FC Nagykanizsai,NB II,2026-09-05 18:00,target__over_1_5_goals,Over 1.5 Goals,80.5,74.1,6.4,1.35,0.6116,True,77.7,0.0,1.0,0.0,1.0,finished,UNKNOWN_TARGET
sr:match:72501126,Tiszakecskei LC,Szentlorinc SE,Tiszakecskei LC vs Szentlorinc SE,NB II,2026-09-05 18:00,target__over_1_5_goals,Over 1.5 Goals,84.3,78.7,5.6,1.27,0.6116,True,77.7,1.0,0.0,2.0,0.0,finished,UNKNOWN_TARGET
sr:match:73265272,Gimnasia y Esgrima La Plata,CA Tigre,Gimnasia y Esgrima La Plata vs CA Tigre,Primera LPF,2026-09-05 18:30,target__over_1_5_goals,Over 1.5 Goals,67.2,62.9,4.3,1.59,0.6116,True,77.7,1.0,0.0,2.0,1.0,finished,UNKNOWN_TARGET
sr:match:73062070,Sao Cristovao FR RJ,Goncalense FC RJ,Sao Cristovao FR RJ vs Goncalense FC RJ,"Carioca, Serie B1",2026-09-05 18:45,target__over_1_5_goals,Over 1.5 Goals,70.9,67.1,3.8,1.49,0.6116,True,77.7,0.0,0.0,0.0,0.0,finished,UNKNOWN_TARGET
sr:match:73954150,Al-Fahaheel,AL Tadhamon,Al-Fahaheel vs AL Tadhamon,Premier League,2026-09-05 18:50,target__over_1_5_goals,Over 1.5 Goals,84.3,80.6,3.7,1.24,0.6116,True,77.7,1.0,0.0,4.0,1.0,finished,UNKNOWN_TARGET
sr:match:73658680,Africain,Djoliba AC,Africain vs Djoliba AC,CAF Champions League,2026-09-05 19:00,target__over_1_5_goals,Over 1.5 Goals,81.1,70.4,10.7,1.42,0.6116,True,77.7,,,,,finished,UNSETTLED
sr:match:67119720,CS Italiano,CSD Flandria,CS Italiano vs CSD Flandria,Primera B,2026-09-05 19:00,target__over_1_5_goals,Over 1.5 Goals,70.6,64.9,5.6,1.54,0.6116,True,77.7,1.0,1.0,3.0,1.0,finished,UNKNOWN_TARGET
sr:match:67119712,Real Pilar FC,CA Talleres de Remedios,Real Pilar FC vs CA Talleres de Remedios,Primera B,2026-09-05 19:00,target__over_1_5_goals,Over 1.5 Goals,70.6,62.9,7.7,1.59,0.6116,True,77.7,0.0,1.0,0.0,2.0,finished,UNKNOWN_TARGET
sr:match:67119708,Villa Dalmine,Arsenal de Sarandi,Villa Dalmine vs Arsenal de Sarandi,Primera B,2026-09-05 19:00,target__over_1_5_goals,Over 1.5 Goals,67.2,59.9,7.4,1.67,0.6116,True,77.7,0.0,0.0,0.0,1.0,finished,UNKNOWN_TARGET
sr:match:74123918,Danubio FC,CA Penarol Montevideo,Danubio FC vs CA Penarol Montevideo,Primera Division,2026-09-05 19:00,target__over_1_5_goals,Over 1.5 Goals,77.8,68.5,9.3,1.46,0.6116,True,77.7,0.0,1.0,0.0,4.0,finished,UNKNOWN_TARGET
sr:match:72083026,FK Macva Sabac,FK Radnicki 1923 Kragujevac,FK Macva Sabac vs FK Radnicki 1923 Kragujevac,Superliga,2026-09-05 19:00,target__over_1_5_goals,Over 1.5 Goals,79.2,73.5,5.6,1.36,0.6116,True,77.7,0.0,0.0,0.0,0.0,finished,UNKNOWN_TARGET
sr:match:73842984,CD Universidad Cesar Vallejo,Club Ada Jaen,CD Universidad Cesar Vallejo vs Club Ada Jaen,Liga 2,2026-09-05 19:00,target__over_1_5_goals,Over 1.5 Goals,79.2,69.4,9.7,1.44,0.6116,True,77.7,0.0,0.0,0.0,1.0,finished,UNKNOWN_TARGET
sr:match:67117936,CA San Telmo,Club Atletico Los Andes,CA San Telmo vs Club Atletico Los Andes,Primera Nacional,2026-09-05 19:00,target__over_1_5_goals,Over 1.5 Goals,67.2,60.2,7.0,1.66,0.6116,True,77.7,0.0,0.0,0.0,0.0,finished,UNKNOWN_TARGET
sr:match:67118648,CSD Tristan Suarez,San Martin de Tucuman,CSD Tristan Suarez vs San Martin de Tucuman,Primera Nacional,2026-09-05 19:00,target__over_1_5_goals,Over 1.5 Goals,70.6,58.1,12.4,1.72,0.6116,True,77.7,1.0,0.0,2.0,0.0,finished,UNKNOWN_TARGET
sr:match:67125956,CA Central Cordoba Rosario,Club El Porvenir,CA Central Cordoba Rosario vs Club El Porvenir,Primera C,2026-09-05 19:00,target__over_1_5_goals,Over 1.5 Goals,70.9,63.7,7.2,1.57,0.6116,True,77.7,1.0,0.0,2.0,0.0,finished,UNKNOWN_TARGET
sr:match:67123432,Centro Espanol,Sacachispas FC,Centro Espanol vs Sacachispas FC,Primera C,2026-09-05 19:00,target__over_1_5_goals,Over 1.5 Goals,70.6,66.2,4.3,1.51,0.6116,True,77.7,0.0,1.0,1.0,1.0,finished,UNKNOWN_TARGET
sr:match:72304268,FK Jezero Plav,FK Arsenal Tivat,FK Jezero Plav vs FK Arsenal Tivat,1. CFL,2026-09-05 19:00,target__over_1_5_goals,Over 1.5 Goals,70.6,66.2,4.3,1.51,0.6116,True,77.7,2.0,2.0,5.0,2.0,finished,UNKNOWN_TARGET
sr:match:74136190,CR Temouchent,CS Constantine,CR Temouchent vs CS Constantine,Ligue 1,2026-09-05 19:00,target__over_1_5_goals,Over 1.5 Goals,79.2,67.6,11.6,1.48,0.6116,True,77.7,1.0,0.0,1.0,1.0,finished,UNKNOWN_TARGET
sr:match:73860156,AL Minaa,AL Naft,AL Minaa vs AL Naft,Stars League,2026-09-05 19:00,target__over_1_5_goals,Over 1.5 Goals,70.6,64.1,6.5,1.56,0.6116,True,77.7,0.0,3.0,0.0,3.0,finished,UNKNOWN_TARGET
sr:match:73273732,Figueirense FC SC,Barra FC SC,Figueirense FC SC vs Barra FC SC,Copa Santa Catarina,2026-09-05 19:00,target__over_1_5_goals,Over 1.5 Goals,79.2,64.9,14.2,1.54,0.6116,True,77.7,0.0,1.0,1.0,1.0,finished,UNKNOWN_TARGET
sr:match:72654244,Boavista RJ,Marica FC RJ,Boavista RJ vs Marica FC RJ,"U20 Carioca, Serie A",2026-09-05 19:00,target__over_1_5_goals,Over 1.5 Goals,84.3,76.9,7.4,1.3,0.6116,True,77.7,0.0,0.0,2.0,2.0,finished,UNKNOWN_TARGET
sr:match:72654242,Volta Redonda FC RJ,Fluminense FC RJ,Volta Redonda FC RJ vs Fluminense FC RJ,"U20 Carioca, Serie A",2026-09-05 19:00,target__over_1_5_goals,Over 1.5 Goals,84.3,75.2,9.1,1.33,0.6116,True,77.7,0.0,1.0,0.0,1.0,finished,UNKNOWN_TARGET
sr:match:72278464,Olimpija Ljubljana,NK Brinje Grosuplje,Olimpija Ljubljana vs NK Brinje Grosuplje,PrvaLiga,2026-09-05 19:15,target__over_1_5_goals,Over 1.5 Goals,84.3,79.4,4.9,1.26,0.6116,True,77.7,1.0,0.0,3.0,0.0,finished,UNKNOWN_TARGET
sr:match:67117934,CA Acassuso,CA All Boys,CA Acassuso vs CA All Boys,Primera Nacional,2026-09-05 19:30,target__over_1_5_goals,Over 1.5 Goals,70.6,59.5,11.0,1.68,0.6116,True,77.7,0.0,0.0,0.0,1.0,finished,UNKNOWN_TARGET
sr:match:72036156,Nice,Le Mans FC,Nice vs Le Mans FC,Ligue 1,2026-09-05 19:45,target__over_1_5_goals,Over 1.5 Goals,87.2,78.7,8.4,1.27,0.6116,True,77.7,1.0,1.0,1.0,1.0,finished,UNKNOWN_TARGET
sr:match:68823228,Gremio Novorizontino SP,Avai FC SC,Gremio Novorizontino SP vs Avai FC SC,Brasileiro Serie B,2026-09-05 20:00,target__over_1_5_goals,Over 1.5 Goals,79.2,75.2,4.0,1.33,0.6116,True,77.7,3.0,1.0,3.0,1.0,finished,UNKNOWN_TARGET
sr:match:73217544,CA Sarmiento de Resistencia,Club Tucuman Central Deportes,CA Sarmiento de Resistencia vs Club Tucuman Central Deportes,Torneo Federal A,2026-09-05 20:00,target__over_1_5_goals,Over 1.5 Goals,70.6,67.1,3.4,1.49,0.6116,True,77.7,0.0,0.0,1.0,0.0,finished,UNKNOWN_TARGET
sr:match:72477370,Club Deportivo Eldense,Mallorca,Club Deportivo Eldense vs Mallorca,LALIGA HYPERMOTION,2026-09-05 20:00,target__over_1_5_goals,Over 1.5 Goals,79.2,75.8,3.4,1.32,0.6116,True,77.7,0.0,0.0,0.0,0.0,finished,UNKNOWN_TARGET
sr:match:73293872,Vis Pesaro 1898,AS Ostia Mare Lido Calcio,Vis Pesaro 1898 vs AS Ostia Mare Lido Calcio,"Serie C, Group B",2026-09-05 20:00,target__over_1_5_goals,Over 1.5 Goals,79.2,74.6,4.5,1.34,0.6116,True,77.7,0.0,0.0,1.0,2.0,finished,UNKNOWN_TARGET
sr:match:74270556,Monagas SC B,Aragua FC,Monagas SC B vs Aragua FC,Segunda Division,2026-09-05 20:30,target__over_1_5_goals,Over 1.5 Goals,79.2,71.9,7.2,1.39,0.6116,True,77.7,1.0,0.0,2.0,2.0,finished,UNKNOWN_TARGET
sr:match:71936096,Sport Huancayo,Sport Boys Association,Sport Huancayo vs Sport Boys Association,Liga 1,2026-09-05 21:00,target__over_1_5_goals,Over 1.5 Goals,84.3,77.5,6.8,1.29,0.6116,True,77.7,1.0,0.0,,,other,UNSETTLED
sr:match:67117940,Colon de Santa Fe,Deportivo Moron,Colon de Santa Fe vs Deportivo Moron,Primera Nacional,2026-09-05 21:00,target__over_1_5_goals,Over 1.5 Goals,70.6,62.9,7.7,1.59,0.6116,True,77.7,0.0,2.0,1.0,2.0,finished,UNKNOWN_TARGET
sr:match:74136192,ASO Chlef,CR Belouizdad,ASO Chlef vs CR Belouizdad,Ligue 1,2026-09-05 21:00,target__over_1_5_goals,Over 1.5 Goals,79.2,64.5,14.7,1.55,0.6116,True,77.7,2.0,3.0,3.0,3.0,finished,UNKNOWN_TARGET
sr:match:72014350,Trindade AC GO,Goiania EC GO,Trindade AC GO vs Goiania EC GO,"Goiano, 2. Divisao",2026-09-05 21:00,target__over_1_5_goals,Over 1.5 Goals,79.2,69.4,9.7,1.44,0.6116,True,77.7,0.0,0.0,0.0,0.0,finished,UNKNOWN_TARGET
sr:match:68823244,EC Juventude RS,AC Goianiense GO,EC Juventude RS vs AC Goianiense GO,Brasileiro Serie B,2026-09-05 22:00,target__over_1_5_goals,Over 1.5 Goals,70.6,64.9,5.6,1.54,0.6116,True,77.7,2.0,1.0,,,other,UNSETTLED
sr:match:72335080,Boyaca Chico FC,CD Once Caldas,Boyaca Chico FC vs CD Once Caldas,Liga DIMAYOR,2026-09-05 22:00,target__over_1_5_goals,Over 1.5 Goals,79.2,74.1,5.1,1.35,0.6116,True,77.7,2.0,0.0,,,other,UNSETTLED
sr:match:74123920,Deportivo Maldonado,Montevideo Wanderers,Deportivo Maldonado vs Montevideo Wanderers,Primera Division,2026-09-05 22:00,target__over_1_5_goals,Over 1.5 Goals,79.2,73.5,5.6,1.36,0.6116,True,77.7,1.0,0.0,,,other,UNSETTLED
sr:match:74207246,Deportivo Mixco,Comunicaciones FC ,Deportivo Mixco vs Comunicaciones FC ,Liga Nacional,2026-09-05 22:00,target__over_1_5_goals,Over 1.5 Goals,80.5,73.5,7.0,1.36,0.6116,True,77.7,0.0,0.0,,,other,UNSETTLED
sr:match:73075242,CD. Cacahuatique,CD Platense Municipal Zacatecoluca,CD. Cacahuatique vs CD Platense Municipal Zacatecoluca,Primera Division,2026-09-05 22:00,target__over_1_5_goals,Over 1.5 Goals,81.1,75.8,5.3,1.32,0.6116,True,77.7,0.0,2.0,,,other,UNSETTLED
sr:match:66886982,Sao Paulo FC SP,Atletico Mineiro MG,Sao Paulo FC SP vs Atletico Mineiro MG,Brasileiro Serie A,2026-09-05 22:30,target__over_1_5_goals,Over 1.5 Goals,79.2,71.9,7.2,1.39,0.6116,True,77.7,0.0,0.0,,,other,UNSETTLED
sr:match:73265268,CA San Lorenzo de Almagro,CA Talleres de Cordoba,CA San Lorenzo de Almagro vs CA Talleres de Cordoba,Primera LPF,2026-09-05 23:00,target__over_1_5_goals,Over 1.5 Goals,67.2,64.1,3.1,1.56,0.6116,True,77.7,0.0,0.0,,,other,UNSETTLED
sr:match:68687890,CSD Independiente del Valle,CSD Macara,CSD Independiente del Valle vs CSD Macara,LigaPro Primera A,2026-09-06 00:00,target__over_1_5_goals,Over 1.5 Goals,84.3,80.6,3.7,1.24,0.6116,True,77.7,3.0,0.0,3.0,1.0,finished,UNKNOWN_TARGET
sr:match:72053604,CS Herediano,Perez Zeledon,CS Herediano vs Perez Zeledon,Primera Division,2026-09-06 00:00,target__over_1_5_goals,Over 1.5 Goals,84.3,78.7,5.6,1.27,0.6116,True,77.7,1.0,1.0,2.0,3.0,finished,UNKNOWN_TARGET
sr:match:66299462,Charlotte FC,Houston Dynamo,Charlotte FC vs Houston Dynamo,MLS,2026-09-06 00:30,target__over_1_5_goals,Over 1.5 Goals,86.2,81.3,4.9,1.23,0.6116,True,77.7,0.0,0.0,0.0,0.0,finished,UNKNOWN_TARGET
sr:match:66299466,Columbus Crew,Colorado Rapids,Columbus Crew vs Colorado Rapids,MLS,2026-09-06 00:30,target__over_1_5_goals,Over 1.5 Goals,84.3,79.4,4.9,1.26,0.6116,True,77.7,1.0,0.0,3.0,0.0,finished,UNKNOWN_TARGET
sr:match:67172234,Sarasota Paradise,Spokane Velocity FC,Sarasota Paradise vs Spokane Velocity FC,USL League One,2026-09-06 00:30,target__over_1_5_goals,Over 1.5 Goals,77.8,74.6,3.2,1.34,0.6116,True,77.7,1.0,0.0,1.0,1.0,finished,UNKNOWN_TARGET
sr:match:66886978,Fluminense FC RJ,CR Vasco da Gama RJ,Fluminense FC RJ vs CR Vasco da Gama RJ,Brasileiro Serie A,2026-09-06 01:00,target__over_1_5_goals,Over 1.5 Goals,81.1,74.1,7.0,1.35,0.6116,True,77.7,0.0,0.0,1.0,0.0,finished,UNKNOWN_TARGET
sr:match:67682010,Universidad de Chile,Coquimbo Unido,Universidad de Chile vs Coquimbo Unido,Primera Division,2026-09-06 01:00,target__over_1_5_goals,Over 1.5 Goals,84.3,77.5,6.8,1.29,0.6116,True,77.7,0.0,0.0,4.0,2.0,finished,UNKNOWN_TARGET
sr:match:73265258,Velez Sarsfield,Estudiantes de La Plata,Velez Sarsfield vs Estudiantes de La Plata,Primera LPF,2026-09-06 01:15,target__over_1_5_goals,Over 1.5 Goals,70.9,64.9,6.0,1.54,0.6116,True,77.7,1.0,0.0,1.0,0.0,finished,UNKNOWN_TARGET
sr:match:73204552,Pumas Unam,Club America,Pumas Unam vs Club America,"Liga MX, Women",2026-09-05 04:00,target__over_2_5_goals,Over 2.5 Goals,81.2,77.5,3.7,1.29,0.641,True,56.0,1.0,1.0,1.0,2.0,finished,WON
sr:match:74174500,Modbury Jets SC,Adelaide Olympic FC,Modbury Jets SC vs Adelaide Olympic FC,South Australia State League 1,2026-09-05 06:30,target__over_2_5_goals,Over 2.5 Goals,67.6,61.0,6.6,1.64,0.641,True,56.0,2.0,0.0,6.0,0.0,finished,WON
sr:match:74256380,Canberra Croatia FC,Queanbeyan City FC,Canberra Croatia FC vs Queanbeyan City FC,Capital NPL 1,2026-09-05 07:00,target__over_2_5_goals,Over 2.5 Goals,81.2,76.9,4.3,1.3,0.641,True,56.0,0.0,0.0,1.0,0.0,finished,LOST
sr:match:74174756,Sturt Lions Reserve,North Eastern Metrostars SC Reserves,Sturt Lions Reserve vs North Eastern Metrostars SC Reserves,"South Australia NPL, Reserves",2026-09-05 08:00,target__over_2_5_goals,Over 2.5 Goals,81.2,73.5,7.6,1.36,0.641,True,56.0,0.0,2.0,0.0,2.0,finished,LOST
sr:match:74147768,Floreat Athena FC Reserves,Kingsley Westside FC,Floreat Athena FC Reserves vs Kingsley Westside FC,"Western Australia State League 1, Reserves",2026-09-05 08:00,target__over_2_5_goals,Over 2.5 Goals,67.6,62.5,5.1,1.6,0.641,True,56.0,1.0,0.0,2.0,3.0,finished,WON
sr:match:69456572,Shaanxi Union FC,Jiangxi Dingnan United,Shaanxi Union FC vs Jiangxi Dingnan United,China League 1,2026-09-05 08:30,target__over_2_5_goals,Over 2.5 Goals,67.6,64.5,3.1,1.55,0.641,True,56.0,0.0,0.0,2.0,1.0,finished,WON
sr:match:72575748,FC Banik Ostrava,SFC Opava,FC Banik Ostrava vs SFC Opava,U19 1. Liga,2026-09-05 09:00,target__over_2_5_goals,Over 2.5 Goals,81.2,77.5,3.7,1.29,0.641,True,56.0,0.0,0.0,2.0,1.0,finished,WON
sr:match:73576600,Psim Yogyakarta,Persita Tangerang,Psim Yogyakarta vs Persita Tangerang,Super League,2026-09-05 09:30,target__over_2_5_goals,Over 2.5 Goals,52.5,46.5,6.0,2.15,0.641,True,56.0,0.0,0.0,1.0,1.0,finished,LOST
sr:match:74201960,Pine Hills,Grange Thistle,Pine Hills vs Grange Thistle,Queensland Premier League 2,2026-09-05 10:00,target__over_2_5_goals,Over 2.5 Goals,81.2,74.6,6.5,1.34,0.641,True,56.0,1.0,1.0,3.0,6.0,finished,WON
sr:match:72116146,Vonds Ichihara FC,Criacao Shinjuku,Vonds Ichihara FC vs Criacao Shinjuku,Japan Football League,2026-09-05 10:00,target__over_2_5_goals,Over 2.5 Goals,45.6,42.6,3.1,2.35,0.641,True,56.0,0.0,1.0,0.0,1.0,finished,LOST
sr:match:74176026,West Torrens Birkalla,North Eastern Metrostars SC,West Torrens Birkalla vs North Eastern Metrostars SC,South Australia NPL,2026-09-05 10:30,target__over_2_5_goals,Over 2.5 Goals,67.6,63.7,3.9,1.57,0.641,True,56.0,0.0,0.0,2.0,0.0,finished,LOST
sr:match:72149710,Avispa Fukuoka,Mito Hollyhock,Avispa Fukuoka vs Mito Hollyhock,J1 League,2026-09-05 11:00,target__over_2_5_goals,Over 2.5 Goals,67.6,48.8,18.8,2.05,0.641,True,56.0,0.0,0.0,1.0,1.0,finished,LOST
sr:match:67817850,Jeonbuk FC,FC Pohang Steelers,Jeonbuk FC vs FC Pohang Steelers,K-League 1,2026-09-05 11:00,target__over_2_5_goals,Over 2.5 Goals,52.5,48.8,3.7,2.05,0.641,True,56.0,0.0,0.0,2.0,0.0,finished,LOST
sr:match:72409676,FC Kharkiv,FC Obolon Kyiv,FC Kharkiv vs FC Obolon Kyiv,Premier League,2026-09-05 11:00,target__over_2_5_goals,Over 2.5 Goals,52.5,47.6,4.9,2.1,0.641,True,56.0,5.0,0.0,,,other,UNSETTLED
sr:match:72151120,Tokushima Vortis,Iwaki FC,Tokushima Vortis vs Iwaki FC,J2 League,2026-09-05 11:00,target__over_2_5_goals,Over 2.5 Goals,47.6,43.5,4.1,2.3,0.641,True,56.0,1.0,0.0,1.0,0.0,finished,LOST
sr:match:72151932,Tochigi SC,Kochi United SC,Tochigi SC vs Kochi United SC,J3 League,2026-09-05 11:00,target__over_2_5_goals,Over 2.5 Goals,50.0,44.4,5.6,2.25,0.641,True,56.0,1.0,0.0,2.0,0.0,finished,LOST
sr:match:72516604,LKS Goczalkowice-Zdroj,MKS Kluczbork,LKS Goczalkowice-Zdroj vs MKS Kluczbork,"III Liga, Group 3",2026-09-05 11:00,target__over_2_5_goals,Over 2.5 Goals,67.6,60.6,7.0,1.65,0.641,True,56.0,2.0,0.0,3.0,0.0,finished,WON
sr:match:68311794,Hassleholms IF,Kristianstad FC,Hassleholms IF vs Kristianstad FC,Ettan,2026-09-05 12:00,target__over_2_5_goals,Over 2.5 Goals,67.6,61.3,6.2,1.63,0.641,True,56.0,0.0,1.0,2.0,1.0,finished,WON
sr:match:72513844,Holstein Kiel,1 FC Nuremberg,Holstein Kiel vs 1 FC Nuremberg,2. Bundesliga,2026-09-05 12:00,target__over_2_5_goals,Over 2.5 Goals,67.6,63.3,4.3,1.58,0.641,True,56.0,1.0,1.0,2.0,2.0,finished,WON
sr:match:68320956,Helges IF,Taby FK,Helges IF vs Taby FK,Division 2,2026-09-05 12:00,target__over_2_5_goals,Over 2.5 Goals,81.2,75.8,5.4,1.32,0.641,True,56.0,0.0,0.0,1.0,1.0,finished,LOST
sr:match:68344812,Osterlen FF,IFK Karlshamn,Osterlen FF vs IFK Karlshamn,Division 2,2026-09-05 12:00,target__over_2_5_goals,Over 2.5 Goals,81.2,69.4,11.7,1.44,0.641,True,56.0,2.0,0.0,6.0,0.0,finished,WON
sr:match:72679150,Dinamo Kirov,Rodina-2,Dinamo Kirov vs Rodina-2,"2. Liga, Division A",2026-09-05 12:00,target__over_2_5_goals,Over 2.5 Goals,52.5,48.8,3.7,2.05,0.641,True,56.0,1.0,1.0,3.0,2.0,finished,WON
sr:match:72221248,Newcastle,Bournemouth,Newcastle vs Bournemouth,Premier League,2026-09-05 12:30,target__over_2_5_goals,Over 2.5 Goals,67.6,62.5,5.1,1.6,0.641,True,56.0,1.0,2.0,2.0,2.0,finished,WON
sr:match:72339778,Preston North End,Blackburn Rovers,Preston North End vs Blackburn Rovers,Championship,2026-09-05 12:30,target__over_2_5_goals,Over 2.5 Goals,52.5,48.8,3.7,2.05,0.641,True,56.0,2.0,0.0,2.0,1.0,finished,WON
sr:match:72339784,Stoke City,Charlton Athletic,Stoke City vs Charlton Athletic,Championship,2026-09-05 12:30,target__over_2_5_goals,Over 2.5 Goals,52.5,46.5,6.0,2.15,0.641,True,56.0,4.0,0.0,4.0,0.0,finished,WON
sr:match:72341934,Fleetwood Town,Shrewsbury Town,Fleetwood Town vs Shrewsbury Town,League Two,2026-09-05 12:30,target__over_2_5_goals,Over 2.5 Goals,52.5,48.8,3.7,2.05,0.641,True,56.0,1.0,0.0,2.0,0.0,finished,LOST
sr:match:72387980,FC Botosani,ACS Sepsi OSK Sfantu Gheorghe,FC Botosani vs ACS Sepsi OSK Sfantu Gheorghe,Superliga,2026-09-05 13:00,target__over_2_5_goals,Over 2.5 Goals,52.5,48.8,3.7,2.05,0.641,True,56.0,4.0,0.0,5.0,0.0,finished,WON
sr:match:72044318,AB Gladsaxe,Aalborg BK,AB Gladsaxe vs Aalborg BK,1. Division,2026-09-05 13:00,target__over_2_5_goals,Over 2.5 Goals,67.6,61.3,6.2,1.63,0.641,True,56.0,0.0,1.0,0.0,2.0,finished,LOST
sr:match:72499024,Middelfart BK,BK Fremad Amager,Middelfart BK vs BK Fremad Amager,2nd Division,2026-09-05 13:00,target__over_2_5_goals,Over 2.5 Goals,67.6,62.5,5.1,1.6,0.641,True,56.0,0.0,1.0,1.0,1.0,finished,LOST
sr:match:69502016,JDFS Alberts,FK Smiltene/Bjss,JDFS Alberts vs FK Smiltene/Bjss,1.Liga,2026-09-05 13:00,target__over_2_5_goals,Over 2.5 Goals,81.2,77.5,3.7,1.29,0.641,True,56.0,2.0,0.0,3.0,2.0,finished,WON
sr:match:72578446,Leningradets,FC Ska-Khabarovsk,Leningradets vs FC Ska-Khabarovsk,1. Liga,2026-09-05 13:00,target__over_2_5_goals,Over 2.5 Goals,47.6,42.6,5.1,2.35,0.641,True,56.0,2.0,1.0,3.0,2.0,finished,WON
sr:match:72680088,SC Preussen 06 Munster,TSV Havelse,SC Preussen 06 Munster vs TSV Havelse,3. Liga,2026-09-05 13:00,target__over_2_5_goals,Over 2.5 Goals,68.6,65.4,3.3,1.53,0.641,True,56.0,1.0,1.0,2.0,1.0,finished,WON
sr:match:72680092,SV Waldhof Mannheim 07,SC Verl,SV Waldhof Mannheim 07 vs SC Verl,3. Liga,2026-09-05 13:00,target__over_2_5_goals,Over 2.5 Goals,71.9,68.0,3.8,1.47,0.641,True,56.0,0.0,1.0,0.0,1.0,finished,LOST
sr:match:67919840,Byaasen,Strindheim TF,Byaasen vs Strindheim TF,"3. Division, Group 2",2026-09-05 13:00,target__over_2_5_goals,Over 2.5 Goals,81.2,75.2,6.0,1.33,0.641,True,56.0,0.0,2.0,1.0,2.0,finished,WON
sr:match:72575750,FC Fastav Zlin,FK Mlada Boleslav,FC Fastav Zlin vs FK Mlada Boleslav,U19 1. Liga,2026-09-05 13:00,target__over_2_5_goals,Over 2.5 Goals,81.2,73.5,7.6,1.36,0.641,True,56.0,2.0,0.0,2.0,2.0,finished,WON
sr:match:72500708,Holstebro BK,Vanloese IF,Holstebro BK vs Vanloese IF,3rd Division,2026-09-05 13:30,target__over_2_5_goals,Over 2.5 Goals,67.6,63.7,3.9,1.57,0.641,True,56.0,1.0,2.0,1.0,2.0,finished,WON
sr:match:72942466,Rayong FC,Prachuap FC,Rayong FC vs Prachuap FC,Thai League 1,2026-09-05 13:30,target__over_2_5_goals,Over 2.5 Goals,56.7,53.5,3.3,1.87,0.641,True,56.0,0.0,0.0,1.0,0.0,finished,LOST
sr:match:70381668,Kamuzu Barracks FC,Civil Service United FC,Kamuzu Barracks FC vs Civil Service United FC,Super League,2026-09-05 13:30,target__over_2_5_goals,Over 2.5 Goals,45.6,38.5,7.2,2.6,0.641,True,56.0,0.0,0.0,0.0,1.0,finished,LOST
sr:match:70381660,Red Lions,Masters FC,Red Lions vs Masters FC,Super League,2026-09-05 13:30,target__over_2_5_goals,Over 2.5 Goals,47.6,40.8,6.8,2.45,0.641,True,56.0,0.0,0.0,0.0,0.0,finished,LOST
sr:match:72523896,SC Bastia,Amiens,SC Bastia vs Amiens,Ligue 3,2026-09-05 13:45,target__over_2_5_goals,Over 2.5 Goals,52.5,48.8,3.7,2.05,0.641,True,56.0,0.0,2.0,0.0,3.0,finished,WON
sr:match:71945230,Fiorentina,Torino,Fiorentina vs Torino,Serie A,2026-09-05 14:00,target__over_2_5_goals,Over 2.5 Goals,52.5,48.8,3.7,2.05,0.641,True,56.0,0.0,0.0,1.0,2.0,finished,WON
sr:match:67126742,GAIS,BK Hacken,GAIS vs BK Hacken,Allsvenskan,2026-09-05 14:00,target__over_2_5_goals,Over 2.5 Goals,67.6,62.9,4.7,1.59,0.641,True,56.0,0.0,0.0,0.0,0.0,finished,LOST
sr:match:71680610,Brazil,Tanzania,Brazil vs Tanzania,"U20 FIFA World Cup, Women",2026-09-05 14:00,target__over_2_5_goals,Over 2.5 Goals,81.2,72.5,8.7,1.38,0.641,True,56.0,1.0,1.0,4.0,1.0,finished,WON
sr:match:72531568,FC Penafiel,Academica de Coimbra,FC Penafiel vs Academica de Coimbra,Liga Portugal 2,2026-09-05 14:00,target__over_2_5_goals,Over 2.5 Goals,47.6,44.4,3.2,2.25,0.641,True,56.0,2.0,0.0,,,other,UNSETTLED
sr:match:67916090,Sotra SK,FK Vidar,Sotra SK vs FK Vidar,2nd Division Group 1,2026-09-05 14:00,target__over_2_5_goals,Over 2.5 Goals,81.2,78.1,3.1,1.28,0.641,True,56.0,1.0,0.0,3.0,0.0,finished,WON
sr:match:67919852,Nardo FK,Spjelkavik IL,Nardo FK vs Spjelkavik IL,"3. Division, Group 2",2026-09-05 14:00,target__over_2_5_goals,Over 2.5 Goals,81.2,75.8,5.4,1.32,0.641,True,56.0,2.0,1.0,4.0,2.0,finished,WON
sr:match:72674240,SSV Jeddeloh II,Hamburger SV II,SSV Jeddeloh II vs Hamburger SV II,Regionalliga North,2026-09-05 14:00,target__over_2_5_goals,Over 2.5 Goals,81.2,74.1,7.1,1.35,0.641,True,56.0,1.0,2.0,1.0,3.0,finished,WON
sr:match:72675996,FAC Wien Amateure,Simmeringer SC,FAC Wien Amateure vs Simmeringer SC,Wiener Stadtliga,2026-09-05 14:00,target__over_2_5_goals,Over 2.5 Goals,81.2,78.1,3.1,1.28,0.641,True,56.0,1.0,0.0,3.0,0.0,finished,WON
sr:match:72513174,Borussia M´gladbach,SV 07 Elversberg,Borussia M´gladbach vs SV 07 Elversberg,Bundesliga,2026-09-05 14:30,target__over_2_5_goals,Over 2.5 Goals,67.6,63.7,3.9,1.57,0.641,True,56.0,2.0,1.0,3.0,4.0,finished,WON
sr:match:72513168,Hoffenheim,Borussia Dortmund,Hoffenheim vs Borussia Dortmund,Bundesliga,2026-09-05 14:30,target__over_2_5_goals,Over 2.5 Goals,81.2,67.1,14.1,1.49,0.641,True,56.0,1.0,0.0,2.0,3.0,finished,WON
sr:match:72520876,FC Basel II,SC Bruhl St Gallen,FC Basel II vs SC Bruhl St Gallen,Promotion League,2026-09-05 14:30,target__over_2_5_goals,Over 2.5 Goals,81.2,76.3,4.8,1.31,0.641,True,56.0,0.0,0.0,3.0,0.0,finished,WON
sr:match:72520880,FC Breitenrain,FC Luzern,FC Breitenrain vs FC Luzern,Promotion League,2026-09-05 14:30,target__over_2_5_goals,Over 2.5 Goals,81.2,76.9,4.3,1.3,0.641,True,56.0,0.0,0.0,1.0,0.0,finished,LOST
sr:match:72546590,Newtown AFC,Denbigh Town,Newtown AFC vs Denbigh Town,"Cymru Championship, North",2026-09-05 14:30,target__over_2_5_goals,Over 2.5 Goals,81.2,74.6,6.5,1.34,0.641,True,56.0,0.0,0.0,1.0,0.0,finished,LOST
sr:match:72221234,Brentford,Sunderland AFC,Brentford vs Sunderland AFC,Premier League,2026-09-05 15:00,target__over_2_5_goals,Over 2.5 Goals,67.6,54.6,12.9,1.83,0.641,True,56.0,0.0,0.0,1.0,1.0,finished,LOST
sr:match:72221246,Man City,Coventry City,Man City vs Coventry City,Premier League,2026-09-05 15:00,target__over_2_5_goals,Over 2.5 Goals,81.2,74.6,6.5,1.34,0.641,True,56.0,1.0,0.0,1.0,0.0,finished,LOST
sr:match:72339774,Millwall FC,Bolton Wanderers,Millwall FC vs Bolton Wanderers,Championship,2026-09-05 15:00,target__over_2_5_goals,Over 2.5 Goals,52.5,47.6,4.9,2.1,0.641,True,56.0,1.0,0.0,4.0,0.0,finished,WON
sr:match:72339780,Queens Park Rangers,Middlesbrough FC,Queens Park Rangers vs Middlesbrough FC,Championship,2026-09-05 15:00,target__over_2_5_goals,Over 2.5 Goals,67.6,56.5,11.1,1.77,0.641,True,56.0,0.0,1.0,0.0,1.0,finished,LOST
sr:match:72723194,Erzurumspor FK,Konyaspor,Erzurumspor FK vs Konyaspor,Super Lig,2026-09-05 15:00,target__over_2_5_goals,Over 2.5 Goals,67.6,47.6,19.9,2.1,0.641,True,56.0,1.0,0.0,1.0,0.0,finished,LOST
sr:match:72203022,Royal Charleroi SC,Union Gilloise,Royal Charleroi SC vs Union Gilloise,Pro League,2026-09-05 15:00,target__over_2_5_goals,Over 2.5 Goals,68.9,52.6,16.3,1.9,0.641,True,56.0,2.0,2.0,2.0,3.0,finished,WON
sr:match:72341124,Burton Albion,Cambridge United,Burton Albion vs Cambridge United,League One,2026-09-05 15:00,target__over_2_5_goals,Over 2.5 Goals,56.7,48.8,8.0,2.05,0.641,True,56.0,1.0,1.0,2.0,2.0,finished,WON
sr:match:67018146,FK Haugesund,Sogndal Fotball,FK Haugesund vs Sogndal Fotball,1st Division,2026-09-05 15:00,target__over_2_5_goals,Over 2.5 Goals,86.7,83.3,3.3,1.2,0.641,True,56.0,1.0,0.0,2.0,0.0,finished,LOST
sr:match:67018148,Kongsvinger IL Toppfotball,Raufoss IL,Kongsvinger IL Toppfotball vs Raufoss IL,1st Division,2026-09-05 15:00,target__over_2_5_goals,Over 2.5 Goals,86.7,82.6,4.0,1.21,0.641,True,56.0,3.0,0.0,9.0,1.0,finished,WON
sr:match:67018152,Odds BK,Stroemsgodset IF,Odds BK vs Stroemsgodset IF,1st Division,2026-09-05 15:00,target__over_2_5_goals,Over 2.5 Goals,81.2,76.3,4.8,1.31,0.641,True,56.0,0.0,1.0,1.0,1.0,finished,LOST
sr:match:67018154,Sandnes Ulf,Ranheim,Sandnes Ulf vs Ranheim,1st Division,2026-09-05 15:00,target__over_2_5_goals,Over 2.5 Goals,82.1,75.8,6.4,1.32,0.641,True,56.0,1.0,0.0,1.0,1.0,finished,LOST
sr:match:72520886,FC Kreuzlingen,FC Grand-Saconnex,FC Kreuzlingen vs FC Grand-Saconnex,Promotion League,2026-09-05 15:00,target__over_2_5_goals,Over 2.5 Goals,81.2,73.5,7.6,1.36,0.641,True,56.0,,,,,finished,UNSETTLED
sr:match:72738142,Tamworth FC,Boston United FC,Tamworth FC vs Boston United FC,National League,2026-09-05 15:00,target__over_2_5_goals,Over 2.5 Goals,67.6,62.9,4.7,1.59,0.641,True,56.0,1.0,1.0,2.0,2.0,finished,WON
sr:match:72758080,Dover Athletic FC,Maidenhead United FC,Dover Athletic FC vs Maidenhead United FC,National League South,2026-09-05 15:00,target__over_2_5_goals,Over 2.5 Goals,67.6,59.2,8.4,1.69,0.641,True,56.0,0.0,1.0,0.0,3.0,finished,WON
sr:match:72346288,Linfield FC,Carrick Rangers,Linfield FC vs Carrick Rangers,Premiership,2026-09-05 15:00,target__over_2_5_goals,Over 2.5 Goals,67.6,58.1,9.4,1.72,0.641,True,56.0,0.0,0.0,1.0,0.0,finished,LOST
sr:match:72514702,Lechia Tomaszow Mazowiecki,KS Ck Troszyn,Lechia Tomaszow Mazowiecki vs KS Ck Troszyn,"III Liga, Group 1",2026-09-05 15:00,target__over_2_5_goals,Over 2.5 Goals,81.2,75.2,6.0,1.33,0.641,True,56.0,0.0,1.0,0.0,2.0,finished,LOST
sr:match:68307034,HK Kopavogur,Fylkir Reykjavik,HK Kopavogur vs Fylkir Reykjavik,1. deild,2026-09-05 15:00,target__over_2_5_goals,Over 2.5 Goals,81.2,78.1,3.1,1.28,0.641,True,56.0,0.0,0.0,2.0,1.0,finished,WON
sr:match:72814218,KF Laci,KF Teuta,KF Laci vs KF Teuta,Kategoria Superiore,2026-09-05 15:00,target__over_2_5_goals,Over 2.5 Goals,46.7,38.5,8.2,2.6,0.641,True,56.0,0.0,2.0,1.0,3.0,finished,WON
sr:match:69592608,Chertanovo Moscow,ZFK Krasnodar,Chertanovo Moscow vs ZFK Krasnodar,"Superleague, Women",2026-09-05 15:00,target__over_2_5_goals,Over 2.5 Goals,47.6,44.4,3.2,2.25,0.641,True,56.0,0.0,0.0,1.0,1.0,finished,LOST
sr:match:72478528,Athletic Bilbao,Atletico Madrid,Athletic Bilbao vs Atletico Madrid,LaLiga,2026-09-05 15:15,target__over_2_5_goals,Over 2.5 Goals,67.6,52.1,15.5,1.92,0.641,True,56.0,0.0,0.0,3.0,0.0,finished,WON
sr:match:72041106,NEC Nijmegen,Feyenoord,NEC Nijmegen vs Feyenoord,Eredivisie,2026-09-05 15:30,target__over_2_5_goals,Over 2.5 Goals,81.9,73.0,8.9,1.37,0.641,True,56.0,0.0,0.0,1.0,3.0,finished,WON
sr:match:72530894,Estrela Amadora,FC Famalicao,Estrela Amadora vs FC Famalicao,Liga Portugal,2026-09-05 15:30,target__over_2_5_goals,Over 2.5 Goals,50.0,45.5,4.5,2.2,0.641,True,56.0,0.0,1.0,2.0,2.0,finished,WON
sr:match:72531560,CD Feirense,Sporting Lisbon B,CD Feirense vs Sporting Lisbon B,Liga Portugal 2,2026-09-05 15:30,target__over_2_5_goals,Over 2.5 Goals,47.6,43.5,4.1,2.3,0.641,True,56.0,0.0,1.0,,,other,UNSETTLED
sr:match:67126324,Helsingborgs IF,Sandvikens IF,Helsingborgs IF vs Sandvikens IF,Superettan,2026-09-05 16:00,target__over_2_5_goals,Over 2.5 Goals,67.6,64.1,3.5,1.56,0.641,True,56.0,0.0,1.0,0.0,2.0,finished,LOST
sr:match:72304266,FK Otrant-Olympic Ulcinj,FK Buducnost,FK Otrant-Olympic Ulcinj vs FK Buducnost,1. CFL,2026-09-05 16:00,target__over_2_5_goals,Over 2.5 Goals,46.7,43.5,3.2,2.3,0.641,True,56.0,1.0,0.0,2.0,0.0,finished,LOST
sr:match:72304264,OFK Mladost DG,FK Decic Tuzi,OFK Mladost DG vs FK Decic Tuzi,1. CFL,2026-09-05 16:00,target__over_2_5_goals,Over 2.5 Goals,47.6,44.4,3.2,2.25,0.641,True,56.0,0.0,0.0,2.0,0.0,finished,LOST
sr:match:72501132,Kozarmisleny SE,Mezokovesd Zsory SE,Kozarmisleny SE vs Mezokovesd Zsory SE,NB II,2026-09-05 16:00,target__over_2_5_goals,Over 2.5 Goals,56.7,48.8,8.0,2.05,0.641,True,56.0,1.0,0.0,2.0,0.0,finished,LOST
sr:match:72679152,FC Volgar Astrakhan,FC Kaluga,FC Volgar Astrakhan vs FC Kaluga,"2. Liga, Division A",2026-09-05 16:00,target__over_2_5_goals,Over 2.5 Goals,47.6,44.4,3.2,2.25,0.641,True,56.0,1.0,0.0,1.0,1.0,finished,LOST
sr:match:74191418,A Sakiet Edayer,Club S Hammam-Lif,A Sakiet Edayer vs Club S Hammam-Lif,Ligue 1,2026-09-05 16:30,target__over_2_5_goals,Over 2.5 Goals,47.6,35.7,11.9,2.8,0.641,True,56.0,0.0,0.0,1.0,0.0,finished,LOST
sr:match:73287476,FCM Traiskirchen,FK Austria Wien,FCM Traiskirchen vs FK Austria Wien,OFB Cup,2026-09-05 16:30,target__over_2_5_goals,Over 2.5 Goals,81.2,75.2,6.0,1.33,0.641,True,56.0,0.0,4.0,0.0,6.0,finished,WON
sr:match:73258798,Sekhukhune United,TS Galaxy FC,Sekhukhune United vs TS Galaxy FC,Premiership,2026-09-05 16:30,target__over_2_5_goals,Over 2.5 Goals,45.6,40.0,5.6,2.5,0.641,True,56.0,0.0,0.0,0.0,0.0,finished,LOST
sr:match:73954148,Kuwait SC,Al Jahra,Kuwait SC vs Al Jahra,Premier League,2026-09-05 16:35,target__over_2_5_goals,Over 2.5 Goals,81.2,74.1,7.1,1.35,0.641,True,56.0,1.0,0.0,1.0,0.0,finished,LOST
sr:match:71945236,Inter,Napoli,Inter vs Napoli,Serie A,2026-09-05 17:00,target__over_2_5_goals,Over 2.5 Goals,67.6,48.8,18.8,2.05,0.641,True,56.0,0.0,0.0,3.0,2.0,finished,WON
sr:match:72334304,FK Rostov,FC Fakel Voronezh,FK Rostov vs FC Fakel Voronezh,Premier League,2026-09-05 17:00,target__over_2_5_goals,Over 2.5 Goals,46.7,42.6,4.1,2.35,0.641,True,56.0,0.0,0.0,3.0,1.0,finished,WON
sr:match:72176924,Young Boys Bern,FC Luzern,Young Boys Bern vs FC Luzern,Super League,2026-09-05 17:00,target__over_2_5_goals,Over 2.5 Goals,86.7,79.4,7.3,1.26,0.641,True,56.0,1.0,0.0,3.0,3.0,finished,WON
sr:match:71913058,GNK Dinamo Zagreb,HNK Gorica,GNK Dinamo Zagreb vs HNK Gorica,HNL,2026-09-05 17:00,target__over_2_5_goals,Over 2.5 Goals,81.2,72.5,8.7,1.38,0.641,True,56.0,1.0,0.0,1.0,0.0,finished,LOST
sr:match:68214788,Tallinna FC Flora,Nomme Kalju FC,Tallinna FC Flora vs Nomme Kalju FC,Premium Liiga,2026-09-05 17:00,target__over_2_5_goals,Over 2.5 Goals,67.6,62.9,4.7,1.59,0.641,True,56.0,2.0,1.0,2.0,1.0,finished,WON
sr:match:72042242,MSK Zilina,FK Zeleziarne Podbrezova,MSK Zilina vs FK Zeleziarne Podbrezova,Superliga,2026-09-05 17:00,target__over_2_5_goals,Over 2.5 Goals,81.2,71.4,9.7,1.4,0.641,True,56.0,2.0,0.0,3.0,1.0,finished,WON
sr:match:72203024,Yellow-Red KV Mechelen,KVC Westerlo,Yellow-Red KV Mechelen vs KVC Westerlo,Pro League,2026-09-05 17:15,target__over_2_5_goals,Over 2.5 Goals,67.6,61.7,5.8,1.62,0.641,True,56.0,0.0,2.0,0.0,4.0,finished,WON
sr:match:73068008,UE Sant Andreu,Aguilas FC,UE Sant Andreu vs Aguilas FC,Primera Federacion,2026-09-05 17:15,target__over_2_5_goals,Over 2.5 Goals,50.0,45.5,4.5,2.2,0.641,True,56.0,1.0,0.0,2.0,0.0,finished,LOST
sr:match:72979706,Al Sadd SC,Al Gharafa SC,Al Sadd SC vs Al Gharafa SC,Stars League,2026-09-05 17:15,target__over_2_5_goals,Over 2.5 Goals,81.2,75.8,5.4,1.32,0.641,True,56.0,2.0,0.0,4.0,1.0,finished,WON
sr:match:72513180,Schalke,Bayern Munich,Schalke vs Bayern Munich,Bundesliga,2026-09-05 17:30,target__over_2_5_goals,Over 2.5 Goals,86.7,80.6,6.0,1.24,0.641,True,56.0,0.0,0.0,0.0,0.0,finished,LOST
sr:match:68194820,Keflavik IF,Valur Reykjavik,Keflavik IF vs Valur Reykjavik,Besta deild,2026-09-05 17:30,target__over_2_5_goals,Over 2.5 Goals,81.2,75.8,5.4,1.32,0.641,True,56.0,0.0,1.0,1.0,2.0,finished,WON
sr:match:72041108,FC Utrecht,Go Ahead Eagles,FC Utrecht vs Go Ahead Eagles,Eredivisie,2026-09-05 17:45,target__over_2_5_goals,Over 2.5 Goals,67.6,63.7,3.9,1.57,0.641,True,56.0,0.0,1.0,,,other,UNSETTLED
sr:match:72559040,CD Coria,Barakaldo CF,CD Coria vs Barakaldo CF,Primera Federacion,2026-09-05 17:45,target__over_2_5_goals,Over 2.5 Goals,52.5,47.6,4.9,2.1,0.641,True,56.0,2.0,1.0,4.0,1.0,finished,WON
sr:match:73658684,Al-Merrikh SC (SDN),Power Dynamos,Al-Merrikh SC (SDN) vs Power Dynamos,CAF Champions League,2026-09-05 18:00,target__over_2_5_goals,Over 2.5 Goals,47.6,39.2,8.4,2.55,0.641,True,56.0,1.0,0.0,1.0,0.0,finished,LOST
sr:match:72530892,Alverca Futebol,Braga,Alverca Futebol vs Braga,Liga Portugal,2026-09-05 18:00,target__over_2_5_goals,Over 2.5 Goals,68.9,47.6,21.3,2.1,0.641,True,56.0,1.0,0.0,1.0,2.0,finished,WON
sr:match:72735730,Pendikspor,Umraniyespor,Pendikspor vs Umraniyespor,1. Lig,2026-09-05 18:00,target__over_2_5_goals,Over 2.5 Goals,52.5,48.8,3.7,2.05,0.641,True,56.0,1.0,0.0,1.0,0.0,finished,LOST
sr:match:72501124,Bvsc-Zuglo,FC Nagykanizsai,Bvsc-Zuglo vs FC Nagykanizsai,NB II,2026-09-05 18:00,target__over_2_5_goals,Over 2.5 Goals,52.5,48.8,3.7,2.05,0.641,True,56.0,0.0,1.0,0.0,1.0,finished,LOST
sr:match:72225114,Maccabi Haifa FC,Hapoel Petah Tikva FC,Maccabi Haifa FC vs Hapoel Petah Tikva FC,Premier League,2026-09-05 18:30,target__over_2_5_goals,Over 2.5 Goals,67.6,64.1,3.5,1.56,0.641,True,56.0,0.0,0.0,2.0,1.0,finished,WON
sr:match:73062070,Sao Cristovao FR RJ,Goncalense FC RJ,Sao Cristovao FR RJ vs Goncalense FC RJ,"Carioca, Serie B1",2026-09-05 18:45,target__over_2_5_goals,Over 2.5 Goals,47.6,40.8,6.8,2.45,0.641,True,56.0,0.0,0.0,0.0,0.0,finished,LOST
sr:match:73658680,Africain,Djoliba AC,Africain vs Djoliba AC,CAF Champions League,2026-09-05 19:00,target__over_2_5_goals,Over 2.5 Goals,52.5,44.4,8.1,2.25,0.641,True,56.0,,,,,finished,UNSETTLED
sr:match:72041110,Ajax,PSV Eindhoven,Ajax vs PSV Eindhoven,Eredivisie,2026-09-05 19:00,target__over_2_5_goals,Over 2.5 Goals,81.2,76.3,4.8,1.31,0.641,True,56.0,1.0,2.0,1.0,3.0,finished,WON
sr:match:67119720,CS Italiano,CSD Flandria,CS Italiano vs CSD Flandria,Primera B,2026-09-05 19:00,target__over_2_5_goals,Over 2.5 Goals,45.6,37.7,7.9,2.65,0.641,True,56.0,1.0,1.0,3.0,1.0,finished,WON
sr:match:74123918,Danubio FC,CA Penarol Montevideo,Danubio FC vs CA Penarol Montevideo,Primera Division,2026-09-05 19:00,target__over_2_5_goals,Over 2.5 Goals,47.6,41.7,6.0,2.4,0.641,True,56.0,0.0,1.0,0.0,4.0,finished,WON
sr:match:72083026,FK Macva Sabac,FK Radnicki 1923 Kragujevac,FK Macva Sabac vs FK Radnicki 1923 Kragujevac,Superliga,2026-09-05 19:00,target__over_2_5_goals,Over 2.5 Goals,52.5,47.6,4.9,2.1,0.641,True,56.0,0.0,0.0,0.0,0.0,finished,LOST
sr:match:67123434,CA Victoriano Arenas,Argentino de Rosario,CA Victoriano Arenas vs Argentino de Rosario,Primera C,2026-09-05 19:00,target__over_2_5_goals,Over 2.5 Goals,47.6,39.2,8.4,2.55,0.641,True,56.0,0.0,1.0,1.0,1.0,finished,LOST
sr:match:72516596,Odra Bytom Odrzanski,KS Row 1964 Rybnik,Odra Bytom Odrzanski vs KS Row 1964 Rybnik,"III Liga, Group 3",2026-09-05 19:00,target__over_2_5_goals,Over 2.5 Goals,67.6,64.1,3.5,1.56,0.641,True,56.0,1.0,1.0,3.0,2.0,finished,WON
sr:match:72304268,FK Jezero Plav,FK Arsenal Tivat,FK Jezero Plav vs FK Arsenal Tivat,1. CFL,2026-09-05 19:00,target__over_2_5_goals,Over 2.5 Goals,45.6,39.2,6.4,2.55,0.641,True,56.0,2.0,2.0,5.0,2.0,finished,WON
sr:match:74034930,CE Gramadense RS,EC Guarani RS,CE Gramadense RS vs EC Guarani RS,"Gaucho, Serie A2",2026-09-05 19:00,target__over_2_5_goals,Over 2.5 Goals,47.6,42.6,5.1,2.35,0.641,True,56.0,0.0,2.0,2.0,2.0,finished,WON
sr:match:73273732,Figueirense FC SC,Barra FC SC,Figueirense FC SC vs Barra FC SC,Copa Santa Catarina,2026-09-05 19:00,target__over_2_5_goals,Over 2.5 Goals,47.6,37.7,9.9,2.65,0.641,True,56.0,0.0,1.0,1.0,1.0,finished,LOST
sr:match:72036148,Le Havre,Brest,Le Havre vs Brest,Ligue 1,2026-09-05 19:45,target__over_2_5_goals,Over 2.5 Goals,52.5,46.5,6.0,2.15,0.641,True,56.0,0.0,1.0,1.0,2.0,finished,WON
sr:match:73217544,CA Sarmiento de Resistencia,Club Tucuman Central Deportes,CA Sarmiento de Resistencia vs Club Tucuman Central Deportes,Torneo Federal A,2026-09-05 20:00,target__over_2_5_goals,Over 2.5 Goals,46.7,40.0,6.7,2.5,0.641,True,56.0,0.0,0.0,1.0,0.0,finished,LOST
sr:match:73487134,Guabira Montero,Real Potosi,Guabira Montero vs Real Potosi,Division Profesional,2026-09-05 20:00,target__over_2_5_goals,Over 2.5 Goals,67.6,61.3,6.2,1.63,0.641,True,56.0,0.0,0.0,1.0,1.0,finished,LOST
sr:match:73293872,Vis Pesaro 1898,AS Ostia Mare Lido Calcio,Vis Pesaro 1898 vs AS Ostia Mare Lido Calcio,"Serie C, Group B",2026-09-05 20:00,target__over_2_5_goals,Over 2.5 Goals,52.5,48.8,3.7,2.05,0.641,True,56.0,0.0,0.0,1.0,2.0,finished,WON
sr:match:73294618,Potenza Calcio,SS Monopoli,Potenza Calcio vs SS Monopoli,"Serie C, Group C",2026-09-05 20:00,target__over_2_5_goals,Over 2.5 Goals,47.6,42.6,5.1,2.35,0.641,True,56.0,1.0,0.0,1.0,0.0,finished,LOST
sr:match:71936096,Sport Huancayo,Sport Boys Association,Sport Huancayo vs Sport Boys Association,Liga 1,2026-09-05 21:00,target__over_2_5_goals,Over 2.5 Goals,56.7,52.9,3.8,1.89,0.641,True,56.0,1.0,0.0,,,other,UNSETTLED
sr:match:67117940,Colon de Santa Fe,Deportivo Moron,Colon de Santa Fe vs Deportivo Moron,Primera Nacional,2026-09-05 21:00,target__over_2_5_goals,Over 2.5 Goals,45.6,35.7,9.9,2.8,0.641,True,56.0,0.0,2.0,1.0,2.0,finished,WON
sr:match:72014350,Trindade AC GO,Goiania EC GO,Trindade AC GO vs Goiania EC GO,"Goiano, 2. Divisao",2026-09-05 21:00,target__over_2_5_goals,Over 2.5 Goals,47.6,42.6,5.1,2.35,0.641,True,56.0,0.0,0.0,0.0,0.0,finished,LOST
sr:match:74247604,America de Cali Sa,Independiente Santa Fe,America de Cali Sa vs Independiente Santa Fe,Liga Femenina,2026-09-05 21:30,target__over_2_5_goals,Over 2.5 Goals,52.5,47.6,4.9,2.1,0.641,True,56.0,0.0,0.0,,,other,UNSETTLED
sr:match:72014354,Morrinhos FC GO,Goianesia EC GO,Morrinhos FC GO vs Goianesia EC GO,"Goiano, 2. Divisao",2026-09-05 22:00,target__over_2_5_goals,Over 2.5 Goals,46.7,42.6,4.1,2.35,0.641,True,56.0,1.0,1.0,,,other,UNSETTLED
sr:match:73038540,Sportivo San Lorenzo,CS 2 de Mayo,Sportivo San Lorenzo vs CS 2 de Mayo,Division de Honor,2026-09-05 22:30,target__over_2_5_goals,Over 2.5 Goals,47.6,44.4,3.2,2.25,0.641,True,56.0,1.0,1.0,,,other,UNSETTLED
sr:match:73265268,CA San Lorenzo de Almagro,CA Talleres de Cordoba,CA San Lorenzo de Almagro vs CA Talleres de Cordoba,Primera LPF,2026-09-05 23:00,target__over_2_5_goals,Over 2.5 Goals,45.6,37.0,8.6,2.7,0.641,True,56.0,0.0,0.0,,,other,UNSETTLED
sr:match:67119724,Deportivo Merlo,CA Defensores Unidos,Deportivo Merlo vs CA Defensores Unidos,Primera B,2026-09-05 23:00,target__over_2_5_goals,Over 2.5 Goals,47.6,40.8,6.8,2.45,0.641,True,56.0,0.0,0.0,,,other,UNSETTLED
sr:match:71936086,Cusco FC,Ucv Moquegua,Cusco FC vs Ucv Moquegua,Liga 1,2026-09-06 00:00,target__over_2_5_goals,Over 2.5 Goals,67.6,61.0,6.6,1.64,0.641,True,56.0,1.0,0.0,2.0,0.0,finished,LOST
sr:match:73204554,Club Necaxa,Atletico San Luis,Club Necaxa vs Atletico San Luis,"Liga MX, Women",2026-09-06 00:00,target__over_2_5_goals,Over 2.5 Goals,81.2,75.2,6.0,1.33,0.641,True,56.0,0.0,1.0,0.0,2.0,finished,LOST
sr:match:72335088,Cucuta Deportivo FC,AD Pasto,Cucuta Deportivo FC vs AD Pasto,Liga DIMAYOR,2026-09-06 00:10,target__over_2_5_goals,Over 2.5 Goals,47.6,43.5,4.1,2.3,0.641,True,56.0,2.0,1.0,2.0,2.0,finished,WON
sr:match:66299464,FC Cincinnati,DC United,FC Cincinnati vs DC United,MLS,2026-09-06 00:30,target__over_2_5_goals,Over 2.5 Goals,81.2,70.9,10.3,1.41,0.641,True,56.0,,,,,other,UNSETTLED
sr:match:66299470,Orlando City SC,San Diego FC,Orlando City SC vs San Diego FC,MLS,2026-09-06 00:30,target__over_2_5_goals,Over 2.5 Goals,81.2,71.9,9.2,1.39,0.641,True,56.0,1.0,0.0,1.0,0.0,finished,LOST
sr:match:66299474,Toronto FC,Chicago Fire,Toronto FC vs Chicago Fire,MLS,2026-09-06 00:30,target__over_2_5_goals,Over 2.5 Goals,67.6,62.5,5.1,1.6,0.641,True,56.0,2.0,1.0,4.0,4.0,finished,WON
sr:match:67172232,Fort Wayne FC,New York Cosmos,Fort Wayne FC vs New York Cosmos,USL League One,2026-09-06 00:30,target__over_2_5_goals,Over 2.5 Goals,67.6,63.7,3.9,1.57,0.641,True,56.0,0.0,2.0,2.0,4.0,finished,WON
sr:match:67682010,Universidad de Chile,Coquimbo Unido,Universidad de Chile vs Coquimbo Unido,Primera Division,2026-09-06 01:00,target__over_2_5_goals,Over 2.5 Goals,56.7,52.6,4.1,1.9,0.641,True,56.0,0.0,0.0,4.0,2.0,finished,WON
sr:match:68098102,San Marcos de Arica,Deportes Copiapo,San Marcos de Arica vs Deportes Copiapo,Primera B,2026-09-06 01:00,target__over_2_5_goals,Over 2.5 Goals,52.5,48.8,3.7,2.05,0.641,True,56.0,0.0,1.0,2.0,1.0,finished,WON
sr:match:74202086,Newmarket SFC,AC Carina,Newmarket SFC vs AC Carina,Queensland Premier League 3 Metro,2026-09-05 04:30,target__over_3_5_goals,Over 3.5 Goals,83.3,70.4,12.9,1.42,0.6631,True,35.0,1.0,1.0,4.0,1.0,finished,WON
sr:match:74174502,Adelaide Croatia Raiders SC,Adelaide Blue Eagles,Adelaide Croatia Raiders SC vs Adelaide Blue Eagles,South Australia State League 1,2026-09-05 06:30,target__over_3_5_goals,Over 3.5 Goals,47.6,44.4,3.2,2.25,0.6631,True,35.0,3.0,0.0,4.0,0.0,finished,WON
sr:match:74174500,Modbury Jets SC,Adelaide Olympic FC,Modbury Jets SC vs Adelaide Olympic FC,South Australia State League 1,2026-09-05 06:30,target__over_3_5_goals,Over 3.5 Goals,42.5,38.5,4.0,2.6,0.6631,True,35.0,2.0,0.0,6.0,0.0,finished,WON
sr:match:72116136,Tiamo Hirakata,Maruyasu Okazaki,Tiamo Hirakata vs Maruyasu Okazaki,Japan Football League,2026-09-05 06:30,target__over_3_5_goals,Over 3.5 Goals,40.1,33.9,6.2,2.95,0.6631,True,35.0,0.0,3.0,1.0,3.0,finished,WON
sr:match:74231608,New Lambton FC,Broadmeadow Magic FC,New Lambton FC vs Broadmeadow Magic FC,"Northern NSW NPL, Women",2026-09-05 07:30,target__over_3_5_goals,Over 3.5 Goals,83.3,66.2,17.1,1.51,0.6631,True,35.0,1.0,2.0,6.0,3.0,finished,WON
sr:match:72414958,FK Motorlet Prague,SK Aritma Prague,FK Motorlet Prague vs SK Aritma Prague,CFL,2026-09-05 09:15,target__over_3_5_goals,Over 3.5 Goals,40.1,34.5,5.6,2.9,0.6631,True,35.0,1.0,0.0,4.0,0.0,finished,WON
sr:match:72414956,Loko Vltavin,SK Benesov,Loko Vltavin vs SK Benesov,CFL,2026-09-05 09:15,target__over_3_5_goals,Over 3.5 Goals,40.1,36.4,3.8,2.75,0.6631,True,35.0,2.0,2.0,2.0,2.0,finished,WON
sr:match:73576602,Bhayangkara Presisi Indonesia FC,Persebaya Surabaya,Bhayangkara Presisi Indonesia FC vs Persebaya Surabaya,Super League,2026-09-05 09:30,target__over_3_5_goals,Over 3.5 Goals,40.1,33.3,6.8,3.0,0.6631,True,35.0,0.0,1.0,1.0,1.0,finished,LOST
sr:match:72151938,Matsumoto Yamaga FC,FC Osaka,Matsumoto Yamaga FC vs FC Osaka,J3 League,2026-09-05 10:00,target__over_3_5_goals,Over 3.5 Goals,40.1,29.4,10.7,3.4,0.6631,True,35.0,0.0,0.0,0.0,0.0,finished,LOST
sr:match:74201960,Pine Hills,Grange Thistle,Pine Hills vs Grange Thistle,Queensland Premier League 2,2026-09-05 10:00,target__over_3_5_goals,Over 3.5 Goals,58.2,54.6,3.5,1.83,0.6631,True,35.0,1.0,1.0,3.0,6.0,finished,WON
sr:match:74176024,Adelaide City FC,Playford City,Adelaide City FC vs Playford City,South Australia NPL,2026-09-05 10:30,target__over_3_5_goals,Over 3.5 Goals,42.5,38.5,4.0,2.6,0.6631,True,35.0,2.0,0.0,6.0,0.0,finished,WON
sr:match:68852226,Viljandi JK Tulevik,Tallinna JK Legion,Viljandi JK Tulevik vs Tallinna JK Legion,Esiliiga B,2026-09-05 10:30,target__over_3_5_goals,Over 3.5 Goals,83.3,70.4,12.9,1.42,0.6631,True,35.0,1.0,0.0,3.0,0.0,finished,LOST
sr:match:72149710,Avispa Fukuoka,Mito Hollyhock,Avispa Fukuoka vs Mito Hollyhock,J1 League,2026-09-05 11:00,target__over_3_5_goals,Over 3.5 Goals,40.1,27.8,12.3,3.6,0.6631,True,35.0,0.0,0.0,1.0,1.0,finished,LOST
sr:match:67817846,Bucheon FC 1995,Daejeon Citizen FC,Bucheon FC 1995 vs Daejeon Citizen FC,K-League 1,2026-09-05 11:00,target__over_3_5_goals,Over 3.5 Goals,40.1,30.3,9.8,3.3,0.6631,True,35.0,0.0,2.0,0.0,5.0,finished,WON
sr:match:72151120,Tokushima Vortis,Iwaki FC,Tokushima Vortis vs Iwaki FC,J2 League,2026-09-05 11:00,target__over_3_5_goals,Over 3.5 Goals,40.0,24.4,15.6,4.1,0.6631,True,35.0,1.0,0.0,1.0,0.0,finished,LOST
sr:match:72151946,Ehime FC,Giravanz Kitakyushu,Ehime FC vs Giravanz Kitakyushu,J3 League,2026-09-05 11:00,target__over_3_5_goals,Over 3.5 Goals,40.0,32.3,7.7,3.1,0.6631,True,35.0,2.0,1.0,4.0,2.0,finished,WON
sr:match:72151942,Gainare Tottori,Renofa Yamaguchi,Gainare Tottori vs Renofa Yamaguchi,J3 League,2026-09-05 11:00,target__over_3_5_goals,Over 3.5 Goals,40.1,32.3,7.9,3.1,0.6631,True,35.0,0.0,2.0,0.0,3.0,finished,LOST
sr:match:72151950,Kagoshima United,FC Ryukyu,Kagoshima United vs FC Ryukyu,J3 League,2026-09-05 11:00,target__over_3_5_goals,Over 3.5 Goals,40.1,35.7,4.4,2.8,0.6631,True,35.0,0.0,0.0,2.0,1.0,finished,LOST
sr:match:68046728,Gimhae FC,Jeonnam Dragons,Gimhae FC vs Jeonnam Dragons,K-League 2,2026-09-05 11:00,target__over_3_5_goals,Over 3.5 Goals,40.1,34.5,5.6,2.9,0.6631,True,35.0,2.0,2.0,2.0,2.0,finished,WON
sr:match:72531570,CD Tondela,FC Porto B,CD Tondela vs FC Porto B,Liga Portugal 2,2026-09-05 11:00,target__over_3_5_goals,Over 3.5 Goals,40.0,31.2,8.8,3.2,0.6631,True,35.0,1.0,0.0,,,other,UNSETTLED
sr:match:73068006,Real Madrid Castilla,Juventud Torremolinos CF,Real Madrid Castilla vs Juventud Torremolinos CF,Primera Federacion,2026-09-05 11:00,target__over_3_5_goals,Over 3.5 Goals,40.1,35.1,5.0,2.85,0.6631,True,35.0,1.0,0.0,2.0,0.0,finished,LOST
sr:match:72398648,Podhale Nowy Targ,Sandecja Nowy Sacz,Podhale Nowy Targ vs Sandecja Nowy Sacz,II Liga,2026-09-05 11:00,target__over_3_5_goals,Over 3.5 Goals,40.1,32.3,7.9,3.1,0.6631,True,35.0,1.0,1.0,2.0,1.0,finished,LOST
sr:match:72516598,Zaglebie Lubin II,Karkonosze Jelenia Gora,Zaglebie Lubin II vs Karkonosze Jelenia Gora,"III Liga, Group 3",2026-09-05 11:00,target__over_3_5_goals,Over 3.5 Goals,50.3,46.5,3.8,2.15,0.6631,True,35.0,0.0,0.0,1.0,0.0,finished,LOST
sr:match:72334300,PFK Krylia Sovetov Samara,FK Krasnodar,PFK Krylia Sovetov Samara vs FK Krasnodar,Premier League,2026-09-05 12:00,target__over_3_5_goals,Over 3.5 Goals,42.5,35.7,6.8,2.8,0.6631,True,35.0,0.0,2.0,2.0,2.0,finished,WON
sr:match:68311086,FC Stockholm Internazionale,Hammarby Talang FF,FC Stockholm Internazionale vs Hammarby Talang FF,Ettan,2026-09-05 12:00,target__over_3_5_goals,Over 3.5 Goals,40.1,33.3,6.8,3.0,0.6631,True,35.0,0.0,0.0,3.0,0.0,finished,LOST
sr:match:68311794,Hassleholms IF,Kristianstad FC,Hassleholms IF vs Kristianstad FC,Ettan,2026-09-05 12:00,target__over_3_5_goals,Over 3.5 Goals,50.3,39.2,11.1,2.55,0.6631,True,35.0,0.0,1.0,2.0,1.0,finished,LOST
sr:match:69456570,Changchun Yatai,Ningbo Professional FC,Changchun Yatai vs Ningbo Professional FC,China League 1,2026-09-05 12:00,target__over_3_5_goals,Over 3.5 Goals,40.0,32.3,7.7,3.1,0.6631,True,35.0,0.0,0.0,2.0,0.0,finished,LOST
sr:match:72398658,Sokol Kleczew,Gornik Leczna,Sokol Kleczew vs Gornik Leczna,II Liga,2026-09-05 12:00,target__over_3_5_goals,Over 3.5 Goals,40.1,37.0,3.1,2.7,0.6631,True,35.0,0.0,0.0,0.0,4.0,finished,WON
sr:match:67919416,Frigg Oslo FK,Ready Fotball,Frigg Oslo FK vs Ready Fotball,"3. Division, Group 1",2026-09-05 12:00,target__over_3_5_goals,Over 3.5 Goals,83.3,67.6,15.8,1.48,0.6631,True,35.0,1.0,2.0,5.0,2.0,finished,WON
sr:match:72679300,FC Irtysh Omsk,Dinamo Stavropol,FC Irtysh Omsk vs Dinamo Stavropol,"2. Liga, Division A",2026-09-05 12:00,target__over_3_5_goals,Over 3.5 Goals,40.0,33.3,6.7,3.0,0.6631,True,35.0,0.0,0.0,0.0,1.0,finished,LOST
sr:match:72339772,Lincoln City,Southampton,Lincoln City vs Southampton,Championship,2026-09-05 12:30,target__over_3_5_goals,Over 3.5 Goals,40.1,36.4,3.8,2.75,0.6631,True,35.0,0.0,1.0,1.0,1.0,finished,LOST
sr:match:72341134,Peterborough United,Sheffield Wednesday,Peterborough United vs Sheffield Wednesday,League One,2026-09-05 12:30,target__over_3_5_goals,Over 3.5 Goals,50.3,43.5,6.8,2.3,0.6631,True,35.0,0.0,1.0,1.0,2.0,finished,LOST
sr:match:72341138,Wigan Athletic,Stockport County FC,Wigan Athletic vs Stockport County FC,League One,2026-09-05 12:30,target__over_3_5_goals,Over 3.5 Goals,40.1,36.4,3.8,2.75,0.6631,True,35.0,0.0,3.0,0.0,4.0,finished,WON
sr:match:72738126,Aldershot Town FC,FC Halifax Town,Aldershot Town FC vs FC Halifax Town,National League,2026-09-05 12:30,target__over_3_5_goals,Over 3.5 Goals,40.1,37.0,3.1,2.7,0.6631,True,35.0,0.0,0.0,1.0,0.0,finished,LOST
sr:match:72738128,Southend United,Yeovil Town,Southend United vs Yeovil Town,National League,2026-09-05 12:30,target__over_3_5_goals,Over 3.5 Goals,40.1,35.7,4.4,2.8,0.6631,True,35.0,0.0,1.0,3.0,2.0,finished,WON
sr:match:69456576,Foshan Nanshi FC,Dalian Kun City,Foshan Nanshi FC vs Dalian Kun City,China League 1,2026-09-05 12:30,target__over_3_5_goals,Over 3.5 Goals,40.1,35.7,4.4,2.8,0.6631,True,35.0,0.0,0.0,0.0,0.0,finished,LOST
sr:match:68214790,FC Kuressaare,JK Narva Trans,FC Kuressaare vs JK Narva Trans,Premium Liiga,2026-09-05 12:30,target__over_3_5_goals,Over 3.5 Goals,40.0,33.3,6.7,3.0,0.6631,True,35.0,2.0,0.0,3.0,1.0,finished,WON
sr:match:72037316,Metz,Rodez Aveyron Football,Metz vs Rodez Aveyron Football,Ligue 2,2026-09-05 13:00,target__over_3_5_goals,Over 3.5 Goals,40.1,35.7,4.4,2.8,0.6631,True,35.0,3.0,1.0,4.0,1.0,finished,WON
sr:match:72037322,Reims,EA Guingamp,Reims vs EA Guingamp,Ligue 2,2026-09-05 13:00,target__over_3_5_goals,Over 3.5 Goals,40.1,35.1,5.0,2.85,0.6631,True,35.0,0.0,1.0,2.0,2.0,finished,WON
sr:match:72499018,FC Roskilde,Vsk Aarhus,FC Roskilde vs Vsk Aarhus,2nd Division,2026-09-05 13:00,target__over_3_5_goals,Over 3.5 Goals,40.1,37.0,3.1,2.7,0.6631,True,35.0,0.0,0.0,1.0,0.0,finished,LOST
sr:match:72680088,SC Preussen 06 Munster,TSV Havelse,SC Preussen 06 Munster vs TSV Havelse,3. Liga,2026-09-05 13:00,target__over_3_5_goals,Over 3.5 Goals,50.3,43.5,6.8,2.3,0.6631,True,35.0,1.0,1.0,2.0,1.0,finished,LOST
sr:match:72942464,Rasisalai United,Port FC,Rasisalai United vs Port FC,Thai League 1,2026-09-05 13:00,target__over_3_5_goals,Over 3.5 Goals,41.3,36.4,4.9,2.75,0.6631,True,35.0,1.0,1.0,1.0,2.0,finished,LOST
sr:match:72224020,FK Atmosfera,FK Tauras Taurage,FK Atmosfera vs FK Tauras Taurage,1 Lyga,2026-09-05 13:00,target__over_3_5_goals,Over 3.5 Goals,40.1,37.0,3.1,2.7,0.6631,True,35.0,0.0,1.0,3.0,1.0,finished,WON
sr:match:67919420,Baerum SK,Nordstrand,Baerum SK vs Nordstrand,"3. Division, Group 1",2026-09-05 13:00,target__over_3_5_goals,Over 3.5 Goals,83.3,70.4,12.9,1.42,0.6631,True,35.0,0.0,0.0,1.0,0.0,finished,LOST
sr:match:70887022,FK Kaspii Aktau,FC Kairat Almaty,FK Kaspii Aktau vs FC Kairat Almaty,Premier League,2026-09-05 13:00,target__over_3_5_goals,Over 3.5 Goals,41.3,37.7,3.5,2.65,0.6631,True,35.0,0.0,2.0,0.0,3.0,finished,LOST
sr:match:72942466,Rayong FC,Prachuap FC,Rayong FC vs Prachuap FC,Thai League 1,2026-09-05 13:30,target__over_3_5_goals,Over 3.5 Goals,40.1,32.3,7.9,3.1,0.6631,True,35.0,0.0,0.0,1.0,0.0,finished,LOST
sr:match:66855482,Bohemian FC,Peamount United Dublin,Bohemian FC vs Peamount United Dublin,"Premier Division, Women",2026-09-05 13:30,target__over_3_5_goals,Over 3.5 Goals,40.1,35.1,5.0,2.85,0.6631,True,35.0,1.0,0.0,1.0,0.0,finished,LOST
sr:match:72523888,FC Fleury 91,FC Villefranche-Beaujolais,FC Fleury 91 vs FC Villefranche-Beaujolais,Ligue 3,2026-09-05 13:45,target__over_3_5_goals,Over 3.5 Goals,40.0,31.2,8.8,3.2,0.6631,True,35.0,3.0,0.0,6.0,1.0,finished,WON
sr:match:72523880,Football Bourg-En-Bresse Peronnas 01,SM Caen,Football Bourg-En-Bresse Peronnas 01 vs SM Caen,Ligue 3,2026-09-05 13:45,target__over_3_5_goals,Over 3.5 Goals,40.0,33.3,6.7,3.0,0.6631,True,35.0,0.0,1.0,0.0,2.0,finished,LOST
sr:match:72523892,Le Puy-En Velay FC,US Orleans,Le Puy-En Velay FC vs US Orleans,Ligue 3,2026-09-05 13:45,target__over_3_5_goals,Over 3.5 Goals,40.1,33.3,6.8,3.0,0.6631,True,35.0,1.0,1.0,1.0,1.0,finished,LOST
sr:match:72523884,US Concarneau,Thionville US Lusitanos,US Concarneau vs Thionville US Lusitanos,Ligue 3,2026-09-05 13:45,target__over_3_5_goals,Over 3.5 Goals,40.1,29.4,10.7,3.4,0.6631,True,35.0,2.0,0.0,2.0,2.0,finished,WON
sr:match:72607958,Slavia Prague,FC Zbrojovka Brno,Slavia Prague vs FC Zbrojovka Brno,1. Liga,2026-09-05 14:00,target__over_3_5_goals,Over 3.5 Goals,50.3,42.6,7.8,2.35,0.6631,True,35.0,1.0,0.0,4.0,0.0,finished,WON
sr:match:71680610,Brazil,Tanzania,Brazil vs Tanzania,"U20 FIFA World Cup, Women",2026-09-05 14:00,target__over_3_5_goals,Over 3.5 Goals,54.5,51.3,3.2,1.95,0.6631,True,35.0,1.0,1.0,4.0,1.0,finished,WON
sr:match:72514700,Kts Weszlo,Zabkovia Zabki,Kts Weszlo vs Zabkovia Zabki,"III Liga, Group 1",2026-09-05 14:00,target__over_3_5_goals,Over 3.5 Goals,50.3,46.5,3.8,2.15,0.6631,True,35.0,0.0,0.0,2.0,0.0,finished,LOST
sr:match:74236140,CA Tembetary Ypane,Encarnacion FC,CA Tembetary Ypane vs Encarnacion FC,Division Intermedia,2026-09-05 14:00,target__over_3_5_goals,Over 3.5 Goals,40.1,33.3,6.8,3.0,0.6631,True,35.0,0.0,2.0,0.0,2.0,finished,LOST
sr:match:69343094,Zhetysu Taldykorgan,FC Irtysh Pavlodar,Zhetysu Taldykorgan vs FC Irtysh Pavlodar,Premier League,2026-09-05 14:00,target__over_3_5_goals,Over 3.5 Goals,40.1,33.3,6.8,3.0,0.6631,True,35.0,0.0,0.0,1.0,0.0,finished,LOST
sr:match:72654238,Nova Iguacu FC RJ,AA Portuguesa RJ,Nova Iguacu FC RJ vs AA Portuguesa RJ,"U20 Carioca, Serie A",2026-09-05 14:00,target__over_3_5_goals,Over 3.5 Goals,40.0,31.2,8.8,3.2,0.6631,True,35.0,0.0,0.0,0.0,0.0,finished,LOST
sr:match:72334312,FK Zenit Saint Petersburg,CSKA Moscow,FK Zenit Saint Petersburg vs CSKA Moscow,Premier League,2026-09-05 14:30,target__over_3_5_goals,Over 3.5 Goals,40.0,33.9,6.1,2.95,0.6631,True,35.0,0.0,1.0,1.0,2.0,finished,LOST
sr:match:72520890,FC Schaffhausen,Juventus Zurich,FC Schaffhausen vs Juventus Zurich,Promotion League,2026-09-05 14:30,target__over_3_5_goals,Over 3.5 Goals,50.3,45.5,4.9,2.2,0.6631,True,35.0,,,,,finished,UNSETTLED
sr:match:72230738,FKS Stal Mielec,Odra Opole,FKS Stal Mielec vs Odra Opole,1. Liga,2026-09-05 14:30,target__over_3_5_goals,Over 3.5 Goals,41.3,36.4,4.9,2.75,0.6631,True,35.0,0.0,1.0,1.0,1.0,finished,LOST
sr:match:72546586,Buckley Town,Penrhyncoch,Buckley Town vs Penrhyncoch,"Cymru Championship, North",2026-09-05 14:30,target__over_3_5_goals,Over 3.5 Goals,54.5,50.0,4.5,2.0,0.6631,True,35.0,2.0,0.0,5.0,0.0,finished,WON
sr:match:72546590,Newtown AFC,Denbigh Town,Newtown AFC vs Denbigh Town,"Cymru Championship, North",2026-09-05 14:30,target__over_3_5_goals,Over 3.5 Goals,58.2,54.3,3.8,1.84,0.6631,True,35.0,0.0,0.0,1.0,0.0,finished,LOST
sr:match:72221246,Man City,Coventry City,Man City vs Coventry City,Premier League,2026-09-05 15:00,target__over_3_5_goals,Over 3.5 Goals,58.2,53.5,4.7,1.87,0.6631,True,35.0,1.0,0.0,1.0,0.0,finished,LOST
sr:match:72339770,Burnley,Bristol City,Burnley vs Bristol City,Championship,2026-09-05 15:00,target__over_3_5_goals,Over 3.5 Goals,40.1,32.3,7.9,3.1,0.6631,True,35.0,0.0,0.0,1.0,2.0,finished,LOST
sr:match:72339776,Portsmouth FC,Cardiff City,Portsmouth FC vs Cardiff City,Championship,2026-09-05 15:00,target__over_3_5_goals,Over 3.5 Goals,40.1,35.1,5.0,2.85,0.6631,True,35.0,1.0,0.0,2.0,0.0,finished,LOST
sr:match:67015362,Rosenborg BK,HamKam,Rosenborg BK vs HamKam,Eliteserien,2026-09-05 15:00,target__over_3_5_goals,Over 3.5 Goals,50.3,43.5,6.8,2.3,0.6631,True,35.0,1.0,0.0,4.0,0.0,finished,WON
sr:match:72201624,Dundee United,Falkirk FC,Dundee United vs Falkirk FC,Premiership,2026-09-05 15:00,target__over_3_5_goals,Over 3.5 Goals,40.1,36.4,3.8,2.75,0.6631,True,35.0,0.0,1.0,1.0,1.0,finished,LOST
sr:match:72203886,Cove Rangers FC,Alloa Athletic FC,Cove Rangers FC vs Alloa Athletic FC,League 1,2026-09-05 15:00,target__over_3_5_goals,Over 3.5 Goals,40.1,32.3,7.9,3.1,0.6631,True,35.0,1.0,0.0,1.0,1.0,finished,LOST
sr:match:72203888,East Fife FC,Ross County FC,East Fife FC vs Ross County FC,League 1,2026-09-05 15:00,target__over_3_5_goals,Over 3.5 Goals,40.0,33.3,6.7,3.0,0.6631,True,35.0,0.0,0.0,2.0,2.0,finished,WON
sr:match:72203890,East Kilbride FC,Hamilton Academical FC,East Kilbride FC vs Hamilton Academical FC,League 1,2026-09-05 15:00,target__over_3_5_goals,Over 3.5 Goals,40.1,37.0,3.1,2.7,0.6631,True,35.0,0.0,1.0,0.0,1.0,finished,LOST
sr:match:72203894,Queen of the South FC,Airdrieonians FC,Queen of the South FC vs Airdrieonians FC,League 1,2026-09-05 15:00,target__over_3_5_goals,Over 3.5 Goals,40.1,33.9,6.2,2.95,0.6631,True,35.0,0.0,1.0,2.0,1.0,finished,LOST
sr:match:72302120,Club NXT,KAS Eupen,Club NXT vs KAS Eupen,Challenger Pro League,2026-09-05 15:00,target__over_3_5_goals,Over 3.5 Goals,40.1,34.5,5.6,2.9,0.6631,True,35.0,0.0,0.0,0.0,1.0,finished,LOST
sr:match:72341126,Doncaster Rovers,Plymouth Argyle,Doncaster Rovers vs Plymouth Argyle,League One,2026-09-05 15:00,target__over_3_5_goals,Over 3.5 Goals,40.1,35.7,4.4,2.8,0.6631,True,35.0,0.0,1.0,2.0,3.0,finished,WON
sr:match:72341128,Huddersfield,Notts County,Huddersfield vs Notts County,League One,2026-09-05 15:00,target__over_3_5_goals,Over 3.5 Goals,40.1,33.9,6.2,2.95,0.6631,True,35.0,1.0,1.0,1.0,1.0,finished,LOST
sr:match:72341136,Reading FC,Blackpool FC,Reading FC vs Blackpool FC,League One,2026-09-05 15:00,target__over_3_5_goals,Over 3.5 Goals,40.1,34.5,5.6,2.9,0.6631,True,35.0,1.0,0.0,3.0,1.0,finished,WON
sr:match:72341140,Wycombe Wanderers,Milton Keynes Dons,Wycombe Wanderers vs Milton Keynes Dons,League One,2026-09-05 15:00,target__over_3_5_goals,Over 3.5 Goals,40.1,35.1,5.0,2.85,0.6631,True,35.0,2.0,0.0,3.0,3.0,finished,WON
sr:match:72341914,Bristol Rovers,Rotherham United,Bristol Rovers vs Rotherham United,League Two,2026-09-05 15:00,target__over_3_5_goals,Over 3.5 Goals,41.3,36.4,4.9,2.75,0.6631,True,35.0,1.0,0.0,1.0,0.0,finished,LOST
sr:match:72341918,Cheltenham Town,Grimsby Town,Cheltenham Town vs Grimsby Town,League Two,2026-09-05 15:00,target__over_3_5_goals,Over 3.5 Goals,40.1,35.1,5.0,2.85,0.6631,True,35.0,2.0,0.0,2.0,2.0,finished,WON
sr:match:72341922,Chesterfield FC,Barnet FC,Chesterfield FC vs Barnet FC,League Two,2026-09-05 15:00,target__over_3_5_goals,Over 3.5 Goals,40.1,34.5,5.6,2.9,0.6631,True,35.0,1.0,2.0,3.0,3.0,finished,WON
sr:match:72341930,Exeter City,Walsall FC,Exeter City vs Walsall FC,League Two,2026-09-05 15:00,target__over_3_5_goals,Over 3.5 Goals,40.1,33.9,6.2,2.95,0.6631,True,35.0,0.0,0.0,0.0,0.0,finished,LOST
sr:match:72520878,FC Paradiso,AC Bellinzona,FC Paradiso vs AC Bellinzona,Promotion League,2026-09-05 15:00,target__over_3_5_goals,Over 3.5 Goals,40.1,37.0,3.1,2.7,0.6631,True,35.0,3.0,0.0,4.0,0.0,finished,WON
sr:match:72738130,AFC Fylde,Worthing FC,AFC Fylde vs Worthing FC,National League,2026-09-05 15:00,target__over_3_5_goals,Over 3.5 Goals,50.3,43.5,6.8,2.3,0.6631,True,35.0,0.0,1.0,2.0,2.0,finished,WON
sr:match:68311092,Sollentuna FK,Gefle IF,Sollentuna FK vs Gefle IF,Ettan,2026-09-05 15:00,target__over_3_5_goals,Over 3.5 Goals,40.1,35.7,4.4,2.8,0.6631,True,35.0,1.0,0.0,1.0,0.0,finished,LOST
sr:match:72759238,Marine FC,Worksop Town,Marine FC vs Worksop Town,National League North,2026-09-05 15:00,target__over_3_5_goals,Over 3.5 Goals,40.1,33.3,6.8,3.0,0.6631,True,35.0,0.0,0.0,0.0,1.0,finished,LOST
sr:match:72759244,Oxford City,Chorley FC,Oxford City vs Chorley FC,National League North,2026-09-05 15:00,target__over_3_5_goals,Over 3.5 Goals,40.1,37.0,3.1,2.7,0.6631,True,35.0,2.0,0.0,4.0,0.0,finished,WON
sr:match:72759246,Scarborough Athletic,AFC Telford United,Scarborough Athletic vs AFC Telford United,National League North,2026-09-05 15:00,target__over_3_5_goals,Over 3.5 Goals,41.3,37.0,4.2,2.7,0.6631,True,35.0,0.0,0.0,0.0,1.0,finished,LOST
sr:match:72759248,Spalding United,Southport FC,Spalding United vs Southport FC,National League North,2026-09-05 15:00,target__over_3_5_goals,Over 3.5 Goals,40.1,36.4,3.8,2.75,0.6631,True,35.0,1.0,0.0,2.0,0.0,finished,LOST
sr:match:72758084,Hemel Hempstead Town,Farnham Town,Hemel Hempstead Town vs Farnham Town,National League South,2026-09-05 15:00,target__over_3_5_goals,Over 3.5 Goals,41.3,35.7,5.6,2.8,0.6631,True,35.0,1.0,1.0,1.0,1.0,finished,LOST
sr:match:72758086,Horsham FC,Dagenham and Redbridge FC,Horsham FC vs Dagenham and Redbridge FC,National League South,2026-09-05 15:00,target__over_3_5_goals,Over 3.5 Goals,42.5,31.2,11.3,3.2,0.6631,True,35.0,1.0,1.0,1.0,1.0,finished,LOST
sr:match:72758088,Maidstone United FC,Weston-super-Mare,Maidstone United FC vs Weston-super-Mare,National League South,2026-09-05 15:00,target__over_3_5_goals,Over 3.5 Goals,40.1,30.8,9.3,3.25,0.6631,True,35.0,0.0,0.0,1.0,0.0,finished,LOST
sr:match:72758092,Torquay United,Folkestone Invicta,Torquay United vs Folkestone Invicta,National League South,2026-09-05 15:00,target__over_3_5_goals,Over 3.5 Goals,40.1,37.0,3.1,2.7,0.6631,True,35.0,2.0,0.0,3.0,2.0,finished,WON
sr:match:72758094,Truro City,Chesham United,Truro City vs Chesham United,National League South,2026-09-05 15:00,target__over_3_5_goals,Over 3.5 Goals,42.5,35.7,6.8,2.8,0.6631,True,35.0,1.0,1.0,3.0,1.0,finished,WON
sr:match:68492686,FS Jelgava,SK Super Nova,FS Jelgava vs SK Super Nova,Virsliga,2026-09-05 15:00,target__over_3_5_goals,Over 3.5 Goals,41.3,33.3,7.9,3.0,0.6631,True,35.0,0.0,0.0,0.0,1.0,finished,LOST
sr:match:67912786,FC Dila Gori,FC Gagra,FC Dila Gori vs FC Gagra,Erovnuli Liga,2026-09-05 15:00,target__over_3_5_goals,Over 3.5 Goals,40.1,33.9,6.2,2.95,0.6631,True,35.0,0.0,0.0,1.0,0.0,finished,LOST
sr:match:72346280,Cliftonville FC,Portadown FC,Cliftonville FC vs Portadown FC,Premiership,2026-09-05 15:00,target__over_3_5_goals,Over 3.5 Goals,40.1,35.1,5.0,2.85,0.6631,True,35.0,2.0,0.0,3.0,1.0,finished,WON
sr:match:72346286,Limavady United FC,Dungannon Swifts,Limavady United FC vs Dungannon Swifts,Premiership,2026-09-05 15:00,target__over_3_5_goals,Over 3.5 Goals,40.1,35.7,4.4,2.8,0.6631,True,35.0,0.0,1.0,0.0,2.0,finished,LOST
sr:match:72346288,Linfield FC,Carrick Rangers,Linfield FC vs Carrick Rangers,Premiership,2026-09-05 15:00,target__over_3_5_goals,Over 3.5 Goals,42.5,36.4,6.1,2.75,0.6631,True,35.0,0.0,0.0,1.0,0.0,finished,LOST
sr:match:72305166,MFK Zvolen,FK Pohronie Ziar Nad Hronom Dolna Zdana,MFK Zvolen vs FK Pohronie Ziar Nad Hronom Dolna Zdana,2. Liga,2026-09-05 15:00,target__over_3_5_goals,Over 3.5 Goals,40.1,37.0,3.1,2.7,0.6631,True,35.0,1.0,1.0,1.0,2.0,finished,LOST
sr:match:72514704,LKS 1926 Lomza,Jagiellonia II Bialystok,LKS 1926 Lomza vs Jagiellonia II Bialystok,"III Liga, Group 1",2026-09-05 15:00,target__over_3_5_goals,Over 3.5 Goals,50.3,45.5,4.9,2.2,0.6631,True,35.0,1.0,1.0,1.0,2.0,finished,LOST
sr:match:73866536,FC Politehnica Chisinau,Dacia Buiucani,FC Politehnica Chisinau vs Dacia Buiucani,Super Liga,2026-09-05 15:00,target__over_3_5_goals,Over 3.5 Goals,40.0,33.3,6.7,3.0,0.6631,True,35.0,1.0,0.0,2.0,1.0,finished,LOST
sr:match:67919422,Valerenga IF 2,Konnerud,Valerenga IF 2 vs Konnerud,"3. Division, Group 1",2026-09-05 15:00,target__over_3_5_goals,Over 3.5 Goals,83.3,73.5,9.8,1.36,0.6631,True,35.0,0.0,0.0,2.0,1.0,finished,LOST
sr:match:70699112,UMF Vidir,KV Vesturbaer,UMF Vidir vs KV Vesturbaer,3. deild,2026-09-05 15:00,target__over_3_5_goals,Over 3.5 Goals,83.3,69.0,14.4,1.45,0.6631,True,35.0,3.0,1.0,5.0,1.0,finished,WON
sr:match:69343090,FC Kyzylzhar SK,FK Atyrau,FC Kyzylzhar SK vs FK Atyrau,Premier League,2026-09-05 15:00,target__over_3_5_goals,Over 3.5 Goals,40.1,27.8,12.3,3.6,0.6631,True,35.0,0.0,0.0,0.0,1.0,finished,LOST
sr:match:69592608,Chertanovo Moscow,ZFK Krasnodar,Chertanovo Moscow vs ZFK Krasnodar,"Superleague, Women",2026-09-05 15:00,target__over_3_5_goals,Over 3.5 Goals,40.0,24.4,15.6,4.1,0.6631,True,35.0,0.0,0.0,1.0,1.0,finished,LOST
sr:match:72679146,FC Sokol Saratov,FC Dynamo Bryansk,FC Sokol Saratov vs FC Dynamo Bryansk,"2. Liga, Division A",2026-09-05 15:00,target__over_3_5_goals,Over 3.5 Goals,40.0,33.3,6.7,3.0,0.6631,True,35.0,1.0,0.0,2.0,2.0,finished,WON
sr:match:72531556,SL Benfica B,SCU Torreense,SL Benfica B vs SCU Torreense,Liga Portugal 2,2026-09-05 15:30,target__over_3_5_goals,Over 3.5 Goals,40.1,30.8,9.3,3.25,0.6631,True,35.0,0.0,1.0,,,other,UNSETTLED
sr:match:72680090,Rot-Weiss Essen,FC Viktoria Cologne,Rot-Weiss Essen vs FC Viktoria Cologne,3. Liga,2026-09-05 15:30,target__over_3_5_goals,Over 3.5 Goals,52.0,45.5,6.5,2.2,0.6631,True,35.0,1.0,0.0,1.0,0.0,finished,LOST
sr:match:73409240,Sabah Masazir,Zira FK,Sabah Masazir vs Zira FK,Premier League,2026-09-05 15:30,target__over_3_5_goals,Over 3.5 Goals,40.0,29.4,10.6,3.4,0.6631,True,35.0,3.0,0.0,5.0,0.0,finished,WON
sr:match:72409662,Karpaty Lviv,Shakhtar D,Karpaty Lviv vs Shakhtar D,Premier League,2026-09-05 16:00,target__over_3_5_goals,Over 3.5 Goals,40.1,33.3,6.8,3.0,0.6631,True,35.0,1.0,1.0,1.0,2.0,finished,LOST
sr:match:72510302,FC Inter Turku,HJK Helsinki,FC Inter Turku vs HJK Helsinki,Suomen Cup,2026-09-05 16:00,target__over_3_5_goals,Over 3.5 Goals,40.1,32.3,7.9,3.1,0.6631,True,35.0,1.0,0.0,1.0,0.0,finished,LOST
sr:match:72398662,MKS Chojniczanka Chojnice,CWKS Resovia,MKS Chojniczanka Chojnice vs CWKS Resovia,II Liga,2026-09-05 16:00,target__over_3_5_goals,Over 3.5 Goals,40.1,37.0,3.1,2.7,0.6631,True,35.0,1.0,2.0,2.0,2.0,finished,WON
sr:match:72515926,Chemik Bydgoszcz,Baltyk Koszalin,Chemik Bydgoszcz vs Baltyk Koszalin,"III Liga, Group 2",2026-09-05 16:00,target__over_3_5_goals,Over 3.5 Goals,40.1,35.7,4.4,2.8,0.6631,True,35.0,1.0,1.0,2.0,2.0,finished,WON
sr:match:72281306,NK Bilje,Nd Slovan,NK Bilje vs Nd Slovan,2. Liga,2026-09-05 16:00,target__over_3_5_goals,Over 3.5 Goals,40.1,35.7,4.4,2.8,0.6631,True,35.0,2.0,0.0,4.0,0.0,finished,WON
sr:match:72501128,FC Ajka,Soroksar SC,FC Ajka vs Soroksar SC,NB II,2026-09-05 16:00,target__over_3_5_goals,Over 3.5 Goals,40.0,30.8,9.2,3.25,0.6631,True,35.0,0.0,2.0,0.0,3.0,finished,LOST
sr:match:72501132,Kozarmisleny SE,Mezokovesd Zsory SE,Kozarmisleny SE vs Mezokovesd Zsory SE,NB II,2026-09-05 16:00,target__over_3_5_goals,Over 3.5 Goals,40.0,28.6,11.4,3.5,0.6631,True,35.0,1.0,0.0,2.0,0.0,finished,LOST
sr:match:72043128,Korona Kielce,Wisla Krakow,Korona Kielce vs Wisla Krakow,Ekstraklasa,2026-09-05 16:30,target__over_3_5_goals,Over 3.5 Goals,40.1,37.0,3.1,2.7,0.6631,True,35.0,1.0,0.0,1.0,1.0,finished,LOST
sr:match:74116986,AS Roma W,ACF Fiorentina,AS Roma W vs ACF Fiorentina,"Serie A Cup, Women",2026-09-05 16:30,target__over_3_5_goals,Over 3.5 Goals,40.1,35.1,5.0,2.85,0.6631,True,35.0,1.0,0.0,3.0,0.0,finished,LOST
sr:match:74116988,Sassuolo Calcio,Ternana,Sassuolo Calcio vs Ternana,"Serie A Cup, Women",2026-09-05 16:30,target__over_3_5_goals,Over 3.5 Goals,40.1,35.1,5.0,2.85,0.6631,True,35.0,2.0,0.0,2.0,0.0,finished,LOST
sr:match:73954148,Kuwait SC,Al Jahra,Kuwait SC vs Al Jahra,Premier League,2026-09-05 16:35,target__over_3_5_goals,Over 3.5 Goals,58.2,52.9,5.3,1.89,0.6631,True,35.0,1.0,0.0,1.0,0.0,finished,LOST
sr:match:73159928,Al-Faisaly FC,Al-Hazm,Al-Faisaly FC vs Al-Hazm,Saudi Pro League,2026-09-05 16:50,target__over_3_5_goals,Over 3.5 Goals,40.1,36.4,3.8,2.75,0.6631,True,35.0,0.0,0.0,0.0,0.0,finished,LOST
sr:match:71945236,Inter,Napoli,Inter vs Napoli,Serie A,2026-09-05 17:00,target__over_3_5_goals,Over 3.5 Goals,40.0,27.8,12.2,3.6,0.6631,True,35.0,0.0,0.0,3.0,2.0,finished,WON
sr:match:71913058,GNK Dinamo Zagreb,HNK Gorica,GNK Dinamo Zagreb vs HNK Gorica,HNL,2026-09-05 17:00,target__over_3_5_goals,Over 3.5 Goals,54.5,51.3,3.2,1.95,0.6631,True,35.0,1.0,0.0,1.0,0.0,finished,LOST
sr:match:72936026,Volos NPS,Olympiacos,Volos NPS vs Olympiacos,Super League,2026-09-05 17:00,target__over_3_5_goals,Over 3.5 Goals,41.3,37.7,3.5,2.65,0.6631,True,35.0,0.0,1.0,1.0,1.0,finished,LOST
sr:match:71998176,FK Spartak 1918 Varna,PFC CSKA Sofia,FK Spartak 1918 Varna vs PFC CSKA Sofia,Parva Liga,2026-09-05 17:00,target__over_3_5_goals,Over 3.5 Goals,40.1,32.3,7.9,3.1,0.6631,True,35.0,1.0,1.0,1.0,1.0,finished,LOST
sr:match:71680600,Mexico,Benin,Mexico vs Benin,"U20 FIFA World Cup, Women",2026-09-05 17:00,target__over_3_5_goals,Over 3.5 Goals,50.3,46.5,3.8,2.15,0.6631,True,35.0,1.0,0.0,2.0,2.0,finished,WON
sr:match:73068000,UD Ibiza,CF Rayo Majadahonda,UD Ibiza vs CF Rayo Majadahonda,Primera Federacion,2026-09-05 17:00,target__over_3_5_goals,Over 3.5 Goals,40.1,27.8,12.3,3.6,0.6631,True,35.0,0.0,0.0,2.0,1.0,finished,LOST
sr:match:72042246,KFC Komarno,MFK Skalica,KFC Komarno vs MFK Skalica,Superliga,2026-09-05 17:00,target__over_3_5_goals,Over 3.5 Goals,40.1,33.9,6.2,2.95,0.6631,True,35.0,0.0,0.0,0.0,0.0,finished,LOST
sr:match:67912792,FC Iberia 1999,FC Samgurali Tskaltubo,FC Iberia 1999 vs FC Samgurali Tskaltubo,Erovnuli Liga,2026-09-05 17:00,target__over_3_5_goals,Over 3.5 Goals,40.1,37.0,3.1,2.7,0.6631,True,35.0,1.0,1.0,2.0,1.0,finished,LOST
sr:match:72300762,SFC Opava,Dukla Prague,SFC Opava vs Dukla Prague,FNL,2026-09-05 17:00,target__over_3_5_goals,Over 3.5 Goals,40.0,34.5,5.5,2.9,0.6631,True,35.0,1.0,0.0,1.0,2.0,finished,LOST
sr:match:72939192,CD Mafra,SC Covilha,CD Mafra vs SC Covilha,Liga Portugal 3,2026-09-05 17:00,target__over_3_5_goals,Over 3.5 Goals,40.1,25.0,15.1,4.0,0.6631,True,35.0,0.0,0.0,1.0,0.0,finished,LOST
sr:match:72939010,Vitoria Guimaraes B,CD Trofense,Vitoria Guimaraes B vs CD Trofense,Liga Portugal 3,2026-09-05 17:00,target__over_3_5_goals,Over 3.5 Goals,40.1,25.0,15.1,4.0,0.6631,True,35.0,0.0,0.0,0.0,0.0,finished,LOST
sr:match:72305172,1. FC Tatran Presov,FC Vion Zlate Moravce - Vrable,1. FC Tatran Presov vs FC Vion Zlate Moravce - Vrable,2. Liga,2026-09-05 17:00,target__over_3_5_goals,Over 3.5 Goals,40.1,36.4,3.8,2.75,0.6631,True,35.0,0.0,0.0,0.0,1.0,finished,LOST
sr:match:72597678,SK Hranice,SFK Vrchovina,SK Hranice vs SFK Vrchovina,MSFL,2026-09-05 17:00,target__over_3_5_goals,Over 3.5 Goals,40.1,37.0,3.1,2.7,0.6631,True,35.0,0.0,0.0,1.0,0.0,finished,LOST
sr:match:72501120,Gyirmot FC Gyor,Karcag SE,Gyirmot FC Gyor vs Karcag SE,NB II,2026-09-05 17:00,target__over_3_5_goals,Over 3.5 Goals,40.1,33.9,6.2,2.95,0.6631,True,35.0,2.0,0.0,2.0,0.0,finished,LOST
sr:match:73675428,Manama Club,Al Riffa,Manama Club vs Al Riffa,Premier League,2026-09-05 17:00,target__over_3_5_goals,Over 3.5 Goals,40.1,35.1,5.0,2.85,0.6631,True,35.0,1.0,3.0,1.0,5.0,finished,WON
sr:match:73294610,Crotone,Barletta Calcio,Crotone vs Barletta Calcio,"Serie C, Group C",2026-09-05 17:00,target__over_3_5_goals,Over 3.5 Goals,40.1,27.0,13.1,3.7,0.6631,True,35.0,0.0,0.0,2.0,2.0,finished,WON
sr:match:72963746,FC Victoria Rosport,US Hostert,FC Victoria Rosport vs US Hostert,Division Nationale,2026-09-05 17:00,target__over_3_5_goals,Over 3.5 Goals,47.6,43.5,4.1,2.3,0.6631,True,35.0,0.0,2.0,0.0,2.0,finished,LOST
sr:match:72700206,RC Strasbourg,Saint Malo,RC Strasbourg vs Saint Malo,"Premiere Ligue, Women",2026-09-05 17:00,target__over_3_5_goals,Over 3.5 Goals,40.1,34.5,5.6,2.9,0.6631,True,35.0,2.0,0.0,3.0,2.0,finished,WON
sr:match:73080254,Lyon La Duchere,Nimes,Lyon La Duchere vs Nimes,National 1,2026-09-05 17:00,target__over_3_5_goals,Over 3.5 Goals,40.1,34.5,5.6,2.9,0.6631,True,35.0,0.0,1.0,0.0,1.0,finished,LOST
sr:match:73080144,US Granville,Vendee Poire-Sur-Vie Football,US Granville vs Vendee Poire-Sur-Vie Football,National 1,2026-09-05 17:00,target__over_3_5_goals,Over 3.5 Goals,40.1,30.8,9.3,3.25,0.6631,True,35.0,1.0,1.0,2.0,1.0,finished,LOST
sr:match:72221242,Hull City,Aston Villa,Hull City vs Aston Villa,Premier League,2026-09-05 17:30,target__over_3_5_goals,Over 3.5 Goals,40.1,30.8,9.3,3.25,0.6631,True,35.0,0.0,0.0,0.0,0.0,finished,LOST
sr:match:72738146,Boreham Wood FC,Carlisle United,Boreham Wood FC vs Carlisle United,National League,2026-09-05 17:30,target__over_3_5_goals,Over 3.5 Goals,50.3,43.5,6.8,2.3,0.6631,True,35.0,0.0,0.0,2.0,1.0,finished,LOST
sr:match:68098094,Deportes Magallanes,Union San Felipe,Deportes Magallanes vs Union San Felipe,Primera B,2026-09-05 17:30,target__over_3_5_goals,Over 3.5 Goals,40.1,33.3,6.8,3.0,0.6631,True,35.0,0.0,0.0,0.0,0.0,finished,LOST
sr:match:73080114,US Le Pays Du Valois,Lusitanos Saint-Maur,US Le Pays Du Valois vs Lusitanos Saint-Maur,National 1,2026-09-05 17:30,target__over_3_5_goals,Over 3.5 Goals,42.5,38.5,4.0,2.6,0.6631,True,35.0,0.0,1.0,1.0,2.0,finished,LOST
sr:match:72559024,Pontevedra CF,Arenas Club Getxo,Pontevedra CF vs Arenas Club Getxo,Primera Federacion,2026-09-05 17:45,target__over_3_5_goals,Over 3.5 Goals,41.3,26.3,15.0,3.8,0.6631,True,35.0,1.0,0.0,4.0,1.0,finished,WON
sr:match:72530892,Alverca Futebol,Braga,Alverca Futebol vs Braga,Liga Portugal,2026-09-05 18:00,target__over_3_5_goals,Over 3.5 Goals,50.3,26.7,23.6,3.75,0.6631,True,35.0,1.0,0.0,1.0,2.0,finished,LOST
sr:match:72530900,Maritimo Madeira,Benfica,Maritimo Madeira vs Benfica,Liga Portugal,2026-09-05 18:00,target__over_3_5_goals,Over 3.5 Goals,50.3,41.7,8.6,2.4,0.6631,True,35.0,0.0,1.0,0.0,3.0,finished,LOST
sr:match:72735728,Ankara Keciorengucu,Sariyer SK,Ankara Keciorengucu vs Sariyer SK,1. Lig,2026-09-05 18:00,target__over_3_5_goals,Over 3.5 Goals,40.1,32.3,7.9,3.1,0.6631,True,35.0,1.0,0.0,3.0,0.0,finished,LOST
sr:match:72735730,Pendikspor,Umraniyespor,Pendikspor vs Umraniyespor,1. Lig,2026-09-05 18:00,target__over_3_5_goals,Over 3.5 Goals,40.1,27.8,12.3,3.6,0.6631,True,35.0,1.0,0.0,1.0,0.0,finished,LOST
sr:match:73160370,Omonia Aradippou,Krasava ENY Ypsonas FC,Omonia Aradippou vs Krasava ENY Ypsonas FC,1st Division,2026-09-05 18:00,target__over_3_5_goals,Over 3.5 Goals,40.0,26.7,13.3,3.75,0.6631,True,35.0,1.0,0.0,2.0,1.0,finished,LOST
sr:match:72501124,Bvsc-Zuglo,FC Nagykanizsai,Bvsc-Zuglo vs FC Nagykanizsai,NB II,2026-09-05 18:00,target__over_3_5_goals,Over 3.5 Goals,40.1,27.8,12.3,3.6,0.6631,True,35.0,0.0,1.0,0.0,1.0,finished,LOST
sr:match:72501126,Tiszakecskei LC,Szentlorinc SE,Tiszakecskei LC vs Szentlorinc SE,NB II,2026-09-05 18:00,target__over_3_5_goals,Over 3.5 Goals,40.1,33.3,6.8,3.0,0.6631,True,35.0,1.0,0.0,2.0,0.0,finished,LOST
sr:match:72387968,FC Dinamo Bucuresti 1948,Fotbal Club FCSB,FC Dinamo Bucuresti 1948 vs Fotbal Club FCSB,Superliga,2026-09-05 18:30,target__over_3_5_goals,Over 3.5 Goals,40.0,32.3,7.7,3.1,0.6631,True,35.0,1.0,0.0,2.0,1.0,finished,LOST
sr:match:74291718,Hapoel Umm AL Fahm,Hapoel Nof Hagalil FC,Hapoel Umm AL Fahm vs Hapoel Nof Hagalil FC,Liga Alef,2026-09-05 18:30,target__over_3_5_goals,Over 3.5 Goals,40.1,32.3,7.9,3.1,0.6631,True,35.0,1.0,1.0,2.0,2.0,finished,WON
sr:match:73588090,Al Hussein Irbid,AL Jazeera Club Amman,Al Hussein Irbid vs AL Jazeera Club Amman,Jordan League,2026-09-05 18:30,target__over_3_5_goals,Over 3.5 Goals,52.0,44.4,7.6,2.25,0.6631,True,35.0,0.0,3.0,0.0,5.0,finished,WON
sr:match:73954150,Al-Fahaheel,AL Tadhamon,Al-Fahaheel vs AL Tadhamon,Premier League,2026-09-05 18:50,target__over_3_5_goals,Over 3.5 Goals,40.1,35.1,5.0,2.85,0.6631,True,35.0,1.0,0.0,4.0,1.0,finished,WON
sr:match:72654242,Volta Redonda FC RJ,Fluminense FC RJ,Volta Redonda FC RJ vs Fluminense FC RJ,"U20 Carioca, Serie A",2026-09-05 19:00,target__over_3_5_goals,Over 3.5 Goals,41.3,28.6,12.7,3.5,0.6631,True,35.0,0.0,1.0,0.0,1.0,finished,LOST
sr:match:72043126,LKP Motor Lublin,Legia Warszawa,LKP Motor Lublin vs Legia Warszawa,Ekstraklasa,2026-09-05 19:15,target__over_3_5_goals,Over 3.5 Goals,40.1,35.7,4.4,2.8,0.6631,True,35.0,0.0,1.0,2.0,3.0,finished,WON
sr:match:72278464,Olimpija Ljubljana,NK Brinje Grosuplje,Olimpija Ljubljana vs NK Brinje Grosuplje,PrvaLiga,2026-09-05 19:15,target__over_3_5_goals,Over 3.5 Goals,41.3,33.3,7.9,3.0,0.6631,True,35.0,1.0,0.0,3.0,0.0,finished,LOST
sr:match:111111114287767,Maccabi Neve Shaanan Eldad,Baqa Al-Gharbiyye,Maccabi Neve Shaanan Eldad vs Baqa Al-Gharbiyye,Liga Alef,2026-09-05 19:15,target__over_3_5_goals,Over 3.5 Goals,40.0,33.3,6.7,3.0,0.6631,True,35.0,0.0,0.0,0.0,0.0,finished,LOST
sr:match:66854904,Longford Town FC,Kerry FC,Longford Town FC vs Kerry FC,First Division,2026-09-05 19:30,target__over_3_5_goals,Over 3.5 Goals,41.3,34.5,6.8,2.9,0.6631,True,35.0,0.0,0.0,0.0,1.0,finished,LOST
sr:match:72498224,Marsaxlokk FC,Mosta FC,Marsaxlokk FC vs Mosta FC,Premier League,2026-09-05 19:30,target__over_3_5_goals,Over 3.5 Goals,40.1,29.4,10.7,3.4,0.6631,True,35.0,1.0,1.0,1.0,1.0,finished,LOST
sr:match:66855488,Galway Wfc,Treaty United,Galway Wfc vs Treaty United,"Premier Division, Women",2026-09-05 19:35,target__over_3_5_goals,Over 3.5 Goals,40.1,35.1,5.0,2.85,0.6631,True,35.0,0.0,0.0,0.0,0.0,finished,LOST
sr:match:72478544,Villarreal,RC Deportivo De La Coruna,Villarreal vs RC Deportivo De La Coruna,LaLiga,2026-09-05 20:00,target__over_3_5_goals,Over 3.5 Goals,40.0,35.1,4.9,2.85,0.6631,True,35.0,1.0,1.0,2.0,3.0,finished,WON
sr:match:71913056,HNK Rijeka,NK Osijek,HNK Rijeka vs NK Osijek,HNL,2026-09-05 20:00,target__over_3_5_goals,Over 3.5 Goals,40.1,32.3,7.9,3.1,0.6631,True,35.0,3.0,1.0,4.0,1.0,finished,WON
sr:match:68098090,CD Santa Cruz,Union Espanola,CD Santa Cruz vs Union Espanola,Primera B,2026-09-05 20:00,target__over_3_5_goals,Over 3.5 Goals,40.1,33.3,6.8,3.0,0.6631,True,35.0,0.0,1.0,1.0,1.0,finished,LOST
sr:match:73068012,Real Zaragoza,Antequera CF,Real Zaragoza vs Antequera CF,Primera Federacion,2026-09-05 20:00,target__over_3_5_goals,Over 3.5 Goals,40.1,29.4,10.7,3.4,0.6631,True,35.0,0.0,0.0,1.0,0.0,finished,LOST
sr:match:73293872,Vis Pesaro 1898,AS Ostia Mare Lido Calcio,Vis Pesaro 1898 vs AS Ostia Mare Lido Calcio,"Serie C, Group B",2026-09-05 20:00,target__over_3_5_goals,Over 3.5 Goals,40.1,27.8,12.3,3.6,0.6631,True,35.0,0.0,0.0,1.0,2.0,finished,LOST
sr:match:72700202,Les Marseillaises,Le Havre AC,Les Marseillaises vs Le Havre AC,"Premiere Ligue, Women",2026-09-05 20:00,target__over_3_5_goals,Over 3.5 Goals,40.1,37.0,3.1,2.7,0.6631,True,35.0,1.0,0.0,1.0,0.0,finished,LOST
sr:match:72530906,Sporting,Nacional da Madeira,Sporting vs Nacional da Madeira,Liga Portugal,2026-09-05 20:30,target__over_3_5_goals,Over 3.5 Goals,53.9,47.6,6.3,2.1,0.6631,True,35.0,1.0,0.0,2.0,0.0,finished,LOST
sr:match:71936096,Sport Huancayo,Sport Boys Association,Sport Huancayo vs Sport Boys Association,Liga 1,2026-09-05 21:00,target__over_3_5_goals,Over 3.5 Goals,40.1,31.2,8.9,3.2,0.6631,True,35.0,1.0,0.0,,,other,UNSETTLED
sr:match:73185392,Futbol Consultants Desamparados,AD Municipal Santa Ana,Futbol Consultants Desamparados vs AD Municipal Santa Ana,Liga de Ascenso,2026-09-05 21:00,target__over_3_5_goals,Over 3.5 Goals,40.1,33.9,6.2,2.95,0.6631,True,35.0,1.0,0.0,1.0,2.0,finished,LOST
sr:match:73487136,Club Aurora,GV Club Deportivo San Jose de Oruro,Club Aurora vs GV Club Deportivo San Jose de Oruro,Division Profesional,2026-09-05 22:15,target__over_3_5_goals,Over 3.5 Goals,50.3,45.5,4.9,2.2,0.6631,True,35.0,3.0,0.0,,,other,UNSETTLED
sr:match:67682014,CD Everton Vina del Mar,CD Universidad Catolica,CD Everton Vina del Mar vs CD Universidad Catolica,Primera Division,2026-09-05 22:30,target__over_3_5_goals,Over 3.5 Goals,40.1,35.7,4.4,2.8,0.6631,True,35.0,0.0,1.0,,,other,UNSETTLED
sr:match:68098100,San Luis de Quillota,CD Cobreloa Calama,San Luis de Quillota vs CD Cobreloa Calama,Primera B,2026-09-05 22:30,target__over_3_5_goals,Over 3.5 Goals,40.1,34.5,5.6,2.9,0.6631,True,35.0,1.0,0.0,,,other,UNSETTLED
sr:match:72636188,Deportes Quindio,CD Real Santander,Deportes Quindio vs CD Real Santander,Torneo DIMAYOR,2026-09-05 23:00,target__over_3_5_goals,Over 3.5 Goals,40.0,29.4,10.6,3.4,0.6631,True,35.0,0.0,0.0,,,other,UNSETTLED
sr:match:72636190,Union Magdalena,Barranquilla FC,Union Magdalena vs Barranquilla FC,Torneo DIMAYOR,2026-09-05 23:00,target__over_3_5_goals,Over 3.5 Goals,40.1,32.3,7.9,3.1,0.6631,True,35.0,0.0,0.0,,,other,UNSETTLED
sr:match:67172224,Chattanooga Red Wolves SC,Greenville Triumph SC,Chattanooga Red Wolves SC vs Greenville Triumph SC,USL League One,2026-09-06 00:00,target__over_3_5_goals,Over 3.5 Goals,40.0,35.7,4.3,2.8,0.6631,True,35.0,2.0,0.0,3.0,1.0,finished,WON
sr:match:68687890,CSD Independiente del Valle,CSD Macara,CSD Independiente del Valle vs CSD Macara,LigaPro Primera A,2026-09-06 00:00,target__over_3_5_goals,Over 3.5 Goals,42.5,34.5,8.0,2.9,0.6631,True,35.0,3.0,0.0,3.0,1.0,finished,WON
sr:match:72053604,CS Herediano,Perez Zeledon,CS Herediano vs Perez Zeledon,Primera Division,2026-09-06 00:00,target__over_3_5_goals,Over 3.5 Goals,40.0,33.3,6.7,3.0,0.6631,True,35.0,1.0,1.0,2.0,3.0,finished,WON
sr:match:68686098,Forge FC Hamilton,Inter Toronto,Forge FC Hamilton vs Inter Toronto,Canadian Premier League,2026-09-06 00:00,target__over_3_5_goals,Over 3.5 Goals,50.3,44.4,5.9,2.25,0.6631,True,35.0,0.0,1.0,1.0,1.0,finished,LOST
sr:match:74269664,San Marcos FC,Art Municipal Jalapa,San Marcos FC vs Art Municipal Jalapa,Primera Division,2026-09-06 00:00,target__over_3_5_goals,Over 3.5 Goals,40.0,32.3,7.7,3.1,0.6631,True,35.0,1.0,1.0,3.0,1.0,finished,WON
sr:match:74151032,CA Independiente Siguatepeque,FC Motagua Tegucigalpa,CA Independiente Siguatepeque vs FC Motagua Tegucigalpa,Liga Nacional,2026-09-06 00:15,target__over_3_5_goals,Over 3.5 Goals,40.1,35.1,5.0,2.85,0.6631,True,35.0,0.0,0.0,0.0,0.0,finished,LOST
sr:match:66299462,Charlotte FC,Houston Dynamo,Charlotte FC vs Houston Dynamo,MLS,2026-09-06 00:30,target__over_3_5_goals,Over 3.5 Goals,40.1,36.4,3.8,2.75,0.6631,True,35.0,0.0,0.0,0.0,0.0,finished,LOST
sr:match:66299466,Columbus Crew,Colorado Rapids,Columbus Crew vs Colorado Rapids,MLS,2026-09-06 00:30,target__over_3_5_goals,Over 3.5 Goals,40.1,33.3,6.8,3.0,0.6631,True,35.0,1.0,0.0,3.0,0.0,finished,LOST
sr:match:67172916,Tampa Bay Rowdies,Brooklyn FC,Tampa Bay Rowdies vs Brooklyn FC,USL Championship,2026-09-06 00:30,target__over_3_5_goals,Over 3.5 Goals,50.3,46.5,3.8,2.15,0.6631,True,35.0,1.0,0.0,2.0,0.0,finished,LOST
sr:match:67682010,Universidad de Chile,Coquimbo Unido,Universidad de Chile vs Coquimbo Unido,Primera Division,2026-09-06 01:00,target__over_3_5_goals,Over 3.5 Goals,40.0,31.2,8.8,3.2,0.6631,True,35.0,0.0,0.0,4.0,2.0,finished,WON
sr:match:68157104,Minnesota United FC 2,Colorado Rapids 2,Minnesota United FC 2 vs Colorado Rapids 2,MLS Next Pro,2026-09-06 01:00,target__over_3_5_goals,Over 3.5 Goals,50.3,46.5,3.8,2.15,0.6631,True,35.0,0.0,0.0,2.0,0.0,finished,LOST
sr:match:68098102,San Marcos de Arica,Deportes Copiapo,San Marcos de Arica vs Deportes Copiapo,Primera B,2026-09-06 01:00,target__over_3_5_goals,Over 3.5 Goals,40.0,28.6,11.4,3.5,0.6631,True,35.0,0.0,1.0,2.0,1.0,finished,LOST
sr:match:74219280,South Hobart FC,Devonport City SC,South Hobart FC vs Devonport City SC,Tasmania NPL,2026-09-05 04:00,target__over_4_5_goals,Over 4.5 Goals,39.3,32.3,7.1,3.1,0.6327,True,19.9,1.0,1.0,5.0,1.0,finished,WON
sr:match:73296434,Tai Po FC,Hong Kong Rangers,Tai Po FC vs Hong Kong Rangers,Premier League,2026-09-05 09:00,target__over_4_5_goals,Over 4.5 Goals,39.3,34.5,4.8,2.9,0.6327,True,19.9,1.0,1.0,3.0,2.0,finished,WON
sr:match:72656430,FC Vratimov,1. Bfk Frydlant Nad Ostravici,FC Vratimov vs 1. Bfk Frydlant Nad Ostravici,Divize F,2026-09-05 09:15,target__over_4_5_goals,Over 4.5 Goals,39.3,31.2,8.1,3.2,0.6327,True,19.9,0.0,1.0,2.0,1.0,finished,LOST
sr:match:67817846,Bucheon FC 1995,Daejeon Citizen FC,Bucheon FC 1995 vs Daejeon Citizen FC,K-League 1,2026-09-05 11:00,target__over_4_5_goals,Over 4.5 Goals,31.1,16.0,15.1,6.25,0.6327,True,19.9,0.0,2.0,0.0,5.0,finished,WON
sr:match:72151942,Gainare Tottori,Renofa Yamaguchi,Gainare Tottori vs Renofa Yamaguchi,J3 League,2026-09-05 11:00,target__over_4_5_goals,Over 4.5 Goals,22.4,17.5,4.8,5.7,0.6327,True,19.9,0.0,2.0,0.0,3.0,finished,LOST
sr:match:72398648,Podhale Nowy Targ,Sandecja Nowy Sacz,Podhale Nowy Targ vs Sandecja Nowy Sacz,II Liga,2026-09-05 11:00,target__over_4_5_goals,Over 4.5 Goals,31.1,17.4,13.7,5.75,0.6327,True,19.9,1.0,1.0,2.0,1.0,finished,LOST
sr:match:72517206,Wisla II Krakow,Chelmianka Chelm,Wisla II Krakow vs Chelmianka Chelm,"III Liga, Group 4",2026-09-05 11:00,target__over_4_5_goals,Over 4.5 Goals,31.1,27.0,4.0,3.7,0.6327,True,19.9,0.0,1.0,0.0,2.0,finished,LOST
sr:match:73296436,Eastern SC,Kowloon City,Eastern SC vs Kowloon City,Premier League,2026-09-05 11:30,target__over_4_5_goals,Over 4.5 Goals,36.1,27.0,9.1,3.7,0.6327,True,19.9,2.0,0.0,4.0,0.0,finished,LOST
sr:match:68311794,Hassleholms IF,Kristianstad FC,Hassleholms IF vs Kristianstad FC,Ettan,2026-09-05 12:00,target__over_4_5_goals,Over 4.5 Goals,32.3,22.7,9.5,4.4,0.6327,True,19.9,0.0,1.0,2.0,1.0,finished,LOST
sr:match:67916088,IL Sandviken,FK Eik Toensberg 871,IL Sandviken vs FK Eik Toensberg 871,2nd Division Group 1,2026-09-05 12:00,target__over_4_5_goals,Over 4.5 Goals,39.3,30.0,9.3,3.33,0.6327,True,19.9,0.0,0.0,2.0,0.0,finished,LOST
sr:match:73345986,Chelsea FC W,Aston Villa WFC,Chelsea FC W vs Aston Villa WFC,Super League Women,2026-09-05 12:30,target__over_4_5_goals,Over 4.5 Goals,36.1,30.3,5.8,3.3,0.6327,True,19.9,1.0,0.0,1.0,1.0,finished,LOST
sr:match:72044316,FC Fredericia,Esbjerg FB,FC Fredericia vs Esbjerg FB,1. Division,2026-09-05 13:00,target__over_4_5_goals,Over 4.5 Goals,39.3,32.3,7.1,3.1,0.6327,True,19.9,0.0,0.0,1.0,0.0,finished,LOST
sr:match:72680100,SV Meppen 1912,1. FC Saarbrucken,SV Meppen 1912 vs 1. FC Saarbrucken,3. Liga,2026-09-05 13:00,target__over_4_5_goals,Over 4.5 Goals,31.1,22.7,8.3,4.4,0.6327,True,19.9,1.0,3.0,1.0,6.0,finished,WON
sr:match:72607960,1. FC Slovacko Uherske Hradiste,FK Pardubice,1. FC Slovacko Uherske Hradiste vs FK Pardubice,1. Liga,2026-09-05 14:00,target__over_4_5_goals,Over 4.5 Goals,22.4,15.2,7.2,6.6,0.6327,True,19.9,0.0,0.0,0.0,0.0,finished,LOST
sr:match:67916092,Mjoendalen IF,FK Jerv,Mjoendalen IF vs FK Jerv,2nd Division Group 1,2026-09-05 14:00,target__over_4_5_goals,Over 4.5 Goals,31.1,27.0,4.0,3.7,0.6327,True,19.9,0.0,2.0,0.0,3.0,finished,LOST
sr:match:69343094,Zhetysu Taldykorgan,FC Irtysh Pavlodar,Zhetysu Taldykorgan vs FC Irtysh Pavlodar,Premier League,2026-09-05 14:00,target__over_4_5_goals,Over 4.5 Goals,31.1,18.2,12.9,5.5,0.6327,True,19.9,0.0,0.0,1.0,0.0,finished,LOST
sr:match:72520890,FC Schaffhausen,Juventus Zurich,FC Schaffhausen vs Juventus Zurich,Promotion League,2026-09-05 14:30,target__over_4_5_goals,Over 4.5 Goals,31.1,27.0,4.0,3.7,0.6327,True,19.9,,,,,finished,UNSETTLED
sr:match:72546588,Llanuwchllyn,Holyhead Hotspur,Llanuwchllyn vs Holyhead Hotspur,"Cymru Championship, North",2026-09-05 14:30,target__over_4_5_goals,Over 4.5 Goals,31.1,26.3,4.7,3.8,0.6327,True,19.9,3.0,0.0,4.0,0.0,finished,LOST
sr:match:72341124,Burton Albion,Cambridge United,Burton Albion vs Cambridge United,League One,2026-09-05 15:00,target__over_4_5_goals,Over 4.5 Goals,22.4,14.3,8.1,7.0,0.6327,True,19.9,1.0,1.0,2.0,2.0,finished,LOST
sr:match:67018160,Aasane Fotball,Hoedd IL,Aasane Fotball vs Hoedd IL,1st Division,2026-09-05 15:00,target__over_4_5_goals,Over 4.5 Goals,31.1,25.6,5.4,3.9,0.6327,True,19.9,1.0,0.0,2.0,2.0,finished,LOST
sr:match:67018154,Sandnes Ulf,Ranheim,Sandnes Ulf vs Ranheim,1st Division,2026-09-05 15:00,target__over_4_5_goals,Over 4.5 Goals,45.5,37.0,8.4,2.7,0.6327,True,19.9,1.0,0.0,1.0,1.0,finished,LOST
sr:match:72341926,Crewe Alexandra,York City FC,Crewe Alexandra vs York City FC,League Two,2026-09-05 15:00,target__over_4_5_goals,Over 4.5 Goals,22.4,17.4,5.0,5.75,0.6327,True,19.9,1.0,1.0,1.0,1.0,finished,LOST
sr:match:72520884,FC Bavois,FC Bulle,FC Bavois vs FC Bulle,Promotion League,2026-09-05 15:00,target__over_4_5_goals,Over 4.5 Goals,39.3,33.9,5.4,2.95,0.6327,True,19.9,,,,,finished,UNSETTLED
sr:match:72759232,Hebburn Town,Chester FC,Hebburn Town vs Chester FC,National League North,2026-09-05 15:00,target__over_4_5_goals,Over 4.5 Goals,22.4,17.4,5.0,5.75,0.6327,True,19.9,0.0,1.0,1.0,1.0,finished,LOST
sr:match:72759238,Marine FC,Worksop Town,Marine FC vs Worksop Town,National League North,2026-09-05 15:00,target__over_4_5_goals,Over 4.5 Goals,22.4,18.5,3.9,5.4,0.6327,True,19.9,0.0,0.0,0.0,1.0,finished,LOST
sr:match:72758086,Horsham FC,Dagenham and Redbridge FC,Horsham FC vs Dagenham and Redbridge FC,National League South,2026-09-05 15:00,target__over_4_5_goals,Over 4.5 Goals,22.4,16.9,5.4,5.9,0.6327,True,19.9,1.0,1.0,1.0,1.0,finished,LOST
sr:match:72758088,Maidstone United FC,Weston-super-Mare,Maidstone United FC vs Weston-super-Mare,National League South,2026-09-05 15:00,target__over_4_5_goals,Over 4.5 Goals,22.4,16.4,6.0,6.1,0.6327,True,19.9,0.0,0.0,1.0,0.0,finished,LOST
sr:match:72517216,JKS 1909 Jaroslaw,Korona II Kielce SA,JKS 1909 Jaroslaw vs Korona II Kielce SA,"III Liga, Group 4",2026-09-05 15:00,target__over_4_5_goals,Over 4.5 Goals,39.3,33.3,6.0,3.0,0.6327,True,19.9,3.0,1.0,6.0,2.0,finished,WON
sr:match:69343090,FC Kyzylzhar SK,FK Atyrau,FC Kyzylzhar SK vs FK Atyrau,Premier League,2026-09-05 15:00,target__over_4_5_goals,Over 4.5 Goals,22.4,14.8,7.6,6.75,0.6327,True,19.9,0.0,0.0,0.0,1.0,finished,LOST
sr:match:73287418,Austria Salzburg,First Vienna FC 1894,Austria Salzburg vs First Vienna FC 1894,OFB Cup,2026-09-05 15:30,target__over_4_5_goals,Over 4.5 Goals,36.1,26.7,9.4,3.75,0.6327,True,19.9,0.0,1.0,0.0,4.0,finished,LOST
sr:match:72680090,Rot-Weiss Essen,FC Viktoria Cologne,Rot-Weiss Essen vs FC Viktoria Cologne,3. Liga,2026-09-05 15:30,target__over_4_5_goals,Over 4.5 Goals,31.1,27.0,4.0,3.7,0.6327,True,19.9,1.0,0.0,1.0,0.0,finished,LOST
sr:match:67126324,Helsingborgs IF,Sandvikens IF,Helsingborgs IF vs Sandvikens IF,Superettan,2026-09-05 16:00,target__over_4_5_goals,Over 4.5 Goals,31.1,25.0,6.1,4.0,0.6327,True,19.9,0.0,1.0,0.0,2.0,finished,LOST
sr:match:68311802,Utsiktens BK,Lunds BK,Utsiktens BK vs Lunds BK,Ettan,2026-09-05 16:00,target__over_4_5_goals,Over 4.5 Goals,31.1,27.8,3.3,3.6,0.6327,True,19.9,1.0,0.0,1.0,1.0,finished,LOST
sr:match:72304266,FK Otrant-Olympic Ulcinj,FK Buducnost,FK Otrant-Olympic Ulcinj vs FK Buducnost,1. CFL,2026-09-05 16:00,target__over_4_5_goals,Over 4.5 Goals,22.4,12.5,9.9,8.0,0.6327,True,19.9,1.0,0.0,2.0,0.0,finished,LOST
sr:match:72281300,ND Beltinci,NK Krsko Posavje,ND Beltinci vs NK Krsko Posavje,2. Liga,2026-09-05 16:00,target__over_4_5_goals,Over 4.5 Goals,32.3,27.8,4.5,3.6,0.6327,True,19.9,1.0,1.0,3.0,2.0,finished,WON
sr:match:72043128,Korona Kielce,Wisla Krakow,Korona Kielce vs Wisla Krakow,Ekstraklasa,2026-09-05 16:30,target__over_4_5_goals,Over 4.5 Goals,31.1,20.4,10.6,4.9,0.6327,True,19.9,1.0,0.0,1.0,1.0,finished,LOST
sr:match:72302604,MTK Budapest,Kisvarda FC,MTK Budapest vs Kisvarda FC,NB I,2026-09-05 16:30,target__over_4_5_goals,Over 4.5 Goals,31.1,23.3,7.8,4.3,0.6327,True,19.9,0.0,0.0,1.0,2.0,finished,LOST
sr:match:73588760,Moravia,Dimas Escazu,Moravia vs Dimas Escazu,"Primera Division, Women",2026-09-05 17:00,target__over_4_5_goals,Over 4.5 Goals,31.1,26.7,4.4,3.75,0.6327,True,19.9,1.0,1.0,2.0,1.0,finished,LOST
sr:match:72738146,Boreham Wood FC,Carlisle United,Boreham Wood FC vs Carlisle United,National League,2026-09-05 17:30,target__over_4_5_goals,Over 4.5 Goals,31.1,25.6,5.4,3.9,0.6327,True,19.9,0.0,0.0,2.0,1.0,finished,LOST
sr:match:72814210,Vllaznia Shkoder,Partizani Tirana,Vllaznia Shkoder vs Partizani Tirana,Kategoria Superiore,2026-09-05 17:30,target__over_4_5_goals,Over 4.5 Goals,31.1,13.7,17.4,7.3,0.6327,True,19.9,1.0,2.0,2.0,3.0,finished,WON
sr:match:72225114,Maccabi Haifa FC,Hapoel Petah Tikva FC,Maccabi Haifa FC vs Hapoel Petah Tikva FC,Premier League,2026-09-05 18:30,target__over_4_5_goals,Over 4.5 Goals,31.1,24.4,6.7,4.1,0.6327,True,19.9,0.0,0.0,2.0,1.0,finished,LOST
sr:match:74291718,Hapoel Umm AL Fahm,Hapoel Nof Hagalil FC,Hapoel Umm AL Fahm vs Hapoel Nof Hagalil FC,Liga Alef,2026-09-05 18:30,target__over_4_5_goals,Over 4.5 Goals,22.4,17.9,4.5,5.6,0.6327,True,19.9,1.0,1.0,2.0,2.0,finished,LOST
sr:match:111111114287767,Maccabi Neve Shaanan Eldad,Baqa Al-Gharbiyye,Maccabi Neve Shaanan Eldad vs Baqa Al-Gharbiyye,Liga Alef,2026-09-05 19:15,target__over_4_5_goals,Over 4.5 Goals,22.4,18.2,4.2,5.5,0.6327,True,19.9,0.0,0.0,0.0,0.0,finished,LOST
sr:match:72478544,Villarreal,RC Deportivo De La Coruna,Villarreal vs RC Deportivo De La Coruna,LaLiga,2026-09-05 20:00,target__over_4_5_goals,Over 4.5 Goals,31.1,19.0,12.0,5.25,0.6327,True,19.9,1.0,1.0,2.0,3.0,finished,WON
sr:match:68098090,CD Santa Cruz,Union Espanola,CD Santa Cruz vs Union Espanola,Primera B,2026-09-05 20:00,target__over_4_5_goals,Over 4.5 Goals,22.4,18.2,4.2,5.5,0.6327,True,19.9,0.0,1.0,1.0,1.0,finished,LOST
sr:match:73487136,Club Aurora,GV Club Deportivo San Jose de Oruro,Club Aurora vs GV Club Deportivo San Jose de Oruro,Division Profesional,2026-09-05 22:15,target__over_4_5_goals,Over 4.5 Goals,31.1,27.8,3.3,3.6,0.6327,True,19.9,3.0,0.0,,,other,UNSETTLED
sr:match:68098100,San Luis de Quillota,CD Cobreloa Calama,San Luis de Quillota vs CD Cobreloa Calama,Primera B,2026-09-05 22:30,target__over_4_5_goals,Over 4.5 Goals,22.4,18.5,3.9,5.4,0.6327,True,19.9,1.0,0.0,,,other,UNSETTLED
sr:match:74269664,San Marcos FC,Art Municipal Jalapa,San Marcos FC vs Art Municipal Jalapa,Primera Division,2026-09-06 00:00,target__over_4_5_goals,Over 4.5 Goals,31.1,17.5,13.5,5.7,0.6327,True,19.9,1.0,1.0,3.0,1.0,finished,LOST
sr:match:73487138,Oriente Petrolero,Always Ready,Oriente Petrolero vs Always Ready,Division Profesional,2026-09-06 00:30,target__over_4_5_goals,Over 4.5 Goals,31.1,26.7,4.4,3.75,0.6327,True,19.9,0.0,1.0,1.0,2.0,finished,LOST
sr:match:68157104,Minnesota United FC 2,Colorado Rapids 2,Minnesota United FC 2 vs Colorado Rapids 2,MLS Next Pro,2026-09-06 01:00,target__over_4_5_goals,Over 4.5 Goals,32.3,27.8,4.5,3.6,0.6327,True,19.9,0.0,0.0,2.0,0.0,finished,LOST
sr:match:67018146,FK Haugesund,Sogndal Fotball,FK Haugesund vs Sogndal Fotball,1st Division,2026-09-05 15:00,target__over_6_5_corners,Corners Over 6.5,83.8,17.9,66.0,5.6,0.5615,True,80.5,1.0,0.0,2.0,0.0,finished,UNKNOWN_TARGET
sr:match:67018148,Kongsvinger IL Toppfotball,Raufoss IL,Kongsvinger IL Toppfotball vs Raufoss IL,1st Division,2026-09-05 15:00,target__over_6_5_corners,Corners Over 6.5,83.8,17.9,66.0,5.6,0.5615,True,80.5,3.0,0.0,9.0,1.0,finished,UNKNOWN_TARGET
sr:match:72176924,Young Boys Bern,FC Luzern,Young Boys Bern vs FC Luzern,Super League,2026-09-05 17:00,target__over_6_5_corners,Corners Over 6.5,83.8,14.9,68.9,6.7,0.5615,True,80.5,1.0,0.0,3.0,3.0,finished,UNKNOWN_TARGET
sr:match:72513180,Schalke,Bayern Munich,Schalke vs Bayern Munich,Bundesliga,2026-09-05 17:30,target__over_6_5_corners,Corners Over 6.5,76.4,15.2,61.3,6.6,0.5615,True,80.5,0.0,0.0,0.0,0.0,finished,UNKNOWN_TARGET
sr:match:72041110,Ajax,PSV Eindhoven,Ajax vs PSV Eindhoven,Eredivisie,2026-09-05 19:00,target__over_6_5_corners,Corners Over 6.5,78.9,12.3,66.6,8.1,0.5615,True,80.5,1.0,2.0,1.0,3.0,finished,UNKNOWN_TARGET
sr:match:67018156,Stabaek IF,Moss FK,Stabaek IF vs Moss FK,1st Division,2026-09-05 19:00,target__over_6_5_corners,Corners Over 6.5,76.4,16.4,60.0,6.1,0.5615,True,80.5,2.0,2.0,2.0,3.0,finished,UNKNOWN_TARGET
sr:match:66299468,Inter Miami CF,Atlanta United FC,Inter Miami CF vs Atlanta United FC,MLS,2026-09-06 00:30,target__over_6_5_corners,Corners Over 6.5,83.8,14.5,69.3,6.9,0.5615,True,80.5,2.0,1.0,2.0,2.0,finished,UNKNOWN_TARGET
